[{"id":"6283136394680@s.whatsapp.net","hape":74},{"id":"6283854560561@s.whatsapp.net","hape":0},{"id":"6283873336104@s.whatsapp.net","hape":0},{"id":"6285270424604@s.whatsapp.net","hape":0},{"id":"6283844676163@s.whatsapp.net","hape":0},{"id":"6285600566012@s.whatsapp.net","hape":0},{"id":"6281999275581@s.whatsapp.net","hape":0},{"id":"62895619792393@s.whatsapp.net","hape":0},{"id":"6288262095057@s.whatsapp.net","hape":0},{"id":"6289503417432@s.whatsapp.net","hape":0},{"id":"6281337906876@s.whatsapp.net","hape":0},{"id":"6285703123413@s.whatsapp.net","hape":0},{"id":"6283862522374@s.whatsapp.net","hape":0},{"id":"6285210273504@s.whatsapp.net","hape":0},{"id":"6281330969719@s.whatsapp.net","hape":0},{"id":"6282369345234@s.whatsapp.net","hape":0},{"id":"6288223674569@s.whatsapp.net","hape":0},{"id":"6288229696026@s.whatsapp.net","hape":0},{"id":"6283112180518@s.whatsapp.net","hape":0},{"id":"6283846073290@s.whatsapp.net","hape":0},{"id":"6283808174460@s.whatsapp.net","hape":0},{"id":"6285773557984@s.whatsapp.net","hape":0},{"id":"6287811299733@s.whatsapp.net","hape":0},{"id":"628981614707@s.whatsapp.net","hape":0},{"id":"6283852199353@s.whatsapp.net","hape":0},{"id":"6285783620796@s.whatsapp.net","hape":0},{"id":"6281275471857@s.whatsapp.net","hape":0},{"id":"6283131595425@s.whatsapp.net","hape":0},{"id":"6285624368194@s.whatsapp.net","hape":0},{"id":"6288260375125@s.whatsapp.net","hape":0},{"id":"6285785570116@s.whatsapp.net","hape":0},{"id":"6282359522022@s.whatsapp.net","hape":0},{"id":"6287864798977@s.whatsapp.net","hape":0},{"id":"6287846143094@s.whatsapp.net","hape":0},{"id":"6288227927327@s.whatsapp.net","hape":0},{"id":"6288807481964@s.whatsapp.net","hape":0},{"id":"6289508650401@s.whatsapp.net","hape":0},{"id":"6283162155259@s.whatsapp.net","hape":0},{"id":"6283809482888@s.whatsapp.net","hape":0},{"id":"6282117761708@s.whatsapp.net","hape":0},{"id":"6285837121400@s.whatsapp.net","hape":0},{"id":"886971742068@s.whatsapp.net","hape":0},{"id":"6289687402802@s.whatsapp.net","hape":0},{"id":"6282185380542@s.whatsapp.net","hape":0},{"id":"62857659806126@s.whatsapp.net","hape":0},{"id":"6287899740154@s.whatsapp.net","hape":0},{"id":"62858632228390@s.whatsapp.net","hape":0},{"id":"6285840110970@s.whatsapp.net","hape":0},{"id":"6287832874091@s.whatsapp.net","hape":0},{"id":"6285947398526@s.whatsapp.net","hape":0},{"id":"6283896856683@s.whatsapp.net","hape":0},{"id":"6281586945962@s.whatsapp.net","hape":0},{"id":"6289529271886@s.whatsapp.net","hape":0},{"id":"6288805011650@s.whatsapp.net","hape":0},{"id":"6289612140397@s.whatsapp.net","hape":0},{"id":"6285643348009@s.whatsapp.net","hape":0},{"id":"6288286530854@s.whatsapp.net","hape":0},{"id":"6281615646484@s.whatsapp.net","hape":0},{"id":"62882016523028@s.whatsapp.net","hape":0},{"id":"6289518903418@s.whatsapp.net","hape":0},{"id":"6282211682913@s.whatsapp.net","hape":0},{"id":"6289612014275@s.whatsapp.net","hape":0},{"id":"6285762120386@s.whatsapp.net","hape":0},{"id":"62857757463550@s.whatsapp.net","hape":0},{"id":"6285733125429@s.whatsapp.net","hape":0},{"id":"6281939635714@s.whatsapp.net","hape":0},{"id":"6281998040602@s.whatsapp.net","hape":0},{"id":"6283839130843@s.whatsapp.net","hape":0},{"id":"6283128438048@s.whatsapp.net","hape":0},{"id":"6288980340606@s.whatsapp.net","hape":0},{"id":"6281340590757@s.whatsapp.net","hape":0},{"id":"6281388913972@s.whatsapp.net","hape":0},{"id":"62895406171360@s.whatsapp.net","hape":0},{"id":"6282220413011@s.whatsapp.net","hape":0},{"id":"6283851944436@s.whatsapp.net","hape":0},{"id":"6281364857913@s.whatsapp.net","hape":0},{"id":"6285882284391@s.whatsapp.net","hape":0},{"id":"6289652138250@s.whatsapp.net","hape":0},{"id":"6285603272597@s.whatsapp.net","hape":0},{"id":"62882005893981@s.whatsapp.net","hape":0},{"id":"6283827855037@s.whatsapp.net","hape":0},{"id":"6281977211166@s.whatsapp.net","hape":0},{"id":"6285640539792@s.whatsapp.net","hape":0},{"id":"6285691601643@s.whatsapp.net","hape":0},{"id":"6285942214113@s.whatsapp.net","hape":0},{"id":"62856243681941@s.whatsapp.net","hape":0},{"id":"6282164922131@s.whatsapp.net","hape":0},{"id":"6285717466505@s.whatsapp.net","hape":0},{"id":"6283825151784@s.whatsapp.net","hape":0},{"id":"6288224115545@s.whatsapp.net","hape":0},{"id":"62882006951358@s.whatsapp.net","hape":0},{"id":"6283166447695@s.whatsapp.net","hape":0},{"id":"6281291606656@s.whatsapp.net","hape":0},{"id":"6283800715730@s.whatsapp.net","hape":0},{"id":"6287788386055@s.whatsapp.net","hape":0},{"id":"6285695710527@s.whatsapp.net","hape":0},{"id":"6281252541553@s.whatsapp.net","hape":0},{"id":"6282265000924@s.whatsapp.net","hape":0},{"id":"6281278537415@s.whatsapp.net","hape":0},{"id":"6285794265013@s.whatsapp.net","hape":0},{"id":"628812150342@s.whatsapp.net","hape":0},{"id":"628886855063@s.whatsapp.net","hape":0},{"id":"6283183076722@s.whatsapp.net","hape":0},{"id":"6289664882727@s.whatsapp.net","hape":0},{"id":"6288242868330@s.whatsapp.net","hape":0},{"id":"6281249806127@s.whatsapp.net","hape":0},{"id":"6285520900628@s.whatsapp.net","hape":0},{"id":"628176623380@s.whatsapp.net","hape":0},{"id":"6288211319792@s.whatsapp.net","hape":0},{"id":"6283171516364@s.whatsapp.net","hape":0},{"id":"62858371214001@s.whatsapp.net","hape":0},{"id":"62856407087309@s.whatsapp.net","hape":0},{"id":"62882008947349@s.whatsapp.net","hape":0},{"id":"6283854435916@s.whatsapp.net","hape":0},{"id":"6281563932158@s.whatsapp.net","hape":0},{"id":"6285697610178@s.whatsapp.net","hape":0},{"id":"6283185826955@s.whatsapp.net","hape":0},{"id":"6287848305649@s.whatsapp.net","hape":0},{"id":"6285788106819@s.whatsapp.net","hape":0},{"id":"62856437929241@s.whatsapp.net","hape":0},{"id":"6282351599698@s.whatsapp.net","hape":0},{"id":"6285932652140@s.whatsapp.net","hape":0},{"id":"6285640080917@s.whatsapp.net","hape":0},{"id":"6285738665617@s.whatsapp.net","hape":0},{"id":"6285757845929@s.whatsapp.net","hape":0},{"id":"628988522767@s.whatsapp.net","hape":0},{"id":"62882008087507@s.whatsapp.net","hape":0},{"id":"6289626743050@s.whatsapp.net","hape":0},{"id":"62881026964146@s.whatsapp.net","hape":0},{"id":"6281916706628@s.whatsapp.net","hape":0},{"id":"62895410184947@s.whatsapp.net","hape":0},{"id":"6283122067160@s.whatsapp.net","hape":0},{"id":"6285947297252@s.whatsapp.net","hape":0},{"id":"6289526638744@s.whatsapp.net","hape":0},{"id":"62857049231306@s.whatsapp.net","hape":0},{"id":"6285935131079@s.whatsapp.net","hape":0},{"id":"6281575673036@s.whatsapp.net","hape":0},{"id":"6285878560028@s.whatsapp.net","hape":0},{"id":"6281288224968@s.whatsapp.net","hape":0},{"id":"6285218079620@s.whatsapp.net","hape":0},{"id":"6283186345733@s.whatsapp.net","hape":0},{"id":"6285692918945@s.whatsapp.net","hape":0},{"id":"6283862018054@s.whatsapp.net","hape":0},{"id":"6287755671266@s.whatsapp.net","hape":0},{"id":"6285649126426@s.whatsapp.net","hape":0},{"id":"628986406010@s.whatsapp.net","hape":0},{"id":"6282126539385@s.whatsapp.net","hape":0},{"id":"6288806747321@s.whatsapp.net","hape":0},{"id":"6282182209189@s.whatsapp.net","hape":0},{"id":"6283899829811@s.whatsapp.net","hape":0},{"id":"6289529681606@s.whatsapp.net","hape":0},{"id":"6288242909841@s.whatsapp.net","hape":0},{"id":"6281564746534@s.whatsapp.net","hape":0},{"id":"6281285806221@s.whatsapp.net","hape":0},{"id":"6281248813319@s.whatsapp.net","hape":0},{"id":"6288225065870@s.whatsapp.net","hape":0},{"id":"6287810174357@s.whatsapp.net","hape":0},{"id":"6283142999129@s.whatsapp.net","hape":0},{"id":"6281952685307@s.whatsapp.net","hape":0},{"id":"6285801081831@s.whatsapp.net","hape":0},{"id":"6281288248740@s.whatsapp.net","hape":0},{"id":"6282134381400@s.whatsapp.net","hape":0},{"id":"628883269091@s.whatsapp.net","hape":0},{"id":"6289634577007@s.whatsapp.net","hape":0},{"id":"6285890793982@s.whatsapp.net","hape":0},{"id":"6285795060434@s.whatsapp.net","hape":0},{"id":"6285941394283@s.whatsapp.net","hape":0},{"id":"6281298112538@s.whatsapp.net","hape":0},{"id":"6288226552553@s.whatsapp.net","hape":0},{"id":"6285655737432@s.whatsapp.net","hape":0},{"id":"62881024696520@s.whatsapp.net","hape":0},{"id":"6281513078876@s.whatsapp.net","hape":0},{"id":"6283145665758@s.whatsapp.net","hape":0},{"id":"6287766134440@s.whatsapp.net","hape":0},{"id":"6283832284084@s.whatsapp.net","hape":0},{"id":"6282196595846@s.whatsapp.net","hape":0},{"id":"6283833658358@s.whatsapp.net","hape":0},{"id":"6285889296685@s.whatsapp.net","hape":0},{"id":"6285706177479@s.whatsapp.net","hape":0},{"id":"6281254655829@s.whatsapp.net","hape":0},{"id":"6283198516728@s.whatsapp.net","hape":0},{"id":"6285892775571@s.whatsapp.net","hape":0},{"id":"6285881393119@s.whatsapp.net","hape":0},{"id":"6289507344622@s.whatsapp.net","hape":0},{"id":"6285748088597@s.whatsapp.net","hape":0},{"id":"6283838519074@s.whatsapp.net","hape":0},{"id":"6285264472998@s.whatsapp.net","hape":0},{"id":"62857933670831@s.whatsapp.net","hape":0},{"id":"62857043502389@s.whatsapp.net","hape":0},{"id":"6282132095929@s.whatsapp.net","hape":0},{"id":"6282215081977@s.whatsapp.net","hape":0},{"id":"923453108696@s.whatsapp.net","hape":0},{"id":"6282183205090@s.whatsapp.net","hape":0},{"id":"62858578186447@s.whatsapp.net","hape":0},{"id":"62895703098855@s.whatsapp.net","hape":0},{"id":"6281222650116@s.whatsapp.net","hape":0},{"id":"6285947106548@s.whatsapp.net","hape":0},{"id":"6285704065490@s.whatsapp.net","hape":0},{"id":"6289519246217@s.whatsapp.net","hape":0},{"id":"6287746053385@s.whatsapp.net","hape":0},{"id":"6288902139974@s.whatsapp.net","hape":0},{"id":"6285156174631@s.whatsapp.net","hape":0},{"id":"6285785215280@s.whatsapp.net","hape":0},{"id":"62881027765240@s.whatsapp.net","hape":0},{"id":"6282286577533@s.whatsapp.net","hape":0},{"id":"6283806080829@s.whatsapp.net","hape":0},{"id":"6285607438882@s.whatsapp.net","hape":0},{"id":"6283151509476@s.whatsapp.net","hape":0},{"id":"6283159402654@s.whatsapp.net","hape":0},{"id":"6282142436232@s.whatsapp.net","hape":0},{"id":"6285656456372@s.whatsapp.net","hape":0},{"id":"6288269411420@s.whatsapp.net","hape":0},{"id":"6282169576394@s.whatsapp.net","hape":0},{"id":"6281313268262@s.whatsapp.net","hape":0},{"id":"6283147777841@s.whatsapp.net","hape":0},{"id":"6287880786028@s.whatsapp.net","hape":0},{"id":"6288973496695@s.whatsapp.net","hape":0},{"id":"6282210624102@s.whatsapp.net","hape":0},{"id":"6282193171839@s.whatsapp.net","hape":0},{"id":"966543665972@s.whatsapp.net","hape":0},{"id":"6285855718755@s.whatsapp.net","hape":0},{"id":"6285755382052@s.whatsapp.net","hape":0},{"id":"6282183987147@s.whatsapp.net","hape":0},{"id":"6285716360718@s.whatsapp.net","hape":0},{"id":"62895414192164@s.whatsapp.net","hape":0},{"id":"62895405228493@s.whatsapp.net","hape":0},{"id":"6283131595037@s.whatsapp.net","hape":0},{"id":"6281542053497@s.whatsapp.net","hape":0},{"id":"6282117252455@s.whatsapp.net","hape":0},{"id":"6285863970882@s.whatsapp.net","hape":0},{"id":"6287861877416@s.whatsapp.net","hape":0},{"id":"6285650883382@s.whatsapp.net","hape":0},{"id":"6285817300380@s.whatsapp.net","hape":0},{"id":"6283898168841@s.whatsapp.net","hape":0},{"id":"6289529825872@s.whatsapp.net","hape":0},{"id":"628983810123@s.whatsapp.net","hape":0},{"id":"6285768130500@s.whatsapp.net","hape":0},{"id":"62895800380353@s.whatsapp.net","hape":0},{"id":"6281528719263@s.whatsapp.net","hape":0},{"id":"6281993978222@s.whatsapp.net","hape":0},{"id":"6285766581693@s.whatsapp.net","hape":0},{"id":"6285602338136@s.whatsapp.net","hape":0},{"id":"6285819038091@s.whatsapp.net","hape":0},{"id":"6285792122487@s.whatsapp.net","hape":0},{"id":"6283136917722@s.whatsapp.net","hape":0},{"id":"6283146862097@s.whatsapp.net","hape":0},{"id":"6285712440270@s.whatsapp.net","hape":0},{"id":"6285704766001@s.whatsapp.net","hape":0},{"id":"6283113011092@s.whatsapp.net","hape":0},{"id":"6281279389489@s.whatsapp.net","hape":0},{"id":"6282336320283@s.whatsapp.net","hape":0},{"id":"6281225278753@s.whatsapp.net","hape":0},{"id":"6282196503776@s.whatsapp.net","hape":0},{"id":"6283833213025@s.whatsapp.net","hape":0},{"id":"62858923039247@s.whatsapp.net","hape":0},{"id":"6282174594924@s.whatsapp.net","hape":0},{"id":"6281370424466@s.whatsapp.net","hape":0},{"id":"6283852271771@s.whatsapp.net","hape":0},{"id":"6288297629884@s.whatsapp.net","hape":0},{"id":"6281255587346@s.whatsapp.net","hape":0},{"id":"62856691029288@s.whatsapp.net","hape":0},{"id":"6283824365807@s.whatsapp.net","hape":0},{"id":"6283892671031@s.whatsapp.net","hape":0},{"id":"6287836012444@s.whatsapp.net","hape":0},{"id":"62857753989157@s.whatsapp.net","hape":0},{"id":"6285722575030@s.whatsapp.net","hape":0},{"id":"6288983810558@s.whatsapp.net","hape":0},{"id":"62895332187235@s.whatsapp.net","hape":0},{"id":"6283195602461@s.whatsapp.net","hape":0},{"id":"6288225274283@s.whatsapp.net","hape":0},{"id":"62895397674080@s.whatsapp.net","hape":0},{"id":"6281367581518@s.whatsapp.net","hape":0},{"id":"6287856997519@s.whatsapp.net","hape":0},{"id":"62895326435311@s.whatsapp.net","hape":0},{"id":"62895412823136@s.whatsapp.net","hape":0},{"id":"6282114641554@s.whatsapp.net","hape":0},{"id":"6288286040240@s.whatsapp.net","hape":0},{"id":"6287866805705@s.whatsapp.net","hape":0},{"id":"6283822837431@s.whatsapp.net","hape":0},{"id":"62895320832042@s.whatsapp.net","hape":0},{"id":"6289671203092@s.whatsapp.net","hape":0},{"id":"6285382677842@s.whatsapp.net","hape":0},{"id":"6285843427130@s.whatsapp.net","hape":0},{"id":"6289506782931@s.whatsapp.net","hape":0},{"id":"6285793841817@s.whatsapp.net","hape":0},{"id":"6287761332009@s.whatsapp.net","hape":0},{"id":"62856243680517@s.whatsapp.net","hape":0},{"id":"6289528825053@s.whatsapp.net","hape":0},{"id":"6287866180414@s.whatsapp.net","hape":0},{"id":"6285251167006@s.whatsapp.net","hape":0},{"id":"6283189420592@s.whatsapp.net","hape":0},{"id":"628388567144@s.whatsapp.net","hape":0},{"id":"6288229858344@s.whatsapp.net","hape":0},{"id":"62813708361280@s.whatsapp.net","hape":0},{"id":"62882005456823@s.whatsapp.net","hape":0},{"id":"6283162297551@s.whatsapp.net","hape":0},{"id":"6288294009481@s.whatsapp.net","hape":0},{"id":"62856063067390@s.whatsapp.net","hape":0},{"id":"628891754343@s.whatsapp.net","hape":0},{"id":"6288742686858@s.whatsapp.net","hape":0},{"id":"6287863262874@s.whatsapp.net","hape":0},{"id":"6285934214254@s.whatsapp.net","hape":0},{"id":"62858172609725@s.whatsapp.net","hape":0},{"id":"6285751821109@s.whatsapp.net","hape":0},{"id":"6281233568600@s.whatsapp.net","hape":0},{"id":"6283867633240@s.whatsapp.net","hape":0},{"id":"6285939945805@s.whatsapp.net","hape":0},{"id":"62895321395916@s.whatsapp.net","hape":0},{"id":"628893641359@s.whatsapp.net","hape":0},{"id":"6281396941926@s.whatsapp.net","hape":0},{"id":"6281374872588@s.whatsapp.net","hape":0},{"id":"6285782198657@s.whatsapp.net","hape":0},{"id":"6282187308813@s.whatsapp.net","hape":0},{"id":"6287880911261@s.whatsapp.net","hape":0},{"id":"6285280803831@s.whatsapp.net","hape":0},{"id":"6281563720552@s.whatsapp.net","hape":0},{"id":"6285951548631@s.whatsapp.net","hape":0},{"id":"6281267488935@s.whatsapp.net","hape":0},{"id":"6287852405207@s.whatsapp.net","hape":0},{"id":"6289668831762@s.whatsapp.net","hape":0},{"id":"6288286787124@s.whatsapp.net","hape":0},{"id":"6285956748135@s.whatsapp.net","hape":0},{"id":"6282296620681@s.whatsapp.net","hape":0},{"id":"6289687942188@s.whatsapp.net","hape":0},{"id":"6281548346299@s.whatsapp.net","hape":0},{"id":"6282123141775@s.whatsapp.net","hape":0},{"id":"6281542106389@s.whatsapp.net","hape":0},{"id":"628988670209@s.whatsapp.net","hape":0},{"id":"6283142322710@s.whatsapp.net","hape":0},{"id":"6285643140992@s.whatsapp.net","hape":0},{"id":"6283819889790@s.whatsapp.net","hape":0},{"id":"62895414760268@s.whatsapp.net","hape":0},{"id":"6287745676497@s.whatsapp.net","hape":0},{"id":"6285161116378@s.whatsapp.net","hape":0},{"id":"6289519499777@s.whatsapp.net","hape":0},{"id":"6288272457320@s.whatsapp.net","hape":0},{"id":"6283119593146@s.whatsapp.net","hape":0},{"id":"6287811978627@s.whatsapp.net","hape":0},{"id":"628895346104@s.whatsapp.net","hape":0},{"id":"6287784992964@s.whatsapp.net","hape":0},{"id":"6289652460402@s.whatsapp.net","hape":0},{"id":"6283849175963@s.whatsapp.net","hape":0},{"id":"6283125916452@s.whatsapp.net","hape":0},{"id":"6285962596994@s.whatsapp.net","hape":0},{"id":"628999746847@s.whatsapp.net","hape":0},{"id":"6287870953017@s.whatsapp.net","hape":0},{"id":"6283892248505@s.whatsapp.net","hape":0},{"id":"6281328441182@s.whatsapp.net","hape":0},{"id":"6281911265088@s.whatsapp.net","hape":0},{"id":"628811699737@s.whatsapp.net","hape":0},{"id":"6285758913795@s.whatsapp.net","hape":0},{"id":"6281916019579@s.whatsapp.net","hape":0},{"id":"6282396146563@s.whatsapp.net","hape":0},{"id":"6283152629602@s.whatsapp.net","hape":0},{"id":"6285649260244@s.whatsapp.net","hape":0},{"id":"6287840588016@s.whatsapp.net","hape":0},{"id":"62856042130061@s.whatsapp.net","hape":0},{"id":"601116065636@s.whatsapp.net","hape":0},{"id":"6285792049104@s.whatsapp.net","hape":0},{"id":"6289524427611@s.whatsapp.net","hape":0},{"id":"6285934868796@s.whatsapp.net","hape":0},{"id":"6283838756171@s.whatsapp.net","hape":0},{"id":"6285696384067@s.whatsapp.net","hape":0},{"id":"6285865303897@s.whatsapp.net","hape":0},{"id":"6289514596849@s.whatsapp.net","hape":0},{"id":"6285279298112@s.whatsapp.net","hape":0},{"id":"6283136457813@s.whatsapp.net","hape":0},{"id":"628388518773@s.whatsapp.net","hape":0},{"id":"6281343285730@s.whatsapp.net","hape":0},{"id":"62882015688572@s.whatsapp.net","hape":0},{"id":"628973791792@s.whatsapp.net","hape":0},{"id":"6281280656021@s.whatsapp.net","hape":0},{"id":"6289689440700@s.whatsapp.net","hape":0},{"id":"6288802573495@s.whatsapp.net","hape":0},{"id":"6281364316102@s.whatsapp.net","hape":0},{"id":"6288985218036@s.whatsapp.net","hape":0},{"id":"62895393913930@s.whatsapp.net","hape":0},{"id":"62857142758101@s.whatsapp.net","hape":0},{"id":"62812909088729@s.whatsapp.net","hape":0},{"id":"6289512620845@s.whatsapp.net","hape":0},{"id":"6281905695711@s.whatsapp.net","hape":0},{"id":"62857147778444@s.whatsapp.net","hape":0},{"id":"6285217504628@s.whatsapp.net","hape":0},{"id":"62895372370714@s.whatsapp.net","hape":0},{"id":"6282153591437@s.whatsapp.net","hape":0},{"id":"62838357689055@s.whatsapp.net","hape":0},{"id":"6285761981490@s.whatsapp.net","hape":0},{"id":"6283892838979@s.whatsapp.net","hape":0},{"id":"6285930947821@s.whatsapp.net","hape":0},{"id":"6285608404564@s.whatsapp.net","hape":0},{"id":"6285820042152@s.whatsapp.net","hape":0},{"id":"6287860755280@s.whatsapp.net","hape":0},{"id":"6285640691587@s.whatsapp.net","hape":0},{"id":"6281563805296@s.whatsapp.net","hape":0},{"id":"6285720902344@s.whatsapp.net","hape":0},{"id":"6288976108751@s.whatsapp.net","hape":0},{"id":"62881010582445@s.whatsapp.net","hape":0},{"id":"62856558173554@s.whatsapp.net","hape":0},{"id":"6281521552891@s.whatsapp.net","hape":0},{"id":"6285794334367@s.whatsapp.net","hape":0},{"id":"6289531361683@s.whatsapp.net","hape":0},{"id":"6285607543256@s.whatsapp.net","hape":0},{"id":"628978260909@s.whatsapp.net","hape":0},{"id":"6281803877614@s.whatsapp.net","hape":0},{"id":"6282177796362@s.whatsapp.net","hape":0},{"id":"6282398570502@s.whatsapp.net","hape":0},{"id":"6282194027032@s.whatsapp.net","hape":0},{"id":"62856949793034@s.whatsapp.net","hape":0},{"id":"62895386040805@s.whatsapp.net","hape":0},{"id":"6288999222000@s.whatsapp.net","hape":0},{"id":"6285693639025@s.whatsapp.net","hape":0},{"id":"6287828409841@s.whatsapp.net","hape":0},{"id":"6282255015859@s.whatsapp.net","hape":0},{"id":"6285931589868@s.whatsapp.net","hape":0},{"id":"62889732915110@s.whatsapp.net","hape":0},{"id":"6285219401100@s.whatsapp.net","hape":0},{"id":"6288286615089@s.whatsapp.net","hape":0},{"id":"62881027210040@s.whatsapp.net","hape":0},{"id":"6285808765210@s.whatsapp.net","hape":0},{"id":"6285777195758@s.whatsapp.net","hape":0},{"id":"6285646452194@s.whatsapp.net","hape":0},{"id":"62895619437197@s.whatsapp.net","hape":0},{"id":"6285604054736@s.whatsapp.net","hape":0},{"id":"6287853867444@s.whatsapp.net","hape":0},{"id":"6289523953222@s.whatsapp.net","hape":0},{"id":"6285792526770@s.whatsapp.net","hape":0},{"id":"6285803421201@s.whatsapp.net","hape":0},{"id":"6285864464625@s.whatsapp.net","hape":0},{"id":"6289526353488@s.whatsapp.net","hape":0},{"id":"62881026821608@s.whatsapp.net","hape":0},{"id":"6283134518798@s.whatsapp.net","hape":0},{"id":"62882329011402@s.whatsapp.net","hape":0},{"id":"6283173137794@s.whatsapp.net","hape":0},{"id":"6285692699675@s.whatsapp.net","hape":0},{"id":"6285643789202@s.whatsapp.net","hape":0},{"id":"6285781160602@s.whatsapp.net","hape":0},{"id":"6281271113175@s.whatsapp.net","hape":0},{"id":"6283873913859@s.whatsapp.net","hape":0},{"id":"62895339436030@s.whatsapp.net","hape":0},{"id":"6281249458577@s.whatsapp.net","hape":0},{"id":"6283877727452@s.whatsapp.net","hape":0},{"id":"6281511752108@s.whatsapp.net","hape":0},{"id":"62856558707626@s.whatsapp.net","hape":0},{"id":"6282179789808@s.whatsapp.net","hape":0},{"id":"6282181088458@s.whatsapp.net","hape":0},{"id":"6287847622911@s.whatsapp.net","hape":0},{"id":"6285341861874@s.whatsapp.net","hape":0},{"id":"62895635518011@s.whatsapp.net","hape":0},{"id":"6288809822045@s.whatsapp.net","hape":0},{"id":"62881022173287@s.whatsapp.net","hape":0},{"id":"6283861675339@s.whatsapp.net","hape":0},{"id":"62895411836596@s.whatsapp.net","hape":0},{"id":"6285960155220@s.whatsapp.net","hape":0},{"id":"6281355267877@s.whatsapp.net","hape":0},{"id":"6283191156317@s.whatsapp.net","hape":0},{"id":"6281398447007@s.whatsapp.net","hape":0},{"id":"6285892225705@s.whatsapp.net","hape":0},{"id":"6281220107062@s.whatsapp.net","hape":0},{"id":"62882006014884@s.whatsapp.net","hape":0},{"id":"6288991568601@s.whatsapp.net","hape":0},{"id":"6281291834205@s.whatsapp.net","hape":0},{"id":"628872847549@s.whatsapp.net","hape":0},{"id":"62887437219641@s.whatsapp.net","hape":0},{"id":"6289618497878@s.whatsapp.net","hape":0},{"id":"62895406182275@s.whatsapp.net","hape":0},{"id":"6287710175915@s.whatsapp.net","hape":0},{"id":"6283189403043@s.whatsapp.net","hape":0},{"id":"6285715530585@s.whatsapp.net","hape":0},{"id":"6285772023754@s.whatsapp.net","hape":0},{"id":"6281936600556@s.whatsapp.net","hape":0},{"id":"6281280653952@s.whatsapp.net","hape":0},{"id":"6282213331653@s.whatsapp.net","hape":0},{"id":"6282233327078@s.whatsapp.net","hape":0},{"id":"6287746248527@s.whatsapp.net","hape":0},{"id":"6282134063628@s.whatsapp.net","hape":0},{"id":"6287854439288@s.whatsapp.net","hape":0},{"id":"6283192353299@s.whatsapp.net","hape":0},{"id":"62882115984124@s.whatsapp.net","hape":0},{"id":"6283836562774@s.whatsapp.net","hape":0},{"id":"6289678849069@s.whatsapp.net","hape":0},{"id":"6285868749114@s.whatsapp.net","hape":0},{"id":"6283138332197@s.whatsapp.net","hape":0},{"id":"6288989413206@s.whatsapp.net","hape":0},{"id":"6285724447107@s.whatsapp.net","hape":0},{"id":"6289630712058@s.whatsapp.net","hape":0},{"id":"6281271839727@s.whatsapp.net","hape":0},{"id":"6281229295173@s.whatsapp.net","hape":0},{"id":"6282136075872@s.whatsapp.net","hape":0},{"id":"6283819333161@s.whatsapp.net","hape":0},{"id":"6281252929229@s.whatsapp.net","hape":0},{"id":"6285888764153@s.whatsapp.net","hape":0},{"id":"62881023606318@s.whatsapp.net","hape":0},{"id":"6289515877188@s.whatsapp.net","hape":0},{"id":"6287761961627@s.whatsapp.net","hape":0},{"id":"6289530951648@s.whatsapp.net","hape":0},{"id":"6283830212636@s.whatsapp.net","hape":0},{"id":"6285890482952@s.whatsapp.net","hape":0},{"id":"62895415682946@s.whatsapp.net","hape":0},{"id":"6281278171041@s.whatsapp.net","hape":0},{"id":"6283824523088@s.whatsapp.net","hape":0},{"id":"62882019596134@s.whatsapp.net","hape":0},{"id":"6285866281871@s.whatsapp.net","hape":0},{"id":"62857853416890@s.whatsapp.net","hape":0},{"id":"6287845699917@s.whatsapp.net","hape":0},{"id":"6289602019122@s.whatsapp.net","hape":0},{"id":"62882019415098@s.whatsapp.net","hape":0},{"id":"6283832311313@s.whatsapp.net","hape":0},{"id":"6283143848413@s.whatsapp.net","hape":0},{"id":"6287812076568@s.whatsapp.net","hape":0},{"id":"6285741136964@s.whatsapp.net","hape":0},{"id":"6281646977186@s.whatsapp.net","hape":0},{"id":"6283876067806@s.whatsapp.net","hape":0},{"id":"62882133502223@s.whatsapp.net","hape":0},{"id":"6289683991090@s.whatsapp.net","hape":0},{"id":"62895418191349@s.whatsapp.net","hape":0},{"id":"6282386659565@s.whatsapp.net","hape":0},{"id":"6281523748414@s.whatsapp.net","hape":0},{"id":"6281386196944@s.whatsapp.net","hape":0},{"id":"6288806408225@s.whatsapp.net","hape":0},{"id":"6281288228406@s.whatsapp.net","hape":0},{"id":"62881025909596@s.whatsapp.net","hape":0},{"id":"62895372332438@s.whatsapp.net","hape":0},{"id":"6285850447299@s.whatsapp.net","hape":0},{"id":"6282163495327@s.whatsapp.net","hape":0},{"id":"6287817571138@s.whatsapp.net","hape":0},{"id":"6285716661757@s.whatsapp.net","hape":0},{"id":"6285727424016@s.whatsapp.net","hape":0},{"id":"6287713868788@s.whatsapp.net","hape":0},{"id":"62895409340010@s.whatsapp.net","hape":0},{"id":"60136019271@s.whatsapp.net","hape":0},{"id":"6285602944843@s.whatsapp.net","hape":0},{"id":"62895801985522@s.whatsapp.net","hape":0},{"id":"62895410383853@s.whatsapp.net","hape":0},{"id":"6288297666243@s.whatsapp.net","hape":0},{"id":"6287834565735@s.whatsapp.net","hape":0},{"id":"6281349397811@s.whatsapp.net","hape":0},{"id":"6287799077268@s.whatsapp.net","hape":0},{"id":"6285931389110@s.whatsapp.net","hape":0},{"id":"62881027872212@s.whatsapp.net","hape":0},{"id":"6287802435044@s.whatsapp.net","hape":0},{"id":"62856407087300@s.whatsapp.net","hape":0},{"id":"6285704747325@s.whatsapp.net","hape":0},{"id":"6282117202862@s.whatsapp.net","hape":0},{"id":"6288294119468@s.whatsapp.net","hape":0},{"id":"6283874075898@s.whatsapp.net","hape":0},{"id":"6283131399239@s.whatsapp.net","hape":0},{"id":"6289510185518@s.whatsapp.net","hape":0},{"id":"6285694397693@s.whatsapp.net","hape":0},{"id":"6281515252755@s.whatsapp.net","hape":0},{"id":"62889910896156@s.whatsapp.net","hape":0},{"id":"62881036229729@s.whatsapp.net","hape":0},{"id":"62895325678297@s.whatsapp.net","hape":0},{"id":"62812122120880@s.whatsapp.net","hape":0},{"id":"6289528035775@s.whatsapp.net","hape":0},{"id":"6288218462820@s.whatsapp.net","hape":0},{"id":"6283852101224@s.whatsapp.net","hape":0},{"id":"6282113626066@s.whatsapp.net","hape":0},{"id":"6289674402280@s.whatsapp.net","hape":0},{"id":"6287740512850@s.whatsapp.net","hape":0},{"id":"6283128574608@s.whatsapp.net","hape":0},{"id":"6285890837571@s.whatsapp.net","hape":0},{"id":"6285705724482@s.whatsapp.net","hape":0},{"id":"62895635570105@s.whatsapp.net","hape":0},{"id":"6283151889204@s.whatsapp.net","hape":0},{"id":"6288975635695@s.whatsapp.net","hape":0},{"id":"6281319873710@s.whatsapp.net","hape":0},{"id":"6282236693930@s.whatsapp.net","hape":0},{"id":"6285869921023@s.whatsapp.net","hape":0},{"id":"6282315559825@s.whatsapp.net","hape":0},{"id":"6285891204049@s.whatsapp.net","hape":0},{"id":"6283836263309@s.whatsapp.net","hape":0},{"id":"62881024319136@s.whatsapp.net","hape":0},{"id":"62858143673270@s.whatsapp.net","hape":0},{"id":"62857198610086@s.whatsapp.net","hape":0},{"id":"6285351703169@s.whatsapp.net","hape":0},{"id":"628886333198@s.whatsapp.net","hape":0},{"id":"628995388112@s.whatsapp.net","hape":0},{"id":"62895334118479@s.whatsapp.net","hape":0},{"id":"6287762380416@s.whatsapp.net","hape":0},{"id":"6281617843564@s.whatsapp.net","hape":0},{"id":"6283852912312@s.whatsapp.net","hape":0},{"id":"6285748499067@s.whatsapp.net","hape":0},{"id":"62882217025322@s.whatsapp.net","hape":0},{"id":"62815840964739@s.whatsapp.net","hape":0},{"id":"6283877458916@s.whatsapp.net","hape":0},{"id":"628884177887@s.whatsapp.net","hape":0}]