{"version":29,"hash":{"type":"Buffer","data":"nt1a+C2uaLUogDZq5CuQpuGRtPfeilr5SCTDZtO0AwyuwDhIUp8O/WQEpPHgsQuAVvj4dVPZUkxM4Mn4KAyWk7ImTvmdb4nrdKwoilwhQor2nOwleWm1vfhXN/VVHHrZmJV+XCYtcs3pvQ5ZAljJIipozWKLleWBe7PK26pb3r4="},"indexValueMap":{"Bp3GcnZVVDxbuIYZNeIGLik3zyHq/xa/KkIV8LSalHo=":{"valueMac":{"type":"Buffer","data":"ypZWF9/8Sy/yGHloXURhPpq28205TVKcLUdQfvSnYCU="}},"CyQC/J+2zAx8ve/Si+cal9cagPBybiSr9t1FfFF216A=":{"valueMac":{"type":"Buffer","data":"OGz4NjFfSxWV4l0R95poS9AExLszpWHnCMdDe/2zBmU="}},"DKNQNyO2J7wxvk3iFaaFEDYVct7XjJp11nQdQ+b1zAM=":{"valueMac":{"type":"Buffer","data":"bROaf03oAAHM6gSPCGWujF25PwLlHp9Som5nu+aTilU="}},"DlVI1TBrGw7m0AODIijimYu4yQZfZVzmAS3xZUoOvKU=":{"valueMac":{"type":"Buffer","data":"0tt/ppSeVHIYaMATA5fGrSyPX80hCqAzMUkX42PMXFk="}},"HZEOWRwSnJPcopaVvjWtn9DTQyMnfvCMlVW3aQMTR4E=":{"valueMac":{"type":"Buffer","data":"va8/90lWKJbamZliQaaafiVpe8+LuRmY4KW4+XUaE8M="}},"IjtIpMNLlbe1c71KzKMAIIRMGvWDiJjlRpeKmZHyAI4=":{"valueMac":{"type":"Buffer","data":"aj5/XxqaqtXR5Bg+2uLDn0K5FT3eUGvqj1ojuhlGHJM="}},"Jh9HQZnPDTWt+SSGZsxinQEvdN5um40G7w7iEx1ps8Q=":{"valueMac":{"type":"Buffer","data":"sZ7W3TDTGfejgikXVhWaXCmhVRCg7lA5UtFRYDm9bog="}},"K7MTpKdpQICo4Z2Lrvn80lAdagX3L83eJEGYQIos7Gc=":{"valueMac":{"type":"Buffer","data":"0dxPhyoCEcPr2b25gfRfA2LsSNct+U9XXXaR7gZNPbg="}},"MWyxlJVK3VHj4BTqA642xxSQdl0yKc5LjGGF3vkNdYE=":{"valueMac":{"type":"Buffer","data":"QrLvx7BRvouqmoDoP8bwLMRMyVB9paClmxKuMRlpNGY="}},"M3+1CIi8hUuNwcq3705+jn+/5Rg8LC/PXq+/5dQMVO4=":{"valueMac":{"type":"Buffer","data":"Z+5HrwKGZiND4EwAN9xcYro3ykVPOkfAu4a2Si4USSc="}},"NqkaTnsdTrmw61t0caQqsfRzff0MKUDeTmeSoeTwXbQ=":{"valueMac":{"type":"Buffer","data":"vEbWMzBJP6X82BqSCsLCRcleLYT2nV0p7rI8D2CHZTg="}},"PtgH4IsfvVF1PvPjKkGhycgqP0PTozKtGGa4DQ33JsY=":{"valueMac":{"type":"Buffer","data":"6s3u/uJuEwkjqh+V5Kadm+y7T4rBT09xnb9UnR4unuo="}},"XbLmf/3hh6SoxGUUe9TqCd8UJFc4KomHxTzAraUvkFA=":{"valueMac":{"type":"Buffer","data":"AsKPjaRTVhrJBMOoHN68O2s5ubPcs7ufiAnNFY/DMyQ="}},"a9PLFSP+oky6xdqdxBKvgn/yU3Ss3tpfTUExHcqdeLo=":{"valueMac":{"type":"Buffer","data":"CRDLIxBeSGoGUWxl47ZNvSrm1P5vCzUsgWeWSvKOkrc="}},"dGJHnBFaqBmumftp90mA3XBOXV8kzqMITgzPbPlZTGE=":{"valueMac":{"type":"Buffer","data":"ecAbYR1sdAdQfp7zNZl/zFiOb/OTXxeWgt5Unp1lWSI="}},"hOpT9PQgf1z9sOSfr7scAfQyo/UzT82G5tnFdrizeWI=":{"valueMac":{"type":"Buffer","data":"FFFQiamhSlor1Dn28kVxXzzx46U5tifhpoh2jPYrGIg="}},"jKfHvmq8g79o++O4l8D4ovk9xTc3APNvejGp3OQRS/E=":{"valueMac":{"type":"Buffer","data":"Rpau/iJKD2MKu6AvJYaEpJuqeUytqfVqN+DjDqWH4vk="}},"mYvFWB7EReYWIdmr6d+vGNqT+w9sHXpDQISThFp7oUc=":{"valueMac":{"type":"Buffer","data":"JAX+RtPWuLfFiX+ASMImhXDVbnV9iAurT3wDR7OM7/Q="}},"tQrcdBr+kXzN/0l91DwAu/POUyXyDps52cRuWHuMmOk=":{"valueMac":{"type":"Buffer","data":"eIkYic7sDoluBOeaNxD2Wzs1iBVysFAwm1CVoEvq+eY="}},"tZmL7lwDov2jsGU6QrBCZfrUYCoRTFAP8cfNRLrG8PM=":{"valueMac":{"type":"Buffer","data":"LSzEsBoVyF6H6wqyWJbmvZ/4YpvBRhHvBOXG6GFpeJo="}},"5tvKRRfMAwm6s3wqKQ3imdPojDi/1u7VzBT7UHD0eSg=":{"valueMac":{"type":"Buffer","data":"ANlP031yh5JCQDbah6sPDl5YKEKtX9n5WRnAlpNVPYY="}},"64txZKirETn8+UdFglBYsqZXlk/JQ5TC9U8QLrdHODs=":{"valueMac":{"type":"Buffer","data":"TegpIg5+PnC1ZhxkvBdKvIWWrtbBcWJrR5IgdPo4vv8="}},"8luJQN0P7wvsE9kcuUdITn96NAN6Aa3oYpLj8mg6i5w=":{"valueMac":{"type":"Buffer","data":"31Z5z+E3iTL8FnGOs+KzgRsBfeBjTU3y3ku5kU17Cdc="}}}}