{"version":60,"hash":{"type":"Buffer","data":"Kd8P+3uatKsQ+GKn/NRlBn4p5YXbApagYSXW5ca6JAcmxM/mTlI5a61BXc4n657BoUszSg4mFxM7QxWlt3q5XjUZKPqBQv+zUQEOwrEY8RjCXSOSkUDufV7FgNJZDk7kexr3Pe/pVChnoVlPoHUQrfSBN6qJP68K8d2jXkY0LXc="},"indexValueMap":{"G7hUlxc/PJE9Kod7HEQPHnc5SrvSb7iDVf4JYy7cqCw=":{"valueMac":{"type":"Buffer","data":"+sjTS7qGZdhoBVQZOHq7Z3gGSFuVKdqLTu/ZPnfVUZg="}},"QxwOHpQjXvmXO51jXgGkLrKpSGwExAneI5EoboqIPfY=":{"valueMac":{"type":"Buffer","data":"4RX7YBoIxIMPxJzI5RHK1BW6YRqe/Gnxq2zYJA3miDY="}},"TcPlGFOei5Q2uRBns0PDyhYW3h95zRysPbjLEo/l5V8=":{"valueMac":{"type":"Buffer","data":"GABntvFqKIJl6sun3N8vku87WHjJ3Dat0gQu7AtrbIo="}},"UJ+xkK4HNXhaQioIrTWDLGcEF+9p/ORMyaOmMEWO7xk=":{"valueMac":{"type":"Buffer","data":"Zf63bpHMVsRhbl0odHe5tEmriHUbsD1ancrzhxNcobY="}},"W4imBJKNRMDEOe2gB/b3rBP5nBQ4MsZwmbJCMk/Lzg8=":{"valueMac":{"type":"Buffer","data":"FflUPtNOrMeVdG079CPVaSZnDzSO3p4hBRXhDPUf14o="}},"XQFuZE6lf/47C7TME5TVsTuOej1+cf57d9i2A/k4apw=":{"valueMac":{"type":"Buffer","data":"nWr/3jXgqwW+AaQawQ1OSrjwgPnHNq717IJOJQSEyBM="}},"aY9VAe61VZXvVxdFJj3VX7P+FLoGrkHf8R2kvTulQq4=":{"valueMac":{"type":"Buffer","data":"YbNHjSHyuNiAhKof/bhiCi4UNOPYeB3qjBphnsdWgkM="}},"b1z03gStrd1s8zDjkC3X4fe80qv2ykkDoFk/e0xsOYc=":{"valueMac":{"type":"Buffer","data":"+ftfaui4oCudfsMbLN65jWgJOjmSLV9LoZNtJhrcutI="}},"e+L1wdC3cduN/SDpCNQQpx2LMOjMkRG1Q6ayY4PBbPY=":{"valueMac":{"type":"Buffer","data":"hsZtW+5mmh98ibI9FTnYpvuzqlnImOAP31QPjjj0YSg="}},"f1oSkCoxml2ub3UjRKDmHgSD/d1NYN8wkLNp9thurps=":{"valueMac":{"type":"Buffer","data":"QUNKqwYp9CkG9RqJa+uOlUbE1n6lNJwD6KDM/F+JQFE="}},"i+pVR8rN61ft1nGV/prrE+D5MAJb+iB946RIMPS4oDs=":{"valueMac":{"type":"Buffer","data":"ogxidjQ5i+cUaZuVP2095Gz7wklfYg/55BYIiISgvVs="}},"kGWMhU0VqMFBy21MbLBSMdkr4Vc5MafpCtSiAub++c8=":{"valueMac":{"type":"Buffer","data":"oD/M1HhUxhUswz7UV5yewzi7G9AnKSfs6aJt5ocEIGE="}},"k6Bb05gKLeggdRsdRc8Va/QEAri+0VI+8fWNgZUtyj0=":{"valueMac":{"type":"Buffer","data":"LFsoOP5mYhhfCrh8S/5ZWkl8CaEmTKv2E2B2uIAN0wo="}},"pULPQV4S+x4+MbDT0d0k6XRpHHo87ZpCzKHebe0ba8M=":{"valueMac":{"type":"Buffer","data":"Yd5lcJei6dWxa+FsnKiVNldlhudBKT0PmkwqePoFbjk="}},"rysbDeeUF0HjPyiTNxg+ca6Y+HWhjWYpcRLdGk1uAq4=":{"valueMac":{"type":"Buffer","data":"VhSDdkEb/HlgGqVfnepwDQcvJIT07bkUXeVJEFFBm04="}},"r3Ad+x1+ks3rXFymdR32G1jG/qqxwNtR9jDfWt4hCc4=":{"valueMac":{"type":"Buffer","data":"8tAMiRH7kydM9ymkU+m/YF7xm8Ur6E3clT171e+XcRA="}},"vtqluaL5s1+SMBzV0MTmbY7Th3IyVipdckXPq9hnLn4=":{"valueMac":{"type":"Buffer","data":"DtYZwyQtxDbdwMNvcgJFdrMgMnbtxYzYPByXasDP2ok="}},"3f4jcRJGy+IMhF0a25XrQcnQqNmM8Hxb/JNkyQ4CVCE=":{"valueMac":{"type":"Buffer","data":"6ENu+tuUfrvKqUXgNcdq3rtTxBrLl19MPJbTpODuVLg="}},"31nQT5uuA6Gm2b74AedhII7VGB/5Jyzih/VrejSG0UY=":{"valueMac":{"type":"Buffer","data":"ZqVruFeu/NG0FHim/UYvJKvtZf8K+7xddUvPpqSGmiI="}},"maVyCTRklbaLQa5VF7vp5Em2Sj8ajW+d+faMe316aPg=":{"valueMac":{"type":"Buffer","data":"Lacc+9eyXrjZsiYo6MnlVZARt5l4oBOlUvrjvdYjnl8="}},"x/TaqNJlf9F5fdJSyy6u6470Wjdtn91Ag8ORoPZFspE=":{"valueMac":{"type":"Buffer","data":"FVtQDPxCcTF58qsqWdf+sil9C0eJvcSZ99CRn9S/nEc="}},"4oGZKwCl98XVeevjuSnelz8ay+eBD9KY5bX5d+0q+ek=":{"valueMac":{"type":"Buffer","data":"0S+CmtnWLOeeDoX6ZmgyPc2N36SeuVrIejJw35QPbPc="}},"yKmF7/EjgmN2XGQmbcOow0ThZUQDSlKygpg1upuD7us=":{"valueMac":{"type":"Buffer","data":"c4p/3nxWkdCdvvgmU10Dwp4/lkBXpT0rIoOsdwSHeyY="}},"UeYnvfc8OTEDfyk75SNiNM0v60QkoPpGGa0Un2/ct3Y=":{"valueMac":{"type":"Buffer","data":"nt72CwToCNvIVnoiz11GvVjZ3Fr3k7By0SkuTYcAW58="}}}}