{"version":22,"hash":{"type":"Buffer","data":"6WXl8AJc02B3kiu99PFlVe0Jz+ZBqzi8l+U6uvd4nsxBnwoRej0eJqpXwIeVqGBXfsDsZM207Ps4ycherUZIk7V45cVyGT1Zf7ax4CyKApI934v2uFl+s5VcvK9JF/3UhU9gqbHJxJHHYOreRrS5ck3BOuKXjneD4Hp6z7XUe7w="},"indexValueMap":{"Funv8XzTRfuv8o3UetPBngv5fvfIty52s2AMNTU/Dlk=":{"valueMac":{"type":"Buffer","data":"N8pK0am9r7BCIpTwEdr/JmrdJCqbcztBzDZWzqMYFqc="}},"K9sA+DjtckCRZ4sMW4VdloKRBu7xBDNLI62ShbiETpc=":{"valueMac":{"type":"Buffer","data":"qFur92bY9T9T2REBT9EA9Lgt8eaT6ZrvwckC3ckOjPs="}},"OAUTs7jj0ABoF5ggtYvt1GkLgBeQXlQ7+Vg9TKxufoQ=":{"valueMac":{"type":"Buffer","data":"tN4L/Pz+G2WZQA7jGYuf59kw+3ji+pxbQpvhxkEXwtI="}},"Os/nPvrXJ7Uta092RHUXyVlOSTZiqYQmLxqUrUfnUu4=":{"valueMac":{"type":"Buffer","data":"RfpbxdLyDLN0EN65LbpfdPMiLuQ0Nnbsr3GlDHWeHDY="}},"Pv48nTD0a5e7yNYsWe6t4kWHVU1lgfw+TY8L66qzpTM=":{"valueMac":{"type":"Buffer","data":"eCG7IEsM8EN+liuhTJVTJANrHOri/tfO37c9iaursPU="}},"USZ+O1FjtfDVAy+NQEWVuMuE84S5oGlngNb5mRdiHu8=":{"valueMac":{"type":"Buffer","data":"Hb+HZqjFqVYd1ntveDCsyztYXrIQFZY8A0G64al2Zyc="}},"Vnypka+9ek3AqebYcSQz3a8cBXbB5M6+xNL42bhQu0g=":{"valueMac":{"type":"Buffer","data":"irBR2jzH6sZt9fQJFvxuDxYQqKCNJOXDoPxgk/uNhA0="}},"WSvLbMkta8uk44WTih/MJ1ceRCa3CTw/YTqeOpKrvjc=":{"valueMac":{"type":"Buffer","data":"YMavAZUNIJarhn+6PkqNyAsMaYZY6m3sv6BGrU5FjcM="}},"W2HilAz6koh2WVx4jliFz+WX+XvLjPTF6UNJ8dmBHDw=":{"valueMac":{"type":"Buffer","data":"dZUyN38epBisjW940cwl+Pf5fq6ql4Jg1rIDK5EYYC4="}},"aeKpSQqZIbHRCSZRzYEhJFj1rBSRzboWQg+9ptPycjQ=":{"valueMac":{"type":"Buffer","data":"Wp8dEexnB4WhjPYTJpyTg/h+gxvARi0Me3c/M4ntxKo="}},"alcWPaNzx/au5RI1G7iqFwZCmlOVS2MrXtkHKwkczHs=":{"valueMac":{"type":"Buffer","data":"pRYLHTfoAYmTg/jbc4t9oz6qAZc+X4WnJQMWskgx/dQ="}},"jN8F8JEZ7pt5HdxYT1YxgnM5GYTH85npMNCCqSqWMBg=":{"valueMac":{"type":"Buffer","data":"fxo9rTeEVdgRTkQQMSQVBLgbkWPdYnrru45pOZJwU3s="}},"kBC4LqRrmJ5Qi+pDkpiGTPf36DV3ZkgJhcwNqHN5Euo=":{"valueMac":{"type":"Buffer","data":"s+331qkvPZd6sqMD5M3rR3ieBN0VmaaOhxx7kz0XyOU="}},"lPnwQX13Kv7vgzJ0RdNvQTRJzn0GgK1wbVaIHewXMdE=":{"valueMac":{"type":"Buffer","data":"y1JREeBSEBqx9XGXbzMnOpsKYH1I1ZZuMeBgZhzlLgg="}},"obzoj5gVJsJRoP0/3L0ZrNYAbS7NXcekowKm2kSqHjU=":{"valueMac":{"type":"Buffer","data":"GEWHCfqEKj0P8s7B6acnof2JS85rcJubvlG155T6/1E="}},"pJ6mlZLF+GdehEGALD+D4jmq/LDAA5gzusjwtuytpSU=":{"valueMac":{"type":"Buffer","data":"K4jasjbcRo+phR0JCeYWxpkxl1wWy2XaJwAXalnp200="}},"pdueDuC9NNWk0yTqApGFk66RfPUV+3UuiJXiXyjEwB4=":{"valueMac":{"type":"Buffer","data":"e2R5gRYTjUmOYo0VkTiUI7Q37aJ86m1dzSGBpZ18k68="}},"rSxpVW0JcktsDZIS790b+6fI6JwGxhaVEjkcdtaMGls=":{"valueMac":{"type":"Buffer","data":"RUqkCgxb9WzeE7uVO/RyIE+a0e4K6gZgqiABFqg4SKA="}},"uyfsPVE3UUfdwAeZwQMW9NtKe9up3471m3esla6ioUA=":{"valueMac":{"type":"Buffer","data":"dCmw7sihIvzfgVTTK/ECf5wR6co7piE5q9eVMHwvRXg="}},"xCv68TnldkhyVHMTC80NIBmcTJD3bdL/opQKHGRWDhU=":{"valueMac":{"type":"Buffer","data":"mUwUviYwCYQx8r1NCDWcP5n9KOB1Af2Aw1Lx3Vz7buM="}},"xTSFgAtLxOXnNeG/3cVncVNHkD0IIAsArEe37n/9sis=":{"valueMac":{"type":"Buffer","data":"ENqOuXki926YRIMekBVjd279Yu5O07EocdGz/7dkfQc="}},"zPVG3Y2YLdGscHWGIRlJFd3VSkJkuPznevCnGtu6F1k=":{"valueMac":{"type":"Buffer","data":"fke60RDDjWStjq5p1Fe0FD9AXR+MSFC/HK2YTdYyrFU="}},"4lY38K6ASYF6tC3UkFx6MAcDliLxxrvBQx5H5lVNVMs=":{"valueMac":{"type":"Buffer","data":"I1vQGtCLLdsNJnND16BgwwuB/dF5VdcA0U7B/r1+8cE="}},"7fQ5OzeLvFVGpIEnzJ+6Hh4TaFM1X124h0dU6kHML0s=":{"valueMac":{"type":"Buffer","data":"K8kEgrQq9+vMPCHVm5SjarMpnzRUl9sWc8ttCdYqNOg="}},"8/pIRvv9ux4DvtUUSD9hiTBB7meEyuxuZJ+/Qu+mnfs=":{"valueMac":{"type":"Buffer","data":"Yh28mUhi+lqhlt8/qxHjE3M4y7pZV1ng+J+imtbbsFY="}}}}