{"noiseKey":{"private":{"type":"Buffer","data":"kNu0mZXR2XHf4gyll3cz+AzIV7Jxz8MEUQw9YiUY3Vg="},"public":{"type":"Buffer","data":"ybYQcM0+e3ucoDMur3i8jmtdms02cbCWb8G0v8j5PnU="}},"signedIdentityKey":{"private":{"type":"Buffer","data":"KIOmz0rsVOaXSAXwh04u5dKbBkNhNj90+eaipUlYQVY="},"public":{"type":"Buffer","data":"yMqmUWT6IjEz8Ohvu54LxeGxR69E8EbuUW4YNB+rNgc="}},"signedPreKey":{"keyPair":{"private":{"type":"Buffer","data":"MPBIMw1VnKOxutjdR7dZgrDn9xayXnA9SGOAm+iFAkY="},"public":{"type":"Buffer","data":"Mn3xU9q71bhLyLdrd8IDTwq2ov1wXRq9E1WesKW2uyQ="}},"signature":{"type":"Buffer","data":"L3wfZuc+l76jCzhX4vfWlXohALrQHV9ALUUiwZk+7HNSXGUx6rxvo7gaXFVHIIWXY41U/EvXbNyV/pm8IOaHgg=="},"keyId":1},"registrationId":141,"advSecretKey":"9iGmfH9pBVw1Rk/PRzEMqp4vI6icA3YYUQEvShM3DXQ=","processedHistoryMessages":[{"key":{"remoteJid":"62858371214001@s.whatsapp.net","fromMe":true,"id":"249C2C80BA4C9AA64DA45B84D863DB47"},"messageTimestamp":1689290407},{"key":{"remoteJid":"62858371214001@s.whatsapp.net","fromMe":true,"id":"BF462EA2C2E2F801472E1BD84691A49B"},"messageTimestamp":1689290408},{"key":{"remoteJid":"62858371214001@s.whatsapp.net","fromMe":true,"id":"0C1EE9F7CA38260A801A2FE237CA0F2F"},"messageTimestamp":1689290465},{"key":{"remoteJid":"62858371214001@s.whatsapp.net","fromMe":true,"id":"9C97850175243BFC27D50BA788C5039B"},"messageTimestamp":1689290503},{"key":{"remoteJid":"62858371214001@s.whatsapp.net","fromMe":true,"id":"FA09ACFF7BF5546EFD1CC1D2C620F9AF"},"messageTimestamp":1689290533},{"key":{"remoteJid":"62858371214001@s.whatsapp.net","fromMe":true,"id":"7734E110B4F8A19EF97829EF5D28682B"},"messageTimestamp":1689290547},{"key":{"remoteJid":"62858371214001@s.whatsapp.net","fromMe":true,"id":"EA19D0B11E348105DD0945279DA9D440"},"messageTimestamp":1689290573},{"key":{"remoteJid":"62858371214001@s.whatsapp.net","fromMe":true,"id":"775BD1F92BF2100134E9A7D79C6E326C"},"messageTimestamp":1689290585}],"nextPreKeyId":94,"firstUnuploadedPreKeyId":94,"accountSyncCounter":1,"accountSettings":{"unarchiveChats":false},"account":{"details":"CI+nzQcQl43CpQYYAg==","accountSignatureKey":"qi2B10Nq36Og+OcIU2+ADuc/gFei0mRwtKKnYAX9Mno=","accountSignature":"+dzOFYKwZMY0HcrvV4bclRIU6Th16f1h8DyWHH4Lyi3XSI8X6Snl7yCDIahdUQtfoLIvimXirD6i1bIzlQdaAw==","deviceSignature":"x7H8wgZPBr7sNHDFBTvVsbw5vsRorRrDIwO2rWqYMUXEyBRUswf09aZuXw5qRGJvelNg9DuEsDZfspQJeKIzjQ=="},"me":{"id":"62858371214001:15@s.whatsapp.net","name":"Open sewa, permanent? 3K"},"signalIdentities":[{"identifier":{"name":"62858371214001:15@s.whatsapp.net","deviceId":0},"identifierKey":{"type":"Buffer","data":"BaotgddDat+joPjnCFNvgA7nP4BXotJkcLSip2AF/TJ6"}}],"platform":"smba","lastAccountSyncTimestamp":1689290646,"myAppStateKeyId":"AAAAAPYm"}