[{"senderKeyId":1682304021,"senderChainKey":{"iteration":5,"seed":"UDeKidzlVVkxrdK7w15L/e3+jrFJxbZbci+ylpZH5M8="},"senderSigningKey":{"public":"Bd1ISo4w6o7AZ6WRRW2L+xvxPZsAW3+LMU7CLeyq02JD"},"senderMessageKeys":[]},{"senderKeyId":272308753,"senderChainKey":{"iteration":3,"seed":"j5Nx9YjloxK1zB/jipszEJgv3FDXdKC2wgUYngCkBjA="},"senderSigningKey":{"public":"BX68vMSt7b/SthS1Xulc3tDWK3dpnpaXSix6FYb5xGZN"},"senderMessageKeys":[]},{"senderKeyId":324059771,"senderChainKey":{"iteration":4,"seed":"2vUR2GkNdFiygOpcGSLcVaLYOnvdroRFv5ALI0o6vUk="},"senderSigningKey":{"public":"BQ7X/yF4GY9VKpKfUeXFbs3/gMYLhD9yoYp03SoWWGsO"},"senderMessageKeys":[]},{"senderKeyId":1230189710,"senderChainKey":{"iteration":3,"seed":"UTEvYMNLZcbyrmq8h8YT6IH8RiUgpS8DrqH5tAnEYJE="},"senderSigningKey":{"public":"BYHYdpRDpADleH0DTjRvHATa5XX+XgUF13pwCnGPGmdx"},"senderMessageKeys":[]}]