[{"senderKeyId":2012082679,"senderChainKey":{"iteration":5,"seed":"sagAIyPXUTVheRDjeUWULXzZpMcgX38vX/0f7gKl0x4="},"senderSigningKey":{"public":"BSgg+frcfRbPmT/KDxo99qFXbMXfd6eiLZRIoVWmv5lx"},"senderMessageKeys":[]},{"senderKeyId":2012082679,"senderChainKey":{"iteration":5,"seed":"sagAIyPXUTVheRDjeUWULXzZpMcgX38vX/0f7gKl0x4="},"senderSigningKey":{"public":"BSgg+frcfRbPmT/KDxo99qFXbMXfd6eiLZRIoVWmv5lx"},"senderMessageKeys":[]},{"senderKeyId":1100184429,"senderChainKey":{"iteration":6,"seed":"+E8Vkk2m+uDnjNGgVuukV+S6aGGxJM1PsZUeyan8eAM="},"senderSigningKey":{"public":"BWYMgMpLSc3pecWrNmLqJJcsyKH1WY4l+mU4Kb/eHr4r"},"senderMessageKeys":[{},{}]},{"senderKeyId":1100184429,"senderChainKey":{"iteration":3,"seed":"iJNeJWFoCyurOuCH5LeqWAFgs3Co22yf70BH+YVK2zI="},"senderSigningKey":{"public":"BWYMgMpLSc3pecWrNmLqJJcsyKH1WY4l+mU4Kb/eHr4r"},"senderMessageKeys":[]},{"senderKeyId":1100184429,"senderChainKey":{"iteration":4,"seed":"ZfnUlXDeI98y8Y7SAOby4GBw7+c/nxEK3F8NE4oX/SQ="},"senderSigningKey":{"public":"BWYMgMpLSc3pecWrNmLqJJcsyKH1WY4l+mU4Kb/eHr4r"},"senderMessageKeys":[]},{"senderKeyId":1100184429,"senderChainKey":{"iteration":4,"seed":"ZfnUlXDeI98y8Y7SAOby4GBw7+c/nxEK3F8NE4oX/SQ="},"senderSigningKey":{"public":"BWYMgMpLSc3pecWrNmLqJJcsyKH1WY4l+mU4Kb/eHr4r"},"senderMessageKeys":[]}]