[{"senderKeyId":220210083,"senderChainKey":{"iteration":21,"seed":"X8O7TZ9HPilXwvqiEdg827RAj27uwMWOetREd5urN6Q="},"senderSigningKey":{"public":"BWT4cx4HVN/kdBz5qCNGApkLSMWniZY9WqrYNbdiyX5d"},"senderMessageKeys":[]},{"senderKeyId":220210083,"senderChainKey":{"iteration":17,"seed":"B801Qvu/jHqZQjYwm5Rn7Ye5Z7CisDSJYy0KbYUWPN0="},"senderSigningKey":{"public":"BWT4cx4HVN/kdBz5qCNGApkLSMWniZY9WqrYNbdiyX5d"},"senderMessageKeys":[]},{"senderKeyId":1231060613,"senderChainKey":{"iteration":2,"seed":"RHTwUUIJxh2bcqt1Tnsq9jaLho0B/Ce8OHZu7WotrXk="},"senderSigningKey":{"public":"BTBeCkTmvLNTpSYYtPCtOwQb+RWOr9twHG7DIgv7EYNF"},"senderMessageKeys":[]}]