[{"senderKeyId":1717238126,"senderChainKey":{"iteration":1,"seed":"0YGS2FNKmykJvoc0iWTuqyU7Ekmz9QbcGN2OMsXBaVw="},"senderSigningKey":{"public":"BbyqPyZIP/AB+Eiy7FB5tlCjScMHdNaeY60C06f1hGhe"},"senderMessageKeys":[]},{"senderKeyId":2121243390,"senderChainKey":{"iteration":1,"seed":"jbsI0kz2wcqDMfsNJxOHkS4Kcacl9jxlnLU91tCFhfQ="},"senderSigningKey":{"public":"BR+xUERUyQ2LQ60ITl3gkILkkKeP716MARrWx+VFUCIz"},"senderMessageKeys":[]},{"senderKeyId":939440355,"senderChainKey":{"iteration":3,"seed":"NsPM6S959LF8+S4wphsgsLFLbO8cHVTwhoqZCu6Mj/I="},"senderSigningKey":{"public":"BasUUFhDUQk4aclZArz43sXFhYNiWyX/998IbQGLXOQE"},"senderMessageKeys":[]}]