[{"senderKeyId":141037711,"senderChainKey":{"iteration":36,"seed":"lqM2wtYulqVUE5ZYh3sayCEBxZZJkq+JcBaA/Z+QtNQ="},"senderSigningKey":{"public":"BYs2IU1sF/IhjyK1/pZRm00TtL0hhBFHhu8k8LsbpUIm"},"senderMessageKeys":[]},{"senderKeyId":141037711,"senderChainKey":{"iteration":30,"seed":"xytQ1UXodT07F2rRR0dmQ9u2ShyvXVO0eqwZTJMjPNM="},"senderSigningKey":{"public":"BYs2IU1sF/IhjyK1/pZRm00TtL0hhBFHhu8k8LsbpUIm"},"senderMessageKeys":[]},{"senderKeyId":141037711,"senderChainKey":{"iteration":33,"seed":"q7it+j+53hypw70urr3fu9i6aMDUv5hF94vPYBkaxMY="},"senderSigningKey":{"public":"BYs2IU1sF/IhjyK1/pZRm00TtL0hhBFHhu8k8LsbpUIm"},"senderMessageKeys":[]},{"senderKeyId":141037711,"senderChainKey":{"iteration":34,"seed":"WTU7wTLbSngaOoNawHxvKIH5Y60WZqTdPuYjLrK3vVw="},"senderSigningKey":{"public":"BYs2IU1sF/IhjyK1/pZRm00TtL0hhBFHhu8k8LsbpUIm"},"senderMessageKeys":[]},{"senderKeyId":141037711,"senderChainKey":{"iteration":35,"seed":"5RkKaCcFmquLYZk6EydfX3BAF5KmIV0PC7yfWWN+08Q="},"senderSigningKey":{"public":"BYs2IU1sF/IhjyK1/pZRm00TtL0hhBFHhu8k8LsbpUIm"},"senderMessageKeys":[]}]