[{"senderKeyId":885444089,"senderChainKey":{"iteration":8,"seed":"+sADrN2ZBKRf8LVq6SvQB4a2MNwyjNJNJAnD5Ss7bJc="},"senderSigningKey":{"public":"BXZ3nAafx8JD6lOHL+pVma3r9WHvhuL+IOGBFQ93OzcM"},"senderMessageKeys":[]},{"senderKeyId":1426260028,"senderChainKey":{"iteration":3,"seed":"uYOkSPWLgCwjflW3UjE/LN9Cstlj4hWAxR+YMrRLBf0="},"senderSigningKey":{"public":"BTQioebvegctS7VAtdkFIDQc6W6twLCuAwLx+dPL6YA8"},"senderMessageKeys":[]},{"senderKeyId":1426260028,"senderChainKey":{"iteration":3,"seed":"uYOkSPWLgCwjflW3UjE/LN9Cstlj4hWAxR+YMrRLBf0="},"senderSigningKey":{"public":"BTQioebvegctS7VAtdkFIDQc6W6twLCuAwLx+dPL6YA8"},"senderMessageKeys":[]},{"senderKeyId":570411493,"senderChainKey":{"iteration":1,"seed":"6QyYOA6vIIlQ6WBMs0pP43b6bBAFGMf5Vwtoow23GZ8="},"senderSigningKey":{"public":"BZ249DLbAgRhIpgA6JVmUBkBk5pCYG/Un/KuoWbLhLon"},"senderMessageKeys":[]}]