[{"senderKeyId":264845717,"senderChainKey":{"iteration":61,"seed":"AM3B2gjKii2ac1Mrt1V/yRLzkNjMbXaPtuBvCbJ8n+Q="},"senderSigningKey":{"public":"BVv1BfYXdO/mY/82GcY9qTu36gjMFtUMZnz+wLd7pL1b"},"senderMessageKeys":[]},{"senderKeyId":264845717,"senderChainKey":{"iteration":54,"seed":"sywre4sZDdhxImFbyufYX0hvIBgityvkPcHWpU2fJyM="},"senderSigningKey":{"public":"BVv1BfYXdO/mY/82GcY9qTu36gjMFtUMZnz+wLd7pL1b"},"senderMessageKeys":[]},{"senderKeyId":264845717,"senderChainKey":{"iteration":58,"seed":"v1ShpD+/4mm7dcepptNwTjxT27N1ujGrNZ1q+rpNKhs="},"senderSigningKey":{"public":"BVv1BfYXdO/mY/82GcY9qTu36gjMFtUMZnz+wLd7pL1b"},"senderMessageKeys":[]},{"senderKeyId":264845717,"senderChainKey":{"iteration":59,"seed":"loDUDPTqxgIlWe3Q0WZZnrsPjRWcHHZAwyEXj16oPW4="},"senderSigningKey":{"public":"BVv1BfYXdO/mY/82GcY9qTu36gjMFtUMZnz+wLd7pL1b"},"senderMessageKeys":[]}]