[{"senderKeyId":1909569091,"senderChainKey":{"iteration":48,"seed":"DW++bVhVBVJD911CTHdsuF++BNrpFSORmQ5z1KIoy0Q="},"senderSigningKey":{"public":"BcWU4Oe3RRxib8lh2vxYeOqpzEpIfC84V1uPGGtysOIU"},"senderMessageKeys":[]},{"senderKeyId":1909569091,"senderChainKey":{"iteration":46,"seed":"MyGMfZnFFhceUlYio8E7Ag4GMx29hJAWND2ZvqNoD4c="},"senderSigningKey":{"public":"BcWU4Oe3RRxib8lh2vxYeOqpzEpIfC84V1uPGGtysOIU"},"senderMessageKeys":[]},{"senderKeyId":1909569091,"senderChainKey":{"iteration":47,"seed":"IF0b8+tD4CVGlIrHF15LRI0yM3r1z1vPidV1gCroQws="},"senderSigningKey":{"public":"BcWU4Oe3RRxib8lh2vxYeOqpzEpIfC84V1uPGGtysOIU"},"senderMessageKeys":[]}]