[{"senderKeyId":152240334,"senderChainKey":{"iteration":138,"seed":"ZYtC64y53J/qMfoDPAsuYk5z1r96PlIX59olzdxS1so="},"senderSigningKey":{"public":"BQmP3vFT7DlzKfoE4ltXSkHnLPF9zsHnItaNz2nAgqtE"},"senderMessageKeys":[]},{"senderKeyId":152240334,"senderChainKey":{"iteration":131,"seed":"MPqNVsSZ9BcAxK5P1JhCBctWzkCoIycHrU7eN+cDpYc="},"senderSigningKey":{"public":"BQmP3vFT7DlzKfoE4ltXSkHnLPF9zsHnItaNz2nAgqtE"},"senderMessageKeys":[]},{"senderKeyId":152240334,"senderChainKey":{"iteration":137,"seed":"JrKEVHYHHRLmT/yvb2fCdtM7QJ9k1GGL9Ny4gyjf2xo="},"senderSigningKey":{"public":"BQmP3vFT7DlzKfoE4ltXSkHnLPF9zsHnItaNz2nAgqtE"},"senderMessageKeys":[]}]