[{"senderKeyId":1468614788,"senderChainKey":{"iteration":4,"seed":"bEqX4bzldYOW/FvvW4UX5VMbk2NJULC0JaYHebp/6Ow="},"senderSigningKey":{"public":"BUKvNb0RRUUShIrcjzpP5eh6e7R/vKKJw/9Oltegfzxs"},"senderMessageKeys":[]},{"senderKeyId":1468614788,"senderChainKey":{"iteration":2,"seed":"rsLbucH5n55IPYfy4F2ewqjRdTc6DlppON4pXLpulvU="},"senderSigningKey":{"public":"BUKvNb0RRUUShIrcjzpP5eh6e7R/vKKJw/9Oltegfzxs"},"senderMessageKeys":[]},{"senderKeyId":1468614788,"senderChainKey":{"iteration":3,"seed":"SvfsGppD7LoB/ZzbLl4jVct6wo87q/XwGWhg6HufIJs="},"senderSigningKey":{"public":"BUKvNb0RRUUShIrcjzpP5eh6e7R/vKKJw/9Oltegfzxs"},"senderMessageKeys":[]}]