[{"senderKeyId":1792452289,"senderChainKey":{"iteration":2,"seed":"TDpc0EsNUk21q4r/WryQ3o+E38uucxmAsGvW4UY2Xj4="},"senderSigningKey":{"public":"BVy/QsJQR93YagtepP51zEmSTSleZlbZwDLIeOVSrSgD"},"senderMessageKeys":[]},{"senderKeyId":2049018781,"senderChainKey":{"iteration":1,"seed":"QW2zaC1qAsYGAyIVB5oT336/rmISkbzh7y9QWf5TRnc="},"senderSigningKey":{"public":"BaPNc+hSYJYQ+gKltAWJkZ6bLGacgMaTauQY8EeAyZxK"},"senderMessageKeys":[]},{"senderKeyId":1496420515,"senderChainKey":{"iteration":2,"seed":"ypkEI2RDzP263sJL1n7vhxmrUefRkIDB14zWMRRRqK4="},"senderSigningKey":{"public":"Ba7RVGExaJLUdFCgET0hZ0M39XBYf7V221vWOfiMFP8M"},"senderMessageKeys":[]}]