[{"senderKeyId":1136243253,"senderChainKey":{"iteration":29,"seed":"Uc2WCi7MRY67dcIUQq4PYSze7Ny1J/6npoj1YLQmtNA="},"senderSigningKey":{"public":"BUGGBdmuGOobC1o50RgduuRRsdxijkYWAtHjjUbAMWw1"},"senderMessageKeys":[]},{"senderKeyId":283995973,"senderChainKey":{"iteration":1,"seed":"hwoaDYVcULBChQHLwJg1Q6jRDcbSDeWDrEMJYLxPjxU="},"senderSigningKey":{"public":"BWHBn8PFECGM6Y1U6h9hx33XZf5eqdfvloa7lLRyPgMb"},"senderMessageKeys":[]},{"senderKeyId":1122546684,"senderChainKey":{"iteration":1,"seed":"zvm77gTDz24dbw9cVRIgwMS/kOvqKwsphho3oIn0+Eo="},"senderSigningKey":{"public":"BSRNsWkm0PkGx0dC8BMPUtd3cckCqapCXFeHhU0/Du8B"},"senderMessageKeys":[]},{"senderKeyId":207512042,"senderChainKey":{"iteration":2,"seed":"8nKbmmWBOgqBsNQd2iPUE0qtpOaRthxDeODTAoNKLA4="},"senderSigningKey":{"public":"BUQ9jgZvkcBcuDF5tGPhqvmXwbj+5oDjE+m/rczaAwEi"},"senderMessageKeys":[]}]