[{"senderKeyId":1831422906,"senderChainKey":{"iteration":30,"seed":"6+2MbUYqbQfXp3HVVD38OJKOBiVwvSCMN2MfmGek3gA="},"senderSigningKey":{"public":"BfXD5J/kQ+X0Qjm5PmqdNnUbg0zVsnkzgGjlBNNaSj4U"},"senderMessageKeys":[{},{},{}]},{"senderKeyId":832622697,"senderChainKey":{"iteration":10,"seed":"RsJgvdhQxx6CJHHjvtl1P89g6Kc6Q7prSzMYH2QlSX8="},"senderSigningKey":{"public":"BWYR9cKPWta0e8tx5YkcxT9IBfhvxr23He+8/zzClrdN"},"senderMessageKeys":[]},{"senderKeyId":272912156,"senderChainKey":{"iteration":1,"seed":"A3b8spxT0m5FkiQJCw1jb3+Hq4PlD1lHM0e0FDJnFkU="},"senderSigningKey":{"public":"BRbKmZ80EvLGrqe0GBP07a5vtR86YXc2OMYXz0eGeFU2"},"senderMessageKeys":[]},{"senderKeyId":210803677,"senderChainKey":{"iteration":3,"seed":"8y1ZqRWE/WscApboC169uocmR6an1ccyZdivvX2WJFk="},"senderSigningKey":{"public":"BVGXTIXQ4g8XoQqeY1ELZxIbILBoqipnwvfDlyvvvwBZ"},"senderMessageKeys":[]},{"senderKeyId":688890790,"senderChainKey":{"iteration":2,"seed":"K4y7hLkzbEb2LmISIUGBV7PUloQB1cNBt7DwBlWyQqY="},"senderSigningKey":{"public":"BXhIFjXIZe8FAllTaSNORuI6pWUadbVwascXy6h9Aeon"},"senderMessageKeys":[]}]