[{"senderKeyId":1076028484,"senderChainKey":{"iteration":2,"seed":"6pxivILZ00rGu0ODHpJExb9cMcuDs+Fwz+07/7vbOcI="},"senderSigningKey":{"public":"Bat+ndi8DwgBLvy/V94sml3cJm83ZO11Ou++QuAYV3w+"},"senderMessageKeys":[]},{"senderKeyId":1551937064,"senderChainKey":{"iteration":1,"seed":"b5lFdL+u8g/vfPd8Dmb2JPjOCZNOsnurFdgNBc01McA="},"senderSigningKey":{"public":"BRGBSb9hS/UnHq5RchS3+8RGlUXGs3pPaF8q02Gjz0Ng"},"senderMessageKeys":[]},{"senderKeyId":1953563546,"senderChainKey":{"iteration":1,"seed":"0k+IpHebjxjxOpwovsGacFt8I396KJG7hi7shBDX2z8="},"senderSigningKey":{"public":"BXvYlgp2TvleezQk1m+r2zm8Qdl/PVl1FxX5XgPxW7V2"},"senderMessageKeys":[]}]