[{"senderKeyId":1874734442,"senderChainKey":{"iteration":11,"seed":"euyHwSnKDkSWU4FjdQX5olL7JsTRMGD0rvM9Mc0Sjjg="},"senderSigningKey":{"public":"BZJPDgC/UiB1AZ3+9C4+igoXJ8bYS/cFZMuSxqEVNdw2"},"senderMessageKeys":[]},{"senderKeyId":1874734442,"senderChainKey":{"iteration":1,"seed":"tu8SHq58+mwEwf5lphf1Qy7odf7d3F4Zdy6rpgEvJVo="},"senderSigningKey":{"public":"BZJPDgC/UiB1AZ3+9C4+igoXJ8bYS/cFZMuSxqEVNdw2"},"senderMessageKeys":[]},{"senderKeyId":1251692233,"senderChainKey":{"iteration":17,"seed":"QgY22wEO+hNmKE74AFVSXF1Tq9+pmy5GuuvXKaybkfE="},"senderSigningKey":{"public":"BTbXalhjTMxUHmY/A30ulFGaZZWybFSaVcazfy3qPi8y"},"senderMessageKeys":[]},{"senderKeyId":1141107953,"senderChainKey":{"iteration":3,"seed":"7o5Xl5cilX8H0dMuq/Yb3sPY40vS/eslxHj9vevuRk4="},"senderSigningKey":{"public":"BTALXYhMFYi6G9xLTQcrvjpRNVwryaE82s/+wMdakC8n"},"senderMessageKeys":[]},{"senderKeyId":1215281037,"senderChainKey":{"iteration":7,"seed":"vcGRtRDvJriFQnf5Cp7lLsGp0a12/4Qks3aNYpDBPTI="},"senderSigningKey":{"public":"BSGhfXnW+yiTqGubVHAT87IqWN9qjoSdkF75pG7TavJp"},"senderMessageKeys":[]}]