[{"senderKeyId":649549647,"senderChainKey":{"iteration":53,"seed":"rJhZWQJNiEf7ixvwwa4/F5eRF+xsH1CKIoCgSy80Mqg="},"senderSigningKey":{"public":"BQb4WxV7wkWUNH3/lDAMMF+1kXaHhpDHYXiCskWuVFpF"},"senderMessageKeys":[]},{"senderKeyId":649549647,"senderChainKey":{"iteration":49,"seed":"5pGW5x7Hm0JxFC2WhicFxk4Zpd2RONfUc9w9y+ROuGk="},"senderSigningKey":{"public":"BQb4WxV7wkWUNH3/lDAMMF+1kXaHhpDHYXiCskWuVFpF"},"senderMessageKeys":[]},{"senderKeyId":1951512447,"senderChainKey":{"iteration":2,"seed":"ro8/+jzdhog5+kon9xNYzN/DijLND7GpZBDuhvGKgbc="},"senderSigningKey":{"public":"Bbgdt3QFJ2PLYoj/bt8g505kZI/FM25TK9pr7To84+hd"},"senderMessageKeys":[]}]