[{"senderKeyId":363229936,"senderChainKey":{"iteration":25,"seed":"q18tJBBO7wsvEmt5GylmZSRqOK+a7OjQhydqIVAwS/E="},"senderSigningKey":{"public":"BfQQKf17sSTeOUMHu3CAOcQJZ4BIbOG/D232IrO3Voxc"},"senderMessageKeys":[]},{"senderKeyId":1764496775,"senderChainKey":{"iteration":1,"seed":"Xvnpoya83VXbAbqSybtEhJ4iTacTqTeZI4j3skhOX0E="},"senderSigningKey":{"public":"BZmhd5TvZIAunsX+bME9uC24ipgryDNqOBHE135YvKBt"},"senderMessageKeys":[]},{"senderKeyId":564773032,"senderChainKey":{"iteration":7,"seed":"LDgHxap+rJKO1MW4r1bUn0nuBS+EedSX0XnkdTjCC18="},"senderSigningKey":{"public":"BXAPBCWBz3pyrP+nFQFlWQ5Wcf6hG0+5TK6QFLqmeVEQ"},"senderMessageKeys":[]},{"senderKeyId":884483502,"senderChainKey":{"iteration":3,"seed":"35+Vv2tRpayHqFuECaRFlrnqb5MEyrcozGGPWrm4gJA="},"senderSigningKey":{"public":"BS6d6TbVchr70x5IoIhr3DuS4dY9pWkYm0wkB3mQZ3lm"},"senderMessageKeys":[]},{"senderKeyId":403271248,"senderChainKey":{"iteration":1,"seed":"TIOG9KuiUuo7sSFH18jY17tlHcdjCwEQFFF8edmktwM="},"senderSigningKey":{"public":"BXFMua69KLO0/JhCltjeJiHu07kcmYPNveJLAuonqqZ6"},"senderMessageKeys":[]}]