[{"senderKeyId":84917162,"senderChainKey":{"iteration":63,"seed":"j/usqzZ3gHMafuw4MUvbiwGzI52NnV6mm5/cqIF4CZM="},"senderSigningKey":{"public":"BaSP/VY+AByedh+d/iGjWPNNYfS7l4Q83JrTVJdkqp5E"},"senderMessageKeys":[]},{"senderKeyId":84917162,"senderChainKey":{"iteration":58,"seed":"Ae9WFxw8Ww5Jxf6IZQh7mc9t7a+mguQUhuBCZWh4Hck="},"senderSigningKey":{"public":"BaSP/VY+AByedh+d/iGjWPNNYfS7l4Q83JrTVJdkqp5E"},"senderMessageKeys":[]},{"senderKeyId":84917162,"senderChainKey":{"iteration":59,"seed":"EIfrEFmAJDLfwaxlL8iGT7gTDCqmA9s/HDPE6K7fhlc="},"senderSigningKey":{"public":"BaSP/VY+AByedh+d/iGjWPNNYfS7l4Q83JrTVJdkqp5E"},"senderMessageKeys":[]},{"senderKeyId":84917162,"senderChainKey":{"iteration":62,"seed":"huNpgvtSKRDHBteBJZfPBCnZmojlvxSvsO18Xt9hpec="},"senderSigningKey":{"public":"BaSP/VY+AByedh+d/iGjWPNNYfS7l4Q83JrTVJdkqp5E"},"senderMessageKeys":[]}]