[{"senderKeyId":689035384,"senderChainKey":{"iteration":3,"seed":"F3ukd1FZ/fSaBR0nlIgFtXuqAnMUtB/CcOfgWaQF+EY="},"senderSigningKey":{"public":"BU+hljIHripZuY0eQJTWrsEvzx9eUjhMXOmpiF5f0M0S"},"senderMessageKeys":[]},{"senderKeyId":991171735,"senderChainKey":{"iteration":8,"seed":"uCBIkEymHY02H4q5p0gSdGnbsrzB1YKDiGFphC6AFaU="},"senderSigningKey":{"public":"BegJ5rz4r8qx1Nih1Ewtvq8lvAhaSINkhQutPeIQ64Qc"},"senderMessageKeys":[]},{"senderKeyId":689035384,"senderChainKey":{"iteration":2,"seed":"0nDpfk++uqzTQcw2a3OElkH4hsgqWnPeCJXM8IvEpuw="},"senderSigningKey":{"public":"BU+hljIHripZuY0eQJTWrsEvzx9eUjhMXOmpiF5f0M0S"},"senderMessageKeys":[]},{"senderKeyId":19229733,"senderChainKey":{"iteration":2,"seed":"pGB8JpvEGHboffvLMWy+5Fqhil0fLBDFF6Iy7LaNINg="},"senderSigningKey":{"public":"BfSE3iarzQo8eQ491VWaRuUP+ATGlx734nyjZAnZF4Q4"},"senderMessageKeys":[]}]