[{"senderKeyId":1439686320,"senderChainKey":{"iteration":14,"seed":"C4T7tFugyjklfZnirl8J/bKe9NNuNeITar1OXslm8sE="},"senderSigningKey":{"public":"BcQ+6LUS7GqJtK5MN7YIsei0+qdk5qfiCXtuCw6J6eNa"},"senderMessageKeys":[]},{"senderKeyId":1805394,"senderChainKey":{"iteration":4,"seed":"4wMFGazIRgpY1NGGUQNpYXzKDb0qAOPGTL6cRQ4A/bo="},"senderSigningKey":{"public":"BYYnAJNnp6iYACGMr5pY6gPUy+5WXCuJPyZ9oLGIKpR1"},"senderMessageKeys":[]},{"senderKeyId":1560572974,"senderChainKey":{"iteration":2,"seed":"/+SfRzFBl5Rv7B+Kb8YUQXxrw0bPokvxeYnqJ5biJU4="},"senderSigningKey":{"public":"BTyOReAULtEhT4Mfskct7KrL5J8cz8O/ZmYYrcKYoBM/"},"senderMessageKeys":[]}]