{"_sessions":{"BetX2xq8JIRtfED+Wfw3TwkitW3bSEabDCja6dAT7cFo":{"registrationId":875075027,"currentRatchet":{"ephemeralKeyPair":{"pubKey":"Bd1mR5K5NyZneKOqsAIsTSoLAK2XmeJoytqgOH8ybFN+","privKey":"eP0G7zr2zd2F1v6ygN7wQanVuKXfKBJeuWTsr7JNg2o="},"lastRemoteEphemeralKey":"BTou/7XUwVSPDibjuAsTV8jMtgVWFqzot8HVqOdk5+IC","previousCounter":0,"rootKey":"mdU4xNRHdOqs6mmKE0rk5lcJ4p/fNpRaSJDeN6BJtyU="},"indexInfo":{"baseKey":"BetX2xq8JIRtfED+Wfw3TwkitW3bSEabDCja6dAT7cFo","baseKeyType":1,"closed":-1,"used":1689292176520,"created":1689292176520,"remoteIdentityKey":"BS1fvP9WmB/GY+UmZDHBY3yONLi2oGYYlKG1jYVG+ptA"},"_chains":{"Bd1mR5K5NyZneKOqsAIsTSoLAK2XmeJoytqgOH8ybFN+":{"chainKey":{"counter":2,"key":"us7BTH/CUvJ+eDfyaEqemZJRQBo/rxKFg0vmeEEb/kw="},"chainType":1,"messageKeys":{}}},"pendingPreKey":{"signedKeyId":4,"baseKey":"BetX2xq8JIRtfED+Wfw3TwkitW3bSEabDCja6dAT7cFo"}}},"version":"v1"}