{"_sessions":{"Ba1bAeQxOFqaWE9HzF+63yoEvaYq+YO6std7VIHmvLAG":{"registrationId":1396114558,"currentRatchet":{"ephemeralKeyPair":{"pubKey":"BcVfID96zwvMYw2gzT0/GV0XO5Kd9AhRfSsFUR+BbJlx","privKey":"uPWrqY8DZzg6u7ZhySISIKPxivj1z9wmi08UohIgf0c="},"lastRemoteEphemeralKey":"BTUtrbbKHOVeTB8m+UoDvJxDT+Ozn4wbUTa0iTvD66hr","previousCounter":0,"rootKey":"VelmzdVWghNGTbRJfpvmPK8ax9vqTexdBLtZj9N3bWI="},"indexInfo":{"baseKey":"Ba1bAeQxOFqaWE9HzF+63yoEvaYq+YO6std7VIHmvLAG","baseKeyType":1,"closed":-1,"used":1689292176615,"created":1689292176615,"remoteIdentityKey":"BdokH5ClymbR3TB/561EFeWgJllrZjUnBac1KYj1SWp1"},"_chains":{"BcVfID96zwvMYw2gzT0/GV0XO5Kd9AhRfSsFUR+BbJlx":{"chainKey":{"counter":2,"key":"c2W+qtFxEhoMz9aZs/hghplDiOIpL3dshbKfikjC1m8="},"chainType":1,"messageKeys":{}}},"pendingPreKey":{"signedKeyId":6,"baseKey":"Ba1bAeQxOFqaWE9HzF+63yoEvaYq+YO6std7VIHmvLAG"}}},"version":"v1"}