{"_sessions":{"BT5yN5KoEoF/ff3+sXRZFc8ngv2wwRaP9DewQ0Jtgn1T":{"registrationId":1513212671,"currentRatchet":{"ephemeralKeyPair":{"pubKey":"BQ+LJa+v5mzBVOFkukNyTHASlqT7joYMW86AyknIzkg2","privKey":"UOb9JsgQoV9kz6Z4zXnnmkB+6bLROi/spdVQw8Fh0X4="},"lastRemoteEphemeralKey":"BR7Byz1jmH2oo9bKWV7KMy7Ow0fdiaiREXEr8rsmjrVf","previousCounter":0,"rootKey":"0reJv1bG/70hV3KoVVoMeteQrEvF12yQYXHqO/rH1yU="},"indexInfo":{"baseKey":"BT5yN5KoEoF/ff3+sXRZFc8ngv2wwRaP9DewQ0Jtgn1T","baseKeyType":1,"closed":-1,"used":1689292177512,"created":1689292177512,"remoteIdentityKey":"BfKFa55sraxrS9VXmGBqSWbtaBbZIfh94OIQRq/JI1N7"},"_chains":{"BQ+LJa+v5mzBVOFkukNyTHASlqT7joYMW86AyknIzkg2":{"chainKey":{"counter":2,"key":"ehDKXqYnxLOUHO+m9IGde3voiwNDHHruMwooxKQi5GQ="},"chainType":1,"messageKeys":{}}},"pendingPreKey":{"signedKeyId":0,"baseKey":"BT5yN5KoEoF/ff3+sXRZFc8ngv2wwRaP9DewQ0Jtgn1T"}}},"version":"v1"}