{"_sessions":{"BUHhaHw0WtN5+rYzUf2cAJgaNCrPQi/DyIIZi0pyay44":{"registrationId":1972599560,"currentRatchet":{"ephemeralKeyPair":{"pubKey":"Bffzl1GW1rYQl7IqrLWleI6teZAYILBQgtPjwkdPcaRd","privKey":"6NDYXjmW2tE1pUZvDPmvpuR8ecoNeTvj5mh7jRp7x2Y="},"lastRemoteEphemeralKey":"BQIQgPmzb4r7/fSAW5BdKySKNhXgjQl+05ec6XdPOw0y","previousCounter":0,"rootKey":"T4bSf7YjQyiNiYNv37DS+nGDEMgOKHZIsZ8AzDS3lL8="},"indexInfo":{"baseKey":"BUHhaHw0WtN5+rYzUf2cAJgaNCrPQi/DyIIZi0pyay44","baseKeyType":1,"closed":1689316234312,"used":1689294325324,"created":1689294325324,"remoteIdentityKey":"Bdwsm1ZLWTGvbBqOGm17GgDcKPypYf8CjT93hS8PfKYA"},"_chains":{"Bffzl1GW1rYQl7IqrLWleI6teZAYILBQgtPjwkdPcaRd":{"chainKey":{"counter":7,"key":"V4E4qGnm/VIu/DQZ6uWkPTQZjuLn1OVA28vlH4NuUZA="},"chainType":1,"messageKeys":{}}},"pendingPreKey":{"signedKeyId":8,"baseKey":"BUHhaHw0WtN5+rYzUf2cAJgaNCrPQi/DyIIZi0pyay44","preKeyId":3497134}},"BZkrbgRkerKhZUwUiPAbvNQeoKos3+VOPz4RQ7yYI0ct":{"registrationId":1972599560,"currentRatchet":{"ephemeralKeyPair":{"pubKey":"BTu+i4tWzDgrdXIIG92FJFmzQEw1YFhfdzqcaPlwLmx2","privKey":"yEdw/YYV+ejZrmpp5vHTafC6poXRRXO7807uMPy5bH8="},"lastRemoteEphemeralKey":"BQIQgPmzb4r7/fSAW5BdKySKNhXgjQl+05ec6XdPOw0y","previousCounter":0,"rootKey":"BbwFCW10dXYbI7zSHAQclb008L2GCPqL4SiO9K6vYU0="},"indexInfo":{"baseKey":"BZkrbgRkerKhZUwUiPAbvNQeoKos3+VOPz4RQ7yYI0ct","baseKeyType":1,"closed":1689316324517,"used":1689316234308,"created":1689316234308,"remoteIdentityKey":"Bdwsm1ZLWTGvbBqOGm17GgDcKPypYf8CjT93hS8PfKYA"},"_chains":{"BTu+i4tWzDgrdXIIG92FJFmzQEw1YFhfdzqcaPlwLmx2":{"chainKey":{"counter":-1,"key":"2m2hZlTRQdV9qVa63Qz8SByRhDlwT/u1jwMlNd238AU="},"chainType":1,"messageKeys":{}}},"pendingPreKey":{"signedKeyId":8,"baseKey":"BZkrbgRkerKhZUwUiPAbvNQeoKos3+VOPz4RQ7yYI0ct","preKeyId":3496988}},"BcwwzpFhxVK/sDNS5XyvAKIQpIXfTAW8koPxWhwMNO4t":{"registrationId":1972599560,"currentRatchet":{"ephemeralKeyPair":{"pubKey":"BWEhF752ELqj3AB/N7smHH8wvrdFWzixy7VwdcILEaFs","privKey":"QDcDrQkkR3YdExgAtA3Wv4E145omzloM80uoWYlB+GI="},"lastRemoteEphemeralKey":"BQIQgPmzb4r7/fSAW5BdKySKNhXgjQl+05ec6XdPOw0y","previousCounter":0,"rootKey":"BtHk7xZ02hKmT4eOHnl2lXOBKQ1A+/vrcdQVS7CTfPk="},"indexInfo":{"baseKey":"BcwwzpFhxVK/sDNS5XyvAKIQpIXfTAW8koPxWhwMNO4t","baseKeyType":1,"closed":1689316328356,"used":1689316324515,"created":1689316324515,"remoteIdentityKey":"Bdwsm1ZLWTGvbBqOGm17GgDcKPypYf8CjT93hS8PfKYA"},"_chains":{"BWEhF752ELqj3AB/N7smHH8wvrdFWzixy7VwdcILEaFs":{"chainKey":{"counter":-1,"key":"JljQzt4rz+iN1vV+XA3WPxiRr+OxIz+gZGIDCtZDAvE="},"chainType":1,"messageKeys":{}}},"pendingPreKey":{"signedKeyId":8,"baseKey":"BcwwzpFhxVK/sDNS5XyvAKIQpIXfTAW8koPxWhwMNO4t","preKeyId":3497094}},"BXIFkRedDmQT4bdJvWMMYLvpKO6qi1HXoDwSjuTVOoBw":{"registrationId":1972599560,"currentRatchet":{"ephemeralKeyPair":{"pubKey":"BQQ6uGg/BwrMWhWZH88OZAtd246NPpzyonyXnauIbS83","privKey":"EDCiATXzRc67wyk2FqxdXv2w/KuhGslZLEN+i4t5C1c="},"lastRemoteEphemeralKey":"BQIQgPmzb4r7/fSAW5BdKySKNhXgjQl+05ec6XdPOw0y","previousCounter":0,"rootKey":"fuc0jUypR+LwDfrrvEELFHUXOeLWoG908iEBSUpDDo0="},"indexInfo":{"baseKey":"BXIFkRedDmQT4bdJvWMMYLvpKO6qi1HXoDwSjuTVOoBw","baseKeyType":1,"closed":1689316330804,"used":1689316328354,"created":1689316328354,"remoteIdentityKey":"Bdwsm1ZLWTGvbBqOGm17GgDcKPypYf8CjT93hS8PfKYA"},"_chains":{"BQQ6uGg/BwrMWhWZH88OZAtd246NPpzyonyXnauIbS83":{"chainKey":{"counter":-1,"key":"v10BCd+ZW45+NsnVR6zl+ipQ0Uu/CssMAcPyVl0tefg="},"chainType":1,"messageKeys":{}}},"pendingPreKey":{"signedKeyId":8,"baseKey":"BXIFkRedDmQT4bdJvWMMYLvpKO6qi1HXoDwSjuTVOoBw","preKeyId":3497058}},"BUtL2MIpF12hNRC28QfmECf5sEE5qaHpXfA0q6Lpr+Rn":{"registrationId":1972599560,"currentRatchet":{"ephemeralKeyPair":{"pubKey":"BYXGojXGkZaIWKzc3t2JUG49uzxo0swMQV+6TZw3E9Z8","privKey":"0KdHcJ8pfuAc1d7H6rFiJ6ir1ExQgmhwfGzjCsAhWH0="},"lastRemoteEphemeralKey":"BQIQgPmzb4r7/fSAW5BdKySKNhXgjQl+05ec6XdPOw0y","previousCounter":0,"rootKey":"YJKafSMEkyqqFt7u9tx7Ce1KYP4XIobeeeMC4Pd/kdo="},"indexInfo":{"baseKey":"BUtL2MIpF12hNRC28QfmECf5sEE5qaHpXfA0q6Lpr+Rn","baseKeyType":1,"closed":1689316337109,"used":1689316330802,"created":1689316330802,"remoteIdentityKey":"Bdwsm1ZLWTGvbBqOGm17GgDcKPypYf8CjT93hS8PfKYA"},"_chains":{"BYXGojXGkZaIWKzc3t2JUG49uzxo0swMQV+6TZw3E9Z8":{"chainKey":{"counter":-1,"key":"wpPf8QS4Hn7a1DpeWSOvOywr2P0qVVDhQyV+85jrWeM="},"chainType":1,"messageKeys":{}}},"pendingPreKey":{"signedKeyId":8,"baseKey":"BUtL2MIpF12hNRC28QfmECf5sEE5qaHpXfA0q6Lpr+Rn","preKeyId":3496445}},"BeLlW+1FrQfSpXQQKJGJinpyxkJKx7UX2uIovzIg0TYq":{"registrationId":1972599560,"currentRatchet":{"ephemeralKeyPair":{"pubKey":"BbxqnqBH/UmeeALZjv8BQ96G1l8Wtp2qZhpe/M6w1ipW","privKey":"kPHIKO3XnM4swsHqbt5BRIXKVgRnY4+ENl9z3qgKlmo="},"lastRemoteEphemeralKey":"BQIQgPmzb4r7/fSAW5BdKySKNhXgjQl+05ec6XdPOw0y","previousCounter":0,"rootKey":"64rR0jc28b7yMPXjoOFx3Y1NTz3whJUn+j+PjX0oKd0="},"indexInfo":{"baseKey":"BeLlW+1FrQfSpXQQKJGJinpyxkJKx7UX2uIovzIg0TYq","baseKeyType":1,"closed":-1,"used":1689316337107,"created":1689316337107,"remoteIdentityKey":"Bdwsm1ZLWTGvbBqOGm17GgDcKPypYf8CjT93hS8PfKYA"},"_chains":{"BbxqnqBH/UmeeALZjv8BQ96G1l8Wtp2qZhpe/M6w1ipW":{"chainKey":{"counter":2,"key":"jF4YVeyuFGCHIYIPIIvNZTUGh/U5ZWvoPSnGGegKlcQ="},"chainType":1,"messageKeys":{}}},"pendingPreKey":{"signedKeyId":8,"baseKey":"BeLlW+1FrQfSpXQQKJGJinpyxkJKx7UX2uIovzIg0TYq","preKeyId":3497082}}},"version":"v1"}