{"_sessions":{"BWJ2J+vJaY2TC48WbAHMcNgwjiTweA759iBW3xq0cWky":{"registrationId":1220900602,"currentRatchet":{"ephemeralKeyPair":{"pubKey":"BXBwTswrht7E1PPVVv1wf3OjeFHuSirm1a8pKzOz3gMB","privKey":"wMfcKUA2a/u0QVMyg2hlTbfUy98Gv7U5UIw95fpF1WM="},"lastRemoteEphemeralKey":"BemmhieRtk45j0mUUwa3QmwMkuEzRtftwe3SZgEKhUBW","previousCounter":0,"rootKey":"6lxqqUl6J7KZ+5+1vAkqUWjgFMtQWmCf8NxP44SW03o="},"indexInfo":{"baseKey":"BWJ2J+vJaY2TC48WbAHMcNgwjiTweA759iBW3xq0cWky","baseKeyType":1,"closed":-1,"used":1689292177244,"created":1689292177244,"remoteIdentityKey":"Bbm2ORnXrjBCz5aFcKeICHp4GgAUjr10BJ9ZZX1QJUhv"},"_chains":{"BXBwTswrht7E1PPVVv1wf3OjeFHuSirm1a8pKzOz3gMB":{"chainKey":{"counter":0,"key":"wE+9/Q0Ut+kYnRLpwDHbTaZlawOW1flyH6X3D6cZ+80="},"chainType":1,"messageKeys":{}}},"pendingPreKey":{"signedKeyId":15,"baseKey":"BWJ2J+vJaY2TC48WbAHMcNgwjiTweA759iBW3xq0cWky","preKeyId":15769279}}},"version":"v1"}