{"_sessions":{"BdNRg1tnBu0zN3jN0CtTURtfwx94jF///n8IrnSdqbJE":{"registrationId":1057376805,"currentRatchet":{"ephemeralKeyPair":{"pubKey":"BQJOsMUpxSkxigJ976rYG4hKwD+r/NIl8CFFf3VxPlou","privKey":"eM82Sdwc9quFnn/nnlqpeEZPF27ocB1Dqf8pV3eW51E="},"lastRemoteEphemeralKey":"BYbbVhl5jzJmaXjtnlZjFxU3T/Wye67ClG6oRsAsLPN0","previousCounter":0,"rootKey":"Nc9GzkjrutxOQAF9RADoXTpody4e+4/MWOnIH4btMG0="},"indexInfo":{"baseKey":"BdNRg1tnBu0zN3jN0CtTURtfwx94jF///n8IrnSdqbJE","baseKeyType":1,"closed":-1,"used":1689292177196,"created":1689292177196,"remoteIdentityKey":"BeZ/x3ZAuvmPifBrNva3hWKOTwT/J82vAIpvpaMeVSAI"},"_chains":{"BQJOsMUpxSkxigJ976rYG4hKwD+r/NIl8CFFf3VxPlou":{"chainKey":{"counter":0,"key":"5Wsww01jcnvL+5hIQGLn9/hdXoWEC8KjqF+k3sijbFg="},"chainType":1,"messageKeys":{}}},"pendingPreKey":{"signedKeyId":4,"baseKey":"BdNRg1tnBu0zN3jN0CtTURtfwx94jF///n8IrnSdqbJE"}}},"version":"v1"}