{"_sessions":{"BS2ZllrwDSlHFgvU5DnFIu62rmd8EPihHWVNVtR7wbRV":{"registrationId":608081186,"currentRatchet":{"ephemeralKeyPair":{"pubKey":"BfcfjvB0kWhgt2AqhkrxvGHpchFuRNzZlcBpHWuzp/h0","privKey":"GNWYuMn+a24kQa8mhlzDIVTWqW/OoQw6HlQk7NCMI2M="},"lastRemoteEphemeralKey":"BW80forXX2jHk1cCoY2DCU++twMV/eIC2XN5YY+F6H5u","previousCounter":0,"rootKey":"+BEhsH4AMvgkU1jlTzA9Y/y3CrUmGRpV1ZnTFBlsvMM="},"indexInfo":{"baseKey":"BS2ZllrwDSlHFgvU5DnFIu62rmd8EPihHWVNVtR7wbRV","baseKeyType":1,"closed":-1,"used":1689292177221,"created":1689292177221,"remoteIdentityKey":"BTmcmbjxYad8OVOxthyXrP8pTkc7lg/XTH78lzRB4bUN"},"_chains":{"BfcfjvB0kWhgt2AqhkrxvGHpchFuRNzZlcBpHWuzp/h0":{"chainKey":{"counter":0,"key":"gKvNsXBNvIwCQX0LPeFpFwoubzDc5pf0ejc8N/s699M="},"chainType":1,"messageKeys":{}}},"pendingPreKey":{"signedKeyId":3,"baseKey":"BS2ZllrwDSlHFgvU5DnFIu62rmd8EPihHWVNVtR7wbRV","preKeyId":7333455}}},"version":"v1"}