{"_sessions":{"BZ2Ty9Dca032E3wWdGJ5sUCNxeQDEkRnOtMjzNBLMuJ1":{"registrationId":1423291278,"currentRatchet":{"ephemeralKeyPair":{"pubKey":"BV1VugRK2Lzsz8H3TBoL/UswIytCaNGXp7/Um7HxwEhC","privKey":"CHwjMTc50jCNwUu7757JwVuc51BckvwOb3zjYVJn8WA="},"lastRemoteEphemeralKey":"BSzy+Sq2dYJJB9MstUC7AnVGiYrC+L6xug3ZIlwyF+Al","previousCounter":0,"rootKey":"4KW3aEFkkubhMvHFysYPiMaFg1me/scnE+NRS9GZ9aA="},"indexInfo":{"baseKey":"BZ2Ty9Dca032E3wWdGJ5sUCNxeQDEkRnOtMjzNBLMuJ1","baseKeyType":1,"closed":1689327348554,"used":1689327337718,"created":1689327337718,"remoteIdentityKey":"BbEpHW1PHso1F/Nuv4e9CB9vqAAOY/9jUS5XLmXzH98i"},"_chains":{"BV1VugRK2Lzsz8H3TBoL/UswIytCaNGXp7/Um7HxwEhC":{"chainKey":{"counter":0,"key":"c69mOIeayzC2uYz9Un5fi968F5V7oMgmSOCvodE5ogU="},"chainType":1,"messageKeys":{}}},"pendingPreKey":{"signedKeyId":5,"baseKey":"BZ2Ty9Dca032E3wWdGJ5sUCNxeQDEkRnOtMjzNBLMuJ1","preKeyId":1393149}},"BUqoXISS6onYBAaczBhJ7wiHofQGoCsjkwlb40sMJl13":{"registrationId":1423291278,"currentRatchet":{"ephemeralKeyPair":{"pubKey":"BVE3Yo6CWi8gMt10z53GV2fuyKMGa0l00HzOxUFbuhRo","privKey":"kBpKnzGVMKn41Ok3u4DKpGpfXFPzF0izBVFrFzY9NGM="},"lastRemoteEphemeralKey":"BSzy+Sq2dYJJB9MstUC7AnVGiYrC+L6xug3ZIlwyF+Al","previousCounter":0,"rootKey":"RgRhVKi0Af//QyxHy47hi76jI/UaC1nJPafOlGGeMRw="},"indexInfo":{"baseKey":"BUqoXISS6onYBAaczBhJ7wiHofQGoCsjkwlb40sMJl13","baseKeyType":1,"closed":-1,"used":1689327348546,"created":1689327348546,"remoteIdentityKey":"BbEpHW1PHso1F/Nuv4e9CB9vqAAOY/9jUS5XLmXzH98i"},"_chains":{"BVE3Yo6CWi8gMt10z53GV2fuyKMGa0l00HzOxUFbuhRo":{"chainKey":{"counter":0,"key":"wv4TMFFTorAwGA1tVVfjyXYwFCGUKsiKzvyS+HKh4Gs="},"chainType":1,"messageKeys":{}}},"pendingPreKey":{"signedKeyId":5,"baseKey":"BUqoXISS6onYBAaczBhJ7wiHofQGoCsjkwlb40sMJl13","preKeyId":1393109}}},"version":"v1"}