{"_sessions":{"BY2863Nyxx/E/xezrd5SW/vbYWoH08CLPvauonjSKa9J":{"registrationId":772047678,"currentRatchet":{"ephemeralKeyPair":{"pubKey":"BalodFhzxxzlie8gIrp8EBj7mi6wngTMlhKP3FINt2ht","privKey":"0KrDbf5SMbcle9GZF/YyzRhcMZklb7Z7TigSEgrTfEo="},"lastRemoteEphemeralKey":"BehMNYkcnb9fJJ8qMMeb4jVRYwJl6G969dYHhjKrJB1n","previousCounter":0,"rootKey":"kpLS0S3mz2QRYpY4W05LqExOttHGnqJbghrzEMW2kpI="},"indexInfo":{"baseKey":"BY2863Nyxx/E/xezrd5SW/vbYWoH08CLPvauonjSKa9J","baseKeyType":1,"closed":-1,"used":1689292177039,"created":1689292177039,"remoteIdentityKey":"BUgYye1qSAueGbzbFrsY426KzzralBRmkZ/zS88ipUkE"},"_chains":{"BalodFhzxxzlie8gIrp8EBj7mi6wngTMlhKP3FINt2ht":{"chainKey":{"counter":0,"key":"fZIE25cQ28rcblaRBHUCAabP91d0S2g/Kmiqk8vDD08="},"chainType":1,"messageKeys":{}}},"pendingPreKey":{"signedKeyId":26,"baseKey":"BY2863Nyxx/E/xezrd5SW/vbYWoH08CLPvauonjSKa9J","preKeyId":15807332}}},"version":"v1"}