{"_sessions":{"BaZmOnfRu5jdwv8Vo/H4Qf+LH1M7ebX86+dX2RO4wUgz":{"registrationId":106685819,"currentRatchet":{"ephemeralKeyPair":{"pubKey":"Be2dKpQMVESjNB81iy+jANGbPRn20xep9gmcev8rBXB+","privKey":"qO+koq4Ccs2dO0QmF2jPQQGbFRWXK8cd9nplDmiRLEk="},"lastRemoteEphemeralKey":"BQ5JSn1EOyHxvjCsx74OEcmU6FmqzEiVJ0KJaqzHZmdr","previousCounter":0,"rootKey":"Y8ZxrmyyMJZ1H5wLI4/RYvbggfyvbWsprpP4S3WyBkQ="},"indexInfo":{"baseKey":"BaZmOnfRu5jdwv8Vo/H4Qf+LH1M7ebX86+dX2RO4wUgz","baseKeyType":1,"closed":-1,"used":1689292176720,"created":1689292176720,"remoteIdentityKey":"BdPN7do2KV5coKH0xd15FYqePLf9qNhjxFKsnhiMKLV6"},"_chains":{"Be2dKpQMVESjNB81iy+jANGbPRn20xep9gmcev8rBXB+":{"chainKey":{"counter":0,"key":"9PpsGSmVcwGsb5pYk/GiBhM7U8q9xIsOMJSaul4qJV0="},"chainType":1,"messageKeys":{}}},"pendingPreKey":{"signedKeyId":3,"baseKey":"BaZmOnfRu5jdwv8Vo/H4Qf+LH1M7ebX86+dX2RO4wUgz"}}},"version":"v1"}