{"_sessions":{"BaSFV0KQTZmzIJoDoeDlsqjJYoVXAa54P2mHvfVDeEdu":{"registrationId":1345884285,"currentRatchet":{"ephemeralKeyPair":{"pubKey":"BVfIWgTTETA8PYvMz/otxb12y4Wwz1oaZux/qElNUtUY","privKey":"CPZpxnW3UoKX8m/A5Yu2gb01FcEtYvKxc4KovLUibGw="},"lastRemoteEphemeralKey":"BWyHViIvHqDY2zQcvN6LwxcYEDv6JZpRTIXokiFZ4hlL","previousCounter":0,"rootKey":"vuPZlmL5Leda0mtjGcvuCTqIVtOEvCLbK8Y2hVQYwSA="},"indexInfo":{"baseKey":"BaSFV0KQTZmzIJoDoeDlsqjJYoVXAa54P2mHvfVDeEdu","baseKeyType":1,"closed":-1,"used":1689292177334,"created":1689292177334,"remoteIdentityKey":"BU5VRcO6hnh2B7U09G8NP9gmgXHQPLvPmlPgSIW+2DkC"},"_chains":{"BVfIWgTTETA8PYvMz/otxb12y4Wwz1oaZux/qElNUtUY":{"chainKey":{"counter":0,"key":"v2l+Ob17YAhkuo6RF9P04H8DLgBVDLswH1rNrMFP02o="},"chainType":1,"messageKeys":{}}},"pendingPreKey":{"signedKeyId":4,"baseKey":"BaSFV0KQTZmzIJoDoeDlsqjJYoVXAa54P2mHvfVDeEdu"}}},"version":"v1"}