{"_sessions":{"BRIQ2lCwdpiBQPwVWQfgq6irM9IqcO2C16sJSCVqeTpM":{"registrationId":2112638011,"currentRatchet":{"ephemeralKeyPair":{"pubKey":"BcbDDuV2Z8i51MmxlXlcTvmr+YkCuRWKifKVu10MPDEg","privKey":"UBobYpt6gsSJlTz64vyDjICokmAI8wHd1oE22izymWk="},"lastRemoteEphemeralKey":"Bc65DzmBPyOJLu3k2aQ+0rGu30EuYs+pxFZ9zdLSNvIK","previousCounter":0,"rootKey":"wHOSL44gFEjMVhpInePa3ZMIbpp12ZhgFlkiiz15I9k="},"indexInfo":{"baseKey":"BRIQ2lCwdpiBQPwVWQfgq6irM9IqcO2C16sJSCVqeTpM","baseKeyType":1,"closed":-1,"used":1689292177297,"created":1689292177297,"remoteIdentityKey":"BeBOTuvCnw2H+sYvr1J66qhyVi7eybyeTl0vjVCuNy8n"},"_chains":{"BcbDDuV2Z8i51MmxlXlcTvmr+YkCuRWKifKVu10MPDEg":{"chainKey":{"counter":0,"key":"BfShSpsFbmGcDVAgtvtFdEDnjtAVGMVycvUyWIAn0fY="},"chainType":1,"messageKeys":{}}},"pendingPreKey":{"signedKeyId":18,"baseKey":"BRIQ2lCwdpiBQPwVWQfgq6irM9IqcO2C16sJSCVqeTpM"}}},"version":"v1"}