{"_sessions":{"BQdxmPhmfxr0CDm0AR4/ZOmx/W5i86MHtDr1sFZ/quh+":{"registrationId":399209834,"currentRatchet":{"ephemeralKeyPair":{"pubKey":"BUZo/etwItHb3QkrPeTXK37qYN5l9oVtxEzNvepv4Oc+","privKey":"IEYgOyo+k1DJkifHtYpiLb5TvS5mVRJx+qdUjSFycVA="},"lastRemoteEphemeralKey":"BVtgvUK0canlaVBIV38/MDVZjMdxSD4aRtZp8l2fwcUe","previousCounter":0,"rootKey":"ssApgpUBzBdhcfs2rxY66Qak9WCKlyPAJyLjxBspupg="},"indexInfo":{"baseKey":"BQdxmPhmfxr0CDm0AR4/ZOmx/W5i86MHtDr1sFZ/quh+","baseKeyType":1,"closed":-1,"used":1689302098015,"created":1689302098015,"remoteIdentityKey":"Be2OsHsWzbsB/BB2olmGlE7KO+Y6TpA+FBxyTmD27s9w"},"_chains":{"BUZo/etwItHb3QkrPeTXK37qYN5l9oVtxEzNvepv4Oc+":{"chainKey":{"counter":3,"key":"KHtRy3zEoQB1EDBIFXUtFUIxP13D6mHmWA2acrEhzI4="},"chainType":1,"messageKeys":{}}},"pendingPreKey":{"signedKeyId":7,"baseKey":"BQdxmPhmfxr0CDm0AR4/ZOmx/W5i86MHtDr1sFZ/quh+","preKeyId":3275329}}},"version":"v1"}