{"_sessions":{"BchP9N+LmcEamUyh3v44EHC/qalaZyOlT3oKl45BkAgQ":{"registrationId":1942744459,"currentRatchet":{"ephemeralKeyPair":{"pubKey":"BR5r+ILuodtVjb1wiejP6GdGwnXmhYMsJNk12qevMmxC","privKey":"wH154iHxOKB3fFqa44880P584rljTF8N+AoS0SNyJWc="},"lastRemoteEphemeralKey":"BY5XfH1QoDcFNOL9piwqa8GMvPDnrLBQJj/eQoiwZZ92","previousCounter":0,"rootKey":"M04HM8aSKfePg2HnBn16tG/1BSZcxooXxk8RsRx2jN8="},"indexInfo":{"baseKey":"BchP9N+LmcEamUyh3v44EHC/qalaZyOlT3oKl45BkAgQ","baseKeyType":1,"closed":-1,"used":1689292176628,"created":1689292176628,"remoteIdentityKey":"BSG0acOhQgHVxNvxa512W3YEEzcLHdwfSMSRbkOXwVhS"},"_chains":{"BR5r+ILuodtVjb1wiejP6GdGwnXmhYMsJNk12qevMmxC":{"chainKey":{"counter":2,"key":"N44ILDsN9BB5WhDcbhZtRdy9Ez6hPsiHTbNVfezpnkU="},"chainType":1,"messageKeys":{}}},"pendingPreKey":{"signedKeyId":2,"baseKey":"BchP9N+LmcEamUyh3v44EHC/qalaZyOlT3oKl45BkAgQ"}}},"version":"v1"}