{"_sessions":{"BZ+CIjOX7pkLG+ZHaJcTH71oEZ6fTD+sD3o+IeV1iVpr":{"registrationId":889123766,"currentRatchet":{"ephemeralKeyPair":{"pubKey":"BbANdbzBm0yQRbeXBqjyZXnbAonCSn27OvTXyEBf6XpL","privKey":"oF+/whxbd5XjzSmuvvMJT4cHIZNjDRmKGIV5SxUPjG0="},"lastRemoteEphemeralKey":"BfumkxeWuQSaOm33z4IU5UXhu19tYqBWkLtIcE9N4bgl","previousCounter":0,"rootKey":"NjVsnFMv4dCSYjRuiuYJvn5wLLe87RC9bT6r7aiqldY="},"indexInfo":{"baseKey":"BZ+CIjOX7pkLG+ZHaJcTH71oEZ6fTD+sD3o+IeV1iVpr","baseKeyType":1,"closed":-1,"used":1689292177206,"created":1689292177206,"remoteIdentityKey":"BWCLHkC1KdSfyatZZB1/zQuO9eDCbOOq0eO2TdT+Xud2"},"_chains":{"BbANdbzBm0yQRbeXBqjyZXnbAonCSn27OvTXyEBf6XpL":{"chainKey":{"counter":5,"key":"nejy1Kta3OuK8J6cBUjn8EzR82yXr+ZPqtbAca0qiHc="},"chainType":1,"messageKeys":{}}},"pendingPreKey":{"signedKeyId":1,"baseKey":"BZ+CIjOX7pkLG+ZHaJcTH71oEZ6fTD+sD3o+IeV1iVpr"}}},"version":"v1"}