{"_sessions":{"BeBZrs6Fwq8Z2kXq7TXVTBWQ0FtID04UTG4DNr1oPwNi":{"registrationId":257087615,"currentRatchet":{"ephemeralKeyPair":{"pubKey":"BdJqJWFAY4ykr0l27xv+7vUUeaa7I9NQg3F+AFxoCTEa","privKey":"0HtXXuWeEXKyg47RFUw4x/TwxqkGjzZofZ7rbeCovmc="},"lastRemoteEphemeralKey":"BSXCbL2Z+/Q28phEI10kKih2f0vw1XJMHNRe5iO+xBdw","previousCounter":0,"rootKey":"7NWnbE1cbKNVWu7Mg8/D6bz5ZvvkhFKXrJdlA3UZc64="},"indexInfo":{"baseKey":"BeBZrs6Fwq8Z2kXq7TXVTBWQ0FtID04UTG4DNr1oPwNi","baseKeyType":1,"closed":1689327368371,"used":1689327337805,"created":1689327337805,"remoteIdentityKey":"BSCm0TZO+WfTmKcQUfnst+iEbbppyWhjko3u8NA2/LxX"},"_chains":{"BdJqJWFAY4ykr0l27xv+7vUUeaa7I9NQg3F+AFxoCTEa":{"chainKey":{"counter":0,"key":"qNsKjsTqYLAPSH9UkMTCmp65cQSisoCqmimrhRITip0="},"chainType":1,"messageKeys":{}}},"pendingPreKey":{"signedKeyId":2,"baseKey":"BeBZrs6Fwq8Z2kXq7TXVTBWQ0FtID04UTG4DNr1oPwNi","preKeyId":471651}},"BdUtManytV7nngtXfpGtAUZnFRmNVONShpXNo59/Godx":{"registrationId":257087615,"currentRatchet":{"ephemeralKeyPair":{"pubKey":"BSU24/IWewZVmOlMg5vcU8tBgsQ/M+64VTOZASssoINi","privKey":"qKrjYiA/1Pbr+jdm66aNaYDcwUkjm0B80lXZ1it8qVc="},"lastRemoteEphemeralKey":"BSXCbL2Z+/Q28phEI10kKih2f0vw1XJMHNRe5iO+xBdw","previousCounter":0,"rootKey":"nqQv1+N6r+zvx+K9PvxEDfxDsfUrzwuaQKUj8wtRjyw="},"indexInfo":{"baseKey":"BdUtManytV7nngtXfpGtAUZnFRmNVONShpXNo59/Godx","baseKeyType":1,"closed":-1,"used":1689327368369,"created":1689327368369,"remoteIdentityKey":"BSCm0TZO+WfTmKcQUfnst+iEbbppyWhjko3u8NA2/LxX"},"_chains":{"BSU24/IWewZVmOlMg5vcU8tBgsQ/M+64VTOZASssoINi":{"chainKey":{"counter":0,"key":"/SD8LvrXLE0b+sTgaEt7VxjEfE6T+dezFDUG93gWmXw="},"chainType":1,"messageKeys":{}}},"pendingPreKey":{"signedKeyId":2,"baseKey":"BdUtManytV7nngtXfpGtAUZnFRmNVONShpXNo59/Godx","preKeyId":471396}}},"version":"v1"}