{"_sessions":{"BWZHtwQOY68M2fy5503jaytBwwZtR9wzk4fR8gPKidQg":{"registrationId":824511857,"currentRatchet":{"ephemeralKeyPair":{"pubKey":"BW5PfP99Ixk4/6YrwG7sBwwZUhAqLJfgyHn5FmYSjyN/","privKey":"kNtw0mh1aZ3sF9rqhZYhMvHqTAwoj1MSH0yqGvaMVmM="},"lastRemoteEphemeralKey":"BUwF1/PzrKqLVwKJOz/vidgt82xsc8+Ws4+CaKYZbVdn","previousCounter":0,"rootKey":"PKD9Hqi4NhDHFPcfA0C6Thh0dRAVI9H7lRKy5xZRXQo="},"indexInfo":{"baseKey":"BWZHtwQOY68M2fy5503jaytBwwZtR9wzk4fR8gPKidQg","baseKeyType":1,"closed":-1,"used":1689292177520,"created":1689292177520,"remoteIdentityKey":"BWLiMpXVbqX5DUxGyNjqV+ZWZoGy8OaWBMYXdxm8NeJZ"},"_chains":{"BW5PfP99Ixk4/6YrwG7sBwwZUhAqLJfgyHn5FmYSjyN/":{"chainKey":{"counter":0,"key":"SFHwUHowHcjrYGBuujwyP40ECdwv7mATNPJQk62CdUA="},"chainType":1,"messageKeys":{}}},"pendingPreKey":{"signedKeyId":7,"baseKey":"BWZHtwQOY68M2fy5503jaytBwwZtR9wzk4fR8gPKidQg"}}},"version":"v1"}