{"_sessions":{"BfIXHuU0apxk6G3hcjg7w2imQh96DpWpVZ3hAWTL96dB":{"registrationId":306070807,"currentRatchet":{"ephemeralKeyPair":{"pubKey":"BZ25bhcpdS0Z8X0s3HfP8WYIcbKNcalUtLkvEhkYl4BR","privKey":"4LWT0ybcrwwgnIiZYaoBelKr/BFgzrt9wVwxpMcOcl8="},"lastRemoteEphemeralKey":"BS6CHN5spXf/h+6kcy5qZMfHIBi/C3h+gRIInMTrV41K","previousCounter":0,"rootKey":"VdSRkc4SZN0rMe+trZU6J993cZgzcgF+xFz2kZPgSBg="},"indexInfo":{"baseKey":"BfIXHuU0apxk6G3hcjg7w2imQh96DpWpVZ3hAWTL96dB","baseKeyType":1,"closed":-1,"used":1689292177002,"created":1689292177002,"remoteIdentityKey":"BY0sbWZXAa7Vb+hsFQ+US9R6GhG8CYQ0wbD2QKSlbI4W"},"_chains":{"BZ25bhcpdS0Z8X0s3HfP8WYIcbKNcalUtLkvEhkYl4BR":{"chainKey":{"counter":2,"key":"kJWiVRdrZG6nYIhAJ00o5JJN7KvLA/RFYbkBIKEODNo="},"chainType":1,"messageKeys":{}}},"pendingPreKey":{"signedKeyId":6,"baseKey":"BfIXHuU0apxk6G3hcjg7w2imQh96DpWpVZ3hAWTL96dB"}}},"version":"v1"}