{"_sessions":{"BciPfqsl861gNyfXzAzoBBUXMmQDk/7OCEjz0qcHalZN":{"registrationId":1266514923,"currentRatchet":{"ephemeralKeyPair":{"pubKey":"BdioeUKfgBsv2hilK+7N9K6DANJRh4LlNGWEU4Vp3kY6","privKey":"AFa1iEmcMxuyDbs/ErBAb8fdo9JGXZHevm1f1gYzWEk="},"lastRemoteEphemeralKey":"BQQxK4XkYxCiVuT0rwiZxdSl8oJQf79JyFgVSkHiC4kW","previousCounter":0,"rootKey":"P8YlB38AfPAKgrM4/I9IBx64LPgFWRN7jxctVKEAixQ="},"indexInfo":{"baseKey":"BciPfqsl861gNyfXzAzoBBUXMmQDk/7OCEjz0qcHalZN","baseKeyType":1,"closed":-1,"used":1689292177422,"created":1689292177422,"remoteIdentityKey":"Bed/nOEBrueTKIRX7XpjUamRcY1pp1OPWWeriF64imsm"},"_chains":{"BdioeUKfgBsv2hilK+7N9K6DANJRh4LlNGWEU4Vp3kY6":{"chainKey":{"counter":3,"key":"L5/w4ZmVlL49/N7Tk8mPeCZ3b/+NiRPHy563eqICu1c="},"chainType":1,"messageKeys":{}}},"pendingPreKey":{"signedKeyId":1,"baseKey":"BciPfqsl861gNyfXzAzoBBUXMmQDk/7OCEjz0qcHalZN"}}},"version":"v1"}