{"_sessions":{"BfE8CnBK9no2yo4CLsj41KCo4ZNGcuxQ8cvLhd4kM3BZ":{"registrationId":1593389509,"currentRatchet":{"ephemeralKeyPair":{"pubKey":"BZUlmWfYkhZwc6Dh9DWDcauY64u8rQHJfVdl1cif+XcN","privKey":"iAh8MaSEDj2OuufCIquSFmWOsaXIXR0h8PTY6zpXkn4="},"lastRemoteEphemeralKey":"Bfg8mSjP3NnLdn/a+YEHVQ6cPGKnAU8cqClCMH/bBQlB","previousCounter":0,"rootKey":"5COYRR5viGU/JobIbzOMpv0q7Ium74eFa30sagyaQDc="},"indexInfo":{"baseKey":"BfE8CnBK9no2yo4CLsj41KCo4ZNGcuxQ8cvLhd4kM3BZ","baseKeyType":1,"closed":-1,"used":1689292177337,"created":1689292177337,"remoteIdentityKey":"BZ8U0Tps8NaA3P0YcVCXo9E71K7GSlH24XFP7Gf8OcYt"},"_chains":{"BZUlmWfYkhZwc6Dh9DWDcauY64u8rQHJfVdl1cif+XcN":{"chainKey":{"counter":0,"key":"/mScgC/tu536vA9fcPH0nOI3paam7q0QAfmAkJEAbQw="},"chainType":1,"messageKeys":{}}},"pendingPreKey":{"signedKeyId":7,"baseKey":"BfE8CnBK9no2yo4CLsj41KCo4ZNGcuxQ8cvLhd4kM3BZ","preKeyId":11029465}}},"version":"v1"}