{"_sessions":{"BeR3d780KB6XNh90e8+pk5ey1oZBEkQbYNwQ/rlC6cEz":{"registrationId":1834196278,"currentRatchet":{"ephemeralKeyPair":{"pubKey":"Bc0uxzJr3ri5XDm3JN5kDUCwqgZrqh2luisBnVDQTvUr","privKey":"kC9w8x2654+GzVarVgV+nat54ykMRKD7yDxekEZn3Fk="},"lastRemoteEphemeralKey":"BQyRQaITy7Ly/YdKtF/8p0SFRxj2bjbm9ZYxznY2/Xgs","previousCounter":0,"rootKey":"lnJkNHkcnIyv40DR7etfQsezDTkLKMy28X8oDBfvYyA="},"indexInfo":{"baseKey":"BeR3d780KB6XNh90e8+pk5ey1oZBEkQbYNwQ/rlC6cEz","baseKeyType":1,"closed":-1,"used":1689292177096,"created":1689292177096,"remoteIdentityKey":"BXzEwt7+6ldUiHbYIa2LlCpsTcGNQ7WeQiGAMvvGzDhL"},"_chains":{"Bc0uxzJr3ri5XDm3JN5kDUCwqgZrqh2luisBnVDQTvUr":{"chainKey":{"counter":0,"key":"Q8Rs2y97gVdNTmoV0MASEsif0AZwI0PGHcINnaejVlA="},"chainType":1,"messageKeys":{}}},"pendingPreKey":{"signedKeyId":14413427,"baseKey":"BeR3d780KB6XNh90e8+pk5ey1oZBEkQbYNwQ/rlC6cEz"}}},"version":"v1"}