{"_sessions":{"BVAFmvFsNuQgSrxrx3bV6nNOY2vnGdHXGmhBBvAlUhwB":{"registrationId":344400897,"currentRatchet":{"ephemeralKeyPair":{"pubKey":"BT8gNAoCoU5nJWxStIpzboHGf6dvmLsHFqISu7sKQ2BV","privKey":"4OBcEXKJVI4fWLlGzdkq3FBDopbjkbNmbTj32PTsDHc="},"lastRemoteEphemeralKey":"BfrgjRzQ6EyEbNDCWmldJFPcpu1vyzaVtFS2Nv2y+7d8","previousCounter":0,"rootKey":"gPjhJSpuy5GkeiuX9PrRpqDUsM5xYSqCsvPprxeWST0="},"indexInfo":{"baseKey":"BVAFmvFsNuQgSrxrx3bV6nNOY2vnGdHXGmhBBvAlUhwB","baseKeyType":1,"closed":-1,"used":1689292177439,"created":1689292177439,"remoteIdentityKey":"BWbSMhPdKJ+Nx6K57wSoZ3DWz72MyytrrcOGykvNcxMx"},"_chains":{"BT8gNAoCoU5nJWxStIpzboHGf6dvmLsHFqISu7sKQ2BV":{"chainKey":{"counter":2,"key":"bqTrle/LtdQuvMwo9NUcPVGewzM6SIqsv//YVPU1tS0="},"chainType":1,"messageKeys":{}}},"pendingPreKey":{"signedKeyId":1,"baseKey":"BVAFmvFsNuQgSrxrx3bV6nNOY2vnGdHXGmhBBvAlUhwB","preKeyId":8218277}}},"version":"v1"}