{"_sessions":{"BcNhpdbZJmucH5qao3RHx7KuHTr/ogD120TBRGlwNik3":{"registrationId":11491,"currentRatchet":{"ephemeralKeyPair":{"pubKey":"Bezn9K36wiSSf/vMt70WafCXuG2guHy2nQwHxLoKFGsv","privKey":"8E7HJK0giWB7Pn0PYtvQd6cEq9Dh4m4nUKPEAYFGBHA="},"lastRemoteEphemeralKey":"BQOV0sCphghqopBD9OpxCenAP39l9FEuHyaAUulXUXEb","previousCounter":0,"rootKey":"0Hx68pW3pWBC26c6BqM/mW+tchjkFcCgJafyNfXBhjg="},"indexInfo":{"baseKey":"BcNhpdbZJmucH5qao3RHx7KuHTr/ogD120TBRGlwNik3","baseKeyType":1,"closed":-1,"used":1689292176497,"created":1689292176497,"remoteIdentityKey":"Bcz84UXteQX8vEwg1AP7DTHtA9rGQqvKLWi0IYpSyi5m"},"_chains":{"Bezn9K36wiSSf/vMt70WafCXuG2guHy2nQwHxLoKFGsv":{"chainKey":{"counter":0,"key":"GzMmQMo0ULpVweNrfImqz+by0whtANyOdDoIMafzFfc="},"chainType":1,"messageKeys":{}}},"pendingPreKey":{"signedKeyId":2,"baseKey":"BcNhpdbZJmucH5qao3RHx7KuHTr/ogD120TBRGlwNik3","preKeyId":3085}}},"version":"v1"}