{"_sessions":{"BRgC3JumOKybT3z13KnPpnjsKF3eJJ+qerMdClvmBOFC":{"registrationId":1985154499,"currentRatchet":{"ephemeralKeyPair":{"pubKey":"BcEv9M2zokBp+YcrcCmOVp8TkXH3xI2OIjOWPaobqiIM","privKey":"yIhLeojCZPVc9sjOmMVmDf8YJKovj3wFRtMBpq8Li2c="},"lastRemoteEphemeralKey":"BRBvjz+ggomCOOdT5eZm4VvMK6K1rmDKesbXRupdOGU9","previousCounter":0,"rootKey":"45zlqIMpPYpEZsbIjzmblXtgUoPm5b6l7ewGhbo+lsg="},"indexInfo":{"baseKey":"BRgC3JumOKybT3z13KnPpnjsKF3eJJ+qerMdClvmBOFC","baseKeyType":1,"closed":-1,"used":1689337248208,"created":1689337248208,"remoteIdentityKey":"BY5TatzkkmfsT6VFqtCOjCQZfC9ujEn7QiRgPcXxkAd1"},"_chains":{"BcEv9M2zokBp+YcrcCmOVp8TkXH3xI2OIjOWPaobqiIM":{"chainKey":{"counter":1,"key":"7zwKZ1OuvdtgbR8eBUA6w/OLaOqvplOKX//K7DaLSrI="},"chainType":1,"messageKeys":{}}},"pendingPreKey":{"signedKeyId":1,"baseKey":"BRgC3JumOKybT3z13KnPpnjsKF3eJJ+qerMdClvmBOFC","preKeyId":12449869}}},"version":"v1"}