{"_sessions":{"BfR1Wyuw7QIywsyIHEoozTlpPKNbsCsxzlqhH7b7QU4D":{"registrationId":1434370391,"currentRatchet":{"ephemeralKeyPair":{"pubKey":"BV4COhWM22HNoZCbpWo1aPl5ncehDCdJOle/5D8lJu94","privKey":"EDU0Hp93NH9W+FA1+eHXjl/vQJ0swNaWPAI/jW403H4="},"lastRemoteEphemeralKey":"BSxI7vm2nNJ1bP+U0BbFiUJS8AQpY8PmiC/lIW5x3VJt","previousCounter":0,"rootKey":"UNj8KwodmJwWNGw47WM/6FlbRY+Lo7XGARCU4m357jA="},"indexInfo":{"baseKey":"BfR1Wyuw7QIywsyIHEoozTlpPKNbsCsxzlqhH7b7QU4D","baseKeyType":1,"closed":-1,"used":1689292177310,"created":1689292177310,"remoteIdentityKey":"BXQJqJ5Byu20AH2XCXrQEbqjYxKX8j5jPoYEcWz+zBZR"},"_chains":{"BV4COhWM22HNoZCbpWo1aPl5ncehDCdJOle/5D8lJu94":{"chainKey":{"counter":0,"key":"gl3ShJnuflo2AGTY4HqsMQ6ZQSoSLXcGKXAzDWC3FxU="},"chainType":1,"messageKeys":{}}},"pendingPreKey":{"signedKeyId":4,"baseKey":"BfR1Wyuw7QIywsyIHEoozTlpPKNbsCsxzlqhH7b7QU4D"}}},"version":"v1"}