{"_sessions":{"BUgC35s0hnrQLOYvAP9FZ8/1vQAnGJ8TPbLv4+liudVI":{"registrationId":386449493,"currentRatchet":{"ephemeralKeyPair":{"pubKey":"BYDc9eZ6FEC5LgqxLbev1Jw8/fGNnz+lSgaLN1wJWr4V","privKey":"UBYL7aOt5R8c2Bx/ZNGlDKkQerZ0X8OS9/j6B0PXw28="},"lastRemoteEphemeralKey":"BdCNDnBThyJoKHWa0W6aBWxuIM25oyFdKBNFa7ixk0E5","previousCounter":0,"rootKey":"aRZgVOSRePBVQYQEFUxbpzOxcPFFsfgTsTB9ecAgPn0="},"indexInfo":{"baseKey":"BUgC35s0hnrQLOYvAP9FZ8/1vQAnGJ8TPbLv4+liudVI","baseKeyType":1,"closed":-1,"used":1689292176908,"created":1689292176908,"remoteIdentityKey":"BcgGy+TsmKnRmkEqpXvdue3ldjs3AC7ek7BtHFY3veBx"},"_chains":{"BYDc9eZ6FEC5LgqxLbev1Jw8/fGNnz+lSgaLN1wJWr4V":{"chainKey":{"counter":2,"key":"XPlS8vRSoOgVmYiiujIbn1rzhdANeulbwnn8bBZ7TIo="},"chainType":1,"messageKeys":{}}},"pendingPreKey":{"signedKeyId":7,"baseKey":"BUgC35s0hnrQLOYvAP9FZ8/1vQAnGJ8TPbLv4+liudVI","preKeyId":3118811}}},"version":"v1"}