{"_sessions":{"BaGWGirD8kwZdb/zDOnRGVGnLY6Cx92EzIRACr0/cWk5":{"registrationId":2066549729,"currentRatchet":{"ephemeralKeyPair":{"pubKey":"Bbx9Gi76snDBmmNLT8p/5X0YLuASB5pwa5PCQt5jueQW","privKey":"eBs/z9K+iUcrTIgfM+QuyJ1GCNRGKsbtEccvt12y4Ec="},"lastRemoteEphemeralKey":"BVMBhSpRJ4bGTapR1OIu9viqGFmfbNVLzAMt9rJQ5kMr","previousCounter":0,"rootKey":"cLXQbc87xMZ5uSPo1q5nQOUgLFOF4on3M65/UKmXCaE="},"indexInfo":{"baseKey":"BaGWGirD8kwZdb/zDOnRGVGnLY6Cx92EzIRACr0/cWk5","baseKeyType":1,"closed":-1,"used":1689292177409,"created":1689292177409,"remoteIdentityKey":"BXy6DWITjngW85pR49Hrie73NFm/9EZjshXNUyznn+F/"},"_chains":{"Bbx9Gi76snDBmmNLT8p/5X0YLuASB5pwa5PCQt5jueQW":{"chainKey":{"counter":0,"key":"u2RhZHbo8+HJiHEN7tYvaK8wveqBcjhwsT/Wtn+chqo="},"chainType":1,"messageKeys":{}}},"pendingPreKey":{"signedKeyId":7,"baseKey":"BaGWGirD8kwZdb/zDOnRGVGnLY6Cx92EzIRACr0/cWk5"}}},"version":"v1"}