{"_sessions":{"BVAI/TeOCkv0+xf5LGTuh5QpRM6ZJ6pmpxzoxudlqZ9m":{"registrationId":1847084781,"currentRatchet":{"ephemeralKeyPair":{"pubKey":"BRW0K4O6YYH3MiZ8dgjJ5ercK5foHzKsekVBWqN18S0r","privKey":"eFr1puMdTzH9+ynkpHwedux5mW4WToE7oVt45HU17X0="},"lastRemoteEphemeralKey":"BVEP/O0OR6SctcaYwXN001/EnimxBLmYa54WJPb34y07","previousCounter":0,"rootKey":"qf6PpLRpWYczIk0wjZ2LQodiRSzDCwBSuh908n6MmCY="},"indexInfo":{"baseKey":"BVAI/TeOCkv0+xf5LGTuh5QpRM6ZJ6pmpxzoxudlqZ9m","baseKeyType":1,"closed":-1,"used":1689292177099,"created":1689292177099,"remoteIdentityKey":"BRj0VPWRb33ktluFS6bOqj44XffhRSoE1RPKJhFm3wIb"},"_chains":{"BRW0K4O6YYH3MiZ8dgjJ5ercK5foHzKsekVBWqN18S0r":{"chainKey":{"counter":0,"key":"T9L0MSu4Em59uKAXU6Akfz+ZP2PqHRGiPDM+hDdIhM4="},"chainType":1,"messageKeys":{}}},"pendingPreKey":{"signedKeyId":7,"baseKey":"BVAI/TeOCkv0+xf5LGTuh5QpRM6ZJ6pmpxzoxudlqZ9m"}}},"version":"v1"}