{"_sessions":{"BWKW0usOAyA8b+2XBFgEelMjvmyvoQXRccpvQlYy/8A4":{"registrationId":851783189,"currentRatchet":{"ephemeralKeyPair":{"pubKey":"Bc7AjmFHFX0vdkY2vEPSgzqq/v8iY0meXxJySaZoMVBP","privKey":"0PsYAvsWeloUDEmdPO1suf/djVMUZHBW+nb6q4LIa18="},"lastRemoteEphemeralKey":"Bap0iwXoAO8uKa5Sk6mBZhPIgYqug+981nc2ot7KHG03","previousCounter":0,"rootKey":"bTU3ZfMR83kBTr6CU8HvMuKDRHUtzpemZSvESkDyx3c="},"indexInfo":{"baseKey":"BWKW0usOAyA8b+2XBFgEelMjvmyvoQXRccpvQlYy/8A4","baseKeyType":1,"closed":-1,"used":1689292176613,"created":1689292176613,"remoteIdentityKey":"BUgxOBFVeuEBSuKWwZNw2r248V2Y3SN6swMKWO9jrbUv"},"_chains":{"Bc7AjmFHFX0vdkY2vEPSgzqq/v8iY0meXxJySaZoMVBP":{"chainKey":{"counter":2,"key":"zCTbEGVzwfLZDG+nekETBQQXzmNopkf5OSFR8CArv3k="},"chainType":1,"messageKeys":{}}},"pendingPreKey":{"signedKeyId":0,"baseKey":"BWKW0usOAyA8b+2XBFgEelMjvmyvoQXRccpvQlYy/8A4"}}},"version":"v1"}