{"_sessions":{"BdPhroJW+tikmrCwuWua77rS5+ActNK729+VXgsWyP4W":{"registrationId":975036994,"currentRatchet":{"ephemeralKeyPair":{"pubKey":"BWTdOJC5u9eIoTmMX3ap+Rhv0mFE7AEHXt02G9X0Y19V","privKey":"qNkPVEdVpCgUVGuH4dY046KffbyvS0eujV1gy/X7p38="},"lastRemoteEphemeralKey":"BUGmQb5RbBAT8AEFzyTElHOid53uFvq42xkCI/mnqdkp","previousCounter":0,"rootKey":"AglpXNX2KrPGSxs0lo7CoEfsGsdgpwZJxoYIT4ANtNk="},"indexInfo":{"baseKey":"BdPhroJW+tikmrCwuWua77rS5+ActNK729+VXgsWyP4W","baseKeyType":1,"closed":-1,"used":1689292177018,"created":1689292177018,"remoteIdentityKey":"BfLJvGVLu/gWnLefHSSjO3Q91/w4sljM0cz5hKHRsbZa"},"_chains":{"BWTdOJC5u9eIoTmMX3ap+Rhv0mFE7AEHXt02G9X0Y19V":{"chainKey":{"counter":0,"key":"qjRe35XmfZEvMQSvR026ZZ8XEUwsKXYeLXR8BsipILI="},"chainType":1,"messageKeys":{}}},"pendingPreKey":{"signedKeyId":2,"baseKey":"BdPhroJW+tikmrCwuWua77rS5+ActNK729+VXgsWyP4W"}}},"version":"v1"}