{"_sessions":{"BX+bx4KUO7Ua/+x6IsdLR6cbaCcwOUZ/t6BLAyH8bKxz":{"registrationId":633413862,"currentRatchet":{"ephemeralKeyPair":{"pubKey":"BRC+IXA2YQxEKosC6WdLKw5rbdkfP7N4+Gu20kza+7Ax","privKey":"oA2KMukr4ZAb4C98tHEOgaXiQvCcE5xdOa6EWx6M6l4="},"lastRemoteEphemeralKey":"BQDv2+zH96kIFpTZ3PhNodjisElPKEy9D7E2CPS2ql0I","previousCounter":0,"rootKey":"zOoU6ha2UHfwa3ygEH1xBVFoeeDZtx2di9XWi52roq4="},"indexInfo":{"baseKey":"BX+bx4KUO7Ua/+x6IsdLR6cbaCcwOUZ/t6BLAyH8bKxz","baseKeyType":1,"closed":-1,"used":1689302097999,"created":1689302097999,"remoteIdentityKey":"BVNqxJTfprkAZBP6ZC36a8joLOSfAz9+LViLZppobsw+"},"_chains":{"BRC+IXA2YQxEKosC6WdLKw5rbdkfP7N4+Gu20kza+7Ax":{"chainKey":{"counter":3,"key":"CLYXfUwH3VTYYE10VlrsRI0+gDVK+EYRlo9Ef1PCPR4="},"chainType":1,"messageKeys":{}}},"pendingPreKey":{"signedKeyId":7,"baseKey":"BX+bx4KUO7Ua/+x6IsdLR6cbaCcwOUZ/t6BLAyH8bKxz","preKeyId":2176237}}},"version":"v1"}