{"_sessions":{"Bex1Xg0K6qfeuXejqxNJ6BWRAxYBqqCBh30Xi8GUE4US":{"registrationId":869105386,"currentRatchet":{"ephemeralKeyPair":{"pubKey":"BZNLQEin5CItJ10pEZSYvDsIgSyFvS3ztseOtOcqiLlJ","privKey":"cH27+iU3tqu+mkFS+k6eS5QStoz8a02mQrwOrrVSvkY="},"lastRemoteEphemeralKey":"BcKtSv3fLdhycizFqNMtdn/Mi+9jm3n9bdJrsT5XOSBW","previousCounter":0,"rootKey":"I/hhNOFq+cJNVNy/Zf6ziy2Acx5JZvLLYCdHksPaKfk="},"indexInfo":{"baseKey":"Bex1Xg0K6qfeuXejqxNJ6BWRAxYBqqCBh30Xi8GUE4US","baseKeyType":1,"closed":-1,"used":1689302097939,"created":1689302097939,"remoteIdentityKey":"BUJFLpr3J/B41X8ZP66C/+c4lQaHSKVUhO74ZPO4JZUL"},"_chains":{"BZNLQEin5CItJ10pEZSYvDsIgSyFvS3ztseOtOcqiLlJ":{"chainKey":{"counter":3,"key":"MpGW+CP/bSMujeUUckX8nRnX6jLVvj+uXcjNDNe/RhI="},"chainType":1,"messageKeys":{}}},"pendingPreKey":{"signedKeyId":10,"baseKey":"Bex1Xg0K6qfeuXejqxNJ6BWRAxYBqqCBh30Xi8GUE4US","preKeyId":15714649}}},"version":"v1"}