{"_sessions":{"BUecGhxU9To5GNObfvwJ2a9fUu8BuJNV2m8Ly5Dvclh/":{"registrationId":1224417087,"currentRatchet":{"ephemeralKeyPair":{"pubKey":"BVPQlpXR6z68VNXx+Q2dbTLM6IRq5PvQ1eSG+ZLS+9ws","privKey":"yKuxEIY3YNM7nGUvv/Jh/+swAMlIsMZ9schYJmQROGU="},"lastRemoteEphemeralKey":"BTXLvUfBDepzoXQ1TKgLOubGW56wTbO0x/Yw8vBRlbM8","previousCounter":0,"rootKey":"HJBcMoNsoIsIqAk+McjC4FLIWADQwsphLB5SsWVU1UI="},"indexInfo":{"baseKey":"BUecGhxU9To5GNObfvwJ2a9fUu8BuJNV2m8Ly5Dvclh/","baseKeyType":1,"closed":-1,"used":1689292176695,"created":1689292176695,"remoteIdentityKey":"BS/7WKkTvc4k979/eLWrqGmJcDzp7agDV87J4kgR27oa"},"_chains":{"BVPQlpXR6z68VNXx+Q2dbTLM6IRq5PvQ1eSG+ZLS+9ws":{"chainKey":{"counter":2,"key":"KD9oWgUMDBI7rB5dKsKp5bQfd6nzqDDNFfw/OObgBf8="},"chainType":1,"messageKeys":{}}},"pendingPreKey":{"signedKeyId":1,"baseKey":"BUecGhxU9To5GNObfvwJ2a9fUu8BuJNV2m8Ly5Dvclh/"}}},"version":"v1"}