{"_sessions":{"BSTzFdSO0LunPzEXZLhAdBKKlPS27KMlKhHRjNsEzrhR":{"registrationId":1252846075,"currentRatchet":{"ephemeralKeyPair":{"pubKey":"BVgZYaWGN3iSD2Q83Be5UJFfW4/Agwzf1WIqcXYacDgx","privKey":"UDs5he3WtrL0SDfpCA7fYuR631V1v2GG40P7Yg8gOWc="},"lastRemoteEphemeralKey":"BQV6XwVHPj/suIzhDRumzazpijNyFA+v8/VCT9bs36ds","previousCounter":0,"rootKey":"Zx6h9fSA9jXuSYfz6+wvfXmJFu03vXUDBROOUZeOtxc="},"indexInfo":{"baseKey":"BSTzFdSO0LunPzEXZLhAdBKKlPS27KMlKhHRjNsEzrhR","baseKeyType":1,"closed":-1,"used":1689292177401,"created":1689292177401,"remoteIdentityKey":"BXvMBcB/3VJ8sZb6zcjU+mOxvGrfNnBQSxnnUA1c7txx"},"_chains":{"BVgZYaWGN3iSD2Q83Be5UJFfW4/Agwzf1WIqcXYacDgx":{"chainKey":{"counter":0,"key":"Sv8vLlN1mirAFgTx7jkOAZH2ZPh6rrvnjwD9Fen0aRU="},"chainType":1,"messageKeys":{}}},"pendingPreKey":{"signedKeyId":10,"baseKey":"BSTzFdSO0LunPzEXZLhAdBKKlPS27KMlKhHRjNsEzrhR"}}},"version":"v1"}