{"_sessions":{"BYobTjMeSDByufnNzqHk96sGVuJbwHAiku8ku/wS5yMI":{"registrationId":472518388,"currentRatchet":{"ephemeralKeyPair":{"pubKey":"Bdfchd85fOtD/P5z9wsZ98IifvDWXyUsPoxXwZamPz93","privKey":"8FgawDrXA5T4LT7hg3Ilq8c4aYi9qsgpHA94IfmC9UM="},"lastRemoteEphemeralKey":"BTN9UzS3nFAlFkV9Ik3yvanVxVecZFR6rF/t/XnRUOoI","previousCounter":0,"rootKey":"0/fuWn7yBiCYl5np4fQn4NzOzIe0guniP5KbIljN5mg="},"indexInfo":{"baseKey":"BYobTjMeSDByufnNzqHk96sGVuJbwHAiku8ku/wS5yMI","baseKeyType":1,"closed":-1,"used":1689292018705,"created":1689292018705,"remoteIdentityKey":"BdXkSCKL8tbPfz7ltuVHjoXUbMVUNLG+XO4B9h1fIBEH"},"_chains":{"Bdfchd85fOtD/P5z9wsZ98IifvDWXyUsPoxXwZamPz93":{"chainKey":{"counter":7,"key":"+uvm0fc3mhCuQYC9X630P/1EVwhtMFMLKircrcm5jc4="},"chainType":1,"messageKeys":{}}},"pendingPreKey":{"signedKeyId":0,"baseKey":"BYobTjMeSDByufnNzqHk96sGVuJbwHAiku8ku/wS5yMI","preKeyId":578831}}},"version":"v1"}