{"_sessions":{"BcmlJVgTCPOb6qpU/X0i73zCqQjzUPHEwiOBB6PfZCU/":{"registrationId":790670650,"currentRatchet":{"ephemeralKeyPair":{"pubKey":"Bcd0wZe97fe7kOFMBNfabpyVEcG1kYw4p/yagKp0nMY+","privKey":"KI+SMr2tzBCY9QCxQstJ01Avh+swS/zK4M5quU85/Vw="},"lastRemoteEphemeralKey":"BUARKrZ2FfWxSzd9I5BGG+ozXLKUBX0w5hx3UmUdZ4R2","previousCounter":0,"rootKey":"cs6NzoR4OiKdRyuv5x8Gv4ECwAdr//gzYfSjkRyZeIE="},"indexInfo":{"baseKey":"BcmlJVgTCPOb6qpU/X0i73zCqQjzUPHEwiOBB6PfZCU/","baseKeyType":1,"closed":-1,"used":1689302098018,"created":1689302098018,"remoteIdentityKey":"BZDtwB7KWjEbMBpvsK2q1Q+ThqsgvncP8LM+9+DxDZk8"},"_chains":{"Bcd0wZe97fe7kOFMBNfabpyVEcG1kYw4p/yagKp0nMY+":{"chainKey":{"counter":3,"key":"NSa8ALdRlv7uW5TfYJsDrV4yTPHrQmr787hBKkLjbWs="},"chainType":1,"messageKeys":{}}},"pendingPreKey":{"signedKeyId":43,"baseKey":"BcmlJVgTCPOb6qpU/X0i73zCqQjzUPHEwiOBB6PfZCU/","preKeyId":9747857}}},"version":"v1"}