{"_sessions":{"BXQPOS7lDWNHnmoF8tdma87CcRWgTXPzQcTkT6gBemUa":{"registrationId":1544527179,"currentRatchet":{"ephemeralKeyPair":{"pubKey":"BVSp3OOTVhhxhceNHenjcKND8gqkepLzKrEUCU/sSqQJ","privKey":"2OGBdsjHUoRf2fYFe08ftMZWuFtre2baqx+Azc8VlUY="},"lastRemoteEphemeralKey":"BSn7pS/KotQ4g16INOVYMbqdgAa8d/axTtP1vo0aSKNB","previousCounter":0,"rootKey":"sLvkhdJG/CKr+CuWR/w5LEP+RxRJivd6G0I1b/a282w="},"indexInfo":{"baseKey":"BXQPOS7lDWNHnmoF8tdma87CcRWgTXPzQcTkT6gBemUa","baseKeyType":1,"closed":1689290656115,"used":1689290641720,"created":1689290641720,"remoteIdentityKey":"BSm5jwzaFSdxMLMcFIQZK4/becVCt6H1MBWqPHC3iatE"},"_chains":{"BVSp3OOTVhhxhceNHenjcKND8gqkepLzKrEUCU/sSqQJ":{"chainKey":{"counter":0,"key":"bf3wXYOd6RDiT7A3U31TfZnqIpoF2bdDrF/rId93QJg="},"chainType":1,"messageKeys":{}}},"pendingPreKey":{"signedKeyId":1,"baseKey":"BXQPOS7lDWNHnmoF8tdma87CcRWgTXPzQcTkT6gBemUa","preKeyId":11123231}},"Bfgy/k66Fbt0g2zsDh9r9izIo2KQOKL9hpo9u1KnyxgG":{"registrationId":1544527179,"currentRatchet":{"ephemeralKeyPair":{"pubKey":"BcklU99WFjS6meqUDeP71JAitH+P+pdBHNccBfdrwmIU","privKey":"eEz/9B8kJZsJTAMCUT5Xizyk99kf70ylzss7ALUrVUY="},"lastRemoteEphemeralKey":"BSn7pS/KotQ4g16INOVYMbqdgAa8d/axTtP1vo0aSKNB","previousCounter":0,"rootKey":"BMaAFiRJ47DeuhHK42/bYp79z3gwBBktwIJPxUOpsK8="},"indexInfo":{"baseKey":"Bfgy/k66Fbt0g2zsDh9r9izIo2KQOKL9hpo9u1KnyxgG","baseKeyType":1,"closed":-1,"used":1689290656113,"created":1689290656113,"remoteIdentityKey":"BSm5jwzaFSdxMLMcFIQZK4/becVCt6H1MBWqPHC3iatE"},"_chains":{"BcklU99WFjS6meqUDeP71JAitH+P+pdBHNccBfdrwmIU":{"chainKey":{"counter":11,"key":"5tSPvUyeUkGGCwflRQVhGYt0P2WFyqVBHUK/4H9pNJo="},"chainType":1,"messageKeys":{}}},"pendingPreKey":{"signedKeyId":1,"baseKey":"Bfgy/k66Fbt0g2zsDh9r9izIo2KQOKL9hpo9u1KnyxgG","preKeyId":11123010}}},"version":"v1"}