{"_sessions":{"BQ8J9D51Bq8NOUcMTeaNANMKGWggFoe24E+6qfno1hok":{"registrationId":1277598657,"currentRatchet":{"ephemeralKeyPair":{"pubKey":"BT0vIJ6iDjXxuMonKg0T6907D8Q4TFWF6tNELoNrF0Ut","privKey":"kIzZYn5V6qu9lyZ0H/JbPTTDZ803mKQsxtsPqmgiXlM="},"lastRemoteEphemeralKey":"BXrvC+DmhyXXh4oky6z+I7iNW7IGkgV0t1cDlJKqTuBH","previousCounter":0,"rootKey":"/g5tCneoecM7KlWfq9ePfJFuCDiqUD/+V4Iuodu2nS8="},"indexInfo":{"baseKey":"BQ8J9D51Bq8NOUcMTeaNANMKGWggFoe24E+6qfno1hok","baseKeyType":1,"closed":-1,"used":1689327337720,"created":1689327337720,"remoteIdentityKey":"BT++04vQPL4rYYUkn8eluXWG+JhhVXrVM0vT9UktVNtj"},"_chains":{"BT0vIJ6iDjXxuMonKg0T6907D8Q4TFWF6tNELoNrF0Ut":{"chainKey":{"counter":1,"key":"5r60hkqc+dfhOoq4k3pA0nfsULFGEee51dgwSEXBhwo="},"chainType":1,"messageKeys":{}}},"pendingPreKey":{"signedKeyId":4537151,"baseKey":"BQ8J9D51Bq8NOUcMTeaNANMKGWggFoe24E+6qfno1hok"}}},"version":"v1"}