{"_sessions":{"BTwVOXRhYm6ye2yXDYn5D/3loJTFfq840jikHlNWurMU":{"registrationId":164833180,"currentRatchet":{"ephemeralKeyPair":{"pubKey":"BZDCLZ5vSyoZZUA2SsoRmoEZLtPK37Ea+ZXDfqMjtJY5","privKey":"sP7T1VticIpuRhQ3QJjxtHH/9ZUovQFcT0BYBw5BZno="},"lastRemoteEphemeralKey":"BXA3CyqdnSnzgRcMawQ7vTJ0rnbBxCo0LF/W0ABjaRoz","previousCounter":0,"rootKey":"IhD32bDDwKGDVHKIV/2AAPij3GRsVAWB/5rDUw538+M="},"indexInfo":{"baseKey":"BTwVOXRhYm6ye2yXDYn5D/3loJTFfq840jikHlNWurMU","baseKeyType":1,"closed":-1,"used":1689302097942,"created":1689302097942,"remoteIdentityKey":"BRf8pVqeyya2+bUmt4+Aphnqh3Rv88xi6r3OzakB0T59"},"_chains":{"BZDCLZ5vSyoZZUA2SsoRmoEZLtPK37Ea+ZXDfqMjtJY5":{"chainKey":{"counter":3,"key":"SeN/wRSVNoRstwwfXbztwgmyrsVJWT5gK6kMSfcA9f8="},"chainType":1,"messageKeys":{}}},"pendingPreKey":{"signedKeyId":7,"baseKey":"BTwVOXRhYm6ye2yXDYn5D/3loJTFfq840jikHlNWurMU","preKeyId":4889053}}},"version":"v1"}