{"_sessions":{"BXt5ffGRDhhl1olyhSvA2DygRqn47lbqG5TeLnOXS+4O":{"registrationId":601212119,"currentRatchet":{"ephemeralKeyPair":{"pubKey":"Bcy9V0MjdnMfmwmzCB45tN47xezBFCbW3yUx+WSjEm1s","privKey":"AD6qKw8E2TSXY/JQKXE2LvAC/i693rL2gGs0zkENmn0="},"lastRemoteEphemeralKey":"BYGI0C1bsdkX5lbs/LEHJY/VLQLOTxDiCQhT2SU7sTw+","previousCounter":0,"rootKey":"KTItlNXOa0wybduNaRRLO2TLBF3AInLTrFbC215xdjs="},"indexInfo":{"baseKey":"BXt5ffGRDhhl1olyhSvA2DygRqn47lbqG5TeLnOXS+4O","baseKeyType":1,"closed":-1,"used":1689292177226,"created":1689292177226,"remoteIdentityKey":"BUjlLJaMpr3usk2mGBB/fQtTturjcojflmSyZ+dTmJkh"},"_chains":{"Bcy9V0MjdnMfmwmzCB45tN47xezBFCbW3yUx+WSjEm1s":{"chainKey":{"counter":0,"key":"egCh0v8ncrTe2d2XzkURcyxeG3HbpFtk3Zvj0nXsgnY="},"chainType":1,"messageKeys":{}}},"pendingPreKey":{"signedKeyId":1,"baseKey":"BXt5ffGRDhhl1olyhSvA2DygRqn47lbqG5TeLnOXS+4O","preKeyId":3369459}}},"version":"v1"}