{"_sessions":{"BZmESIHfpUUQ4W2tTAHpPusc+8yzw1KsIV/ku/8/3cRI":{"registrationId":1542668480,"currentRatchet":{"ephemeralKeyPair":{"pubKey":"BSu7Y0Axhvr2Twlt5b8CJjX6gEALb4ylcKS1C5k+ETYY","privKey":"mKXjE7pgeNfRi1d8QLYfESXlCtWXSoQaCZEF2WAVpHs="},"lastRemoteEphemeralKey":"BQxL7V8YheFOJAQo3fX6bO9uyPuW8fhWKJEi4pUkLNhX","previousCounter":0,"rootKey":"EVM7Oei0AJjT8ayAebchoBTzHAoiwAFTSsnssLNTZXk="},"indexInfo":{"baseKey":"BZmESIHfpUUQ4W2tTAHpPusc+8yzw1KsIV/ku/8/3cRI","baseKeyType":1,"closed":-1,"used":1689292177229,"created":1689292177229,"remoteIdentityKey":"BQrqnoeywI7KmL7ls9QclrS+ZkapxFUULu3Hosdcxpdc"},"_chains":{"BSu7Y0Axhvr2Twlt5b8CJjX6gEALb4ylcKS1C5k+ETYY":{"chainKey":{"counter":0,"key":"J+wqN4Ry2wLZ2YN9pDeZhomftVJVfLkuxYlW2YTzQ30="},"chainType":1,"messageKeys":{}}},"pendingPreKey":{"signedKeyId":2,"baseKey":"BZmESIHfpUUQ4W2tTAHpPusc+8yzw1KsIV/ku/8/3cRI"}}},"version":"v1"}