{"_sessions":{"BUYkWJ6DDUmV4nge9HAS/LBF5INGFrwbYnAuJIbohmYA":{"registrationId":587062901,"currentRatchet":{"ephemeralKeyPair":{"pubKey":"BfSV0fVbHV8lz7U+79WZz0ql5tyYA3sAb5Ua0ps8Kh0P","privKey":"YFpDeJP6Fim9HCC89wYSkhHionf4H7jqQRkH/2DV7EE="},"lastRemoteEphemeralKey":"Be2qDeC8C/wpfZjRRPT4xTm1YfC4m2ienYl9+CqgTvg7","previousCounter":0,"rootKey":"wi5jcbi29rCAOxPOGGw4atouut5/mjmu02aQPyzVbWs="},"indexInfo":{"baseKey":"BUYkWJ6DDUmV4nge9HAS/LBF5INGFrwbYnAuJIbohmYA","baseKeyType":1,"closed":-1,"used":1689292176799,"created":1689292176799,"remoteIdentityKey":"BagG1Vy9fkZX8AW//rauyfhz4iC+AfDRwljDuSYZBOYh"},"_chains":{"BfSV0fVbHV8lz7U+79WZz0ql5tyYA3sAb5Ua0ps8Kh0P":{"chainKey":{"counter":0,"key":"L8ATOiTQG4ig3jXUQMxMs9lui7NxAG4HZcg/cfYBuig="},"chainType":1,"messageKeys":{}}},"pendingPreKey":{"signedKeyId":775792,"baseKey":"BUYkWJ6DDUmV4nge9HAS/LBF5INGFrwbYnAuJIbohmYA","preKeyId":21192}}},"version":"v1"}