{"_sessions":{"BQ/GiWI8TeP3nlfUrsHEUpcQytGK0OhJMT08EoUMQkY1":{"registrationId":745500932,"currentRatchet":{"ephemeralKeyPair":{"pubKey":"BRw99IEgra8gD932/iB9V3HN8CEgbEb76Y6O4wKSBpdK","privKey":"EDcEWP7C1zlcwQHbmYQUrCx3dtDOv4I7/JZMtKJOyEg="},"lastRemoteEphemeralKey":"Bfkt74BLKraEVE+NrZ9rjn5GWR6Yf5g7B5Dpk+N4q2Z6","previousCounter":0,"rootKey":"Pxscbdr4OLz+927HpNu6XMnFL+JoPgTTF0wHTrAQc9Q="},"indexInfo":{"baseKey":"BQ/GiWI8TeP3nlfUrsHEUpcQytGK0OhJMT08EoUMQkY1","baseKeyType":1,"closed":-1,"used":1689292176709,"created":1689292176709,"remoteIdentityKey":"BUNpfWiu8QEUNd50oz/kcnwHB9D7SQTrh9Q8C+yl+p5n"},"_chains":{"BRw99IEgra8gD932/iB9V3HN8CEgbEb76Y6O4wKSBpdK":{"chainKey":{"counter":2,"key":"/LnTjP5wQB9vbMnkWmoatT9JKcM76rn6FVKyKVR7/24="},"chainType":1,"messageKeys":{}}},"pendingPreKey":{"signedKeyId":0,"baseKey":"BQ/GiWI8TeP3nlfUrsHEUpcQytGK0OhJMT08EoUMQkY1"}}},"version":"v1"}