{"_sessions":{"BRWuGTgh9A/7foPjUeTUtczIEG5lYxi/dzouUriqcfox":{"registrationId":312990132,"currentRatchet":{"ephemeralKeyPair":{"pubKey":"Bfuw9WLAwXZzZ9N37mT9NfSSE679TzJAJAMxc0kd1Mhw","privKey":"sO0QGvGUDTN5IsQ0gkg4hP6ywfDqGbqM1tRcPAE/Sms="},"lastRemoteEphemeralKey":"BYyzUgyUjye3OAoit2lvNYiSUrpVTjhiSkLW6HO3k08Z","previousCounter":0,"rootKey":"aXhwtgcxZTAECQbav+7yT8i9+QbXxyjchXBJQDxLiA0="},"indexInfo":{"baseKey":"BRWuGTgh9A/7foPjUeTUtczIEG5lYxi/dzouUriqcfox","baseKeyType":1,"closed":-1,"used":1689292176626,"created":1689292176626,"remoteIdentityKey":"BUWVlFoFjFuRvruDoFVvkMHm/GMxu1/I9pfVs2J1z3M4"},"_chains":{"Bfuw9WLAwXZzZ9N37mT9NfSSE679TzJAJAMxc0kd1Mhw":{"chainKey":{"counter":0,"key":"nqjKUmoQPtc4p00UCK9QizPLHCwfthxZ0ZVK2DctJP0="},"chainType":1,"messageKeys":{}}},"pendingPreKey":{"signedKeyId":5,"baseKey":"BRWuGTgh9A/7foPjUeTUtczIEG5lYxi/dzouUriqcfox"}}},"version":"v1"}