{"_sessions":{"BWiggJeBL1TH32qdNUZapVv6SGD/atbCTglNoYlvTyZw":{"registrationId":128803980,"currentRatchet":{"ephemeralKeyPair":{"pubKey":"BQV3TxEDE0fAeCv3vMeaZkJN3ZQqcvqnvG+9sMRng50I","privKey":"KNuBqPXqgZPW/6ZzQE1qICFniMETzn8mc+Ei/SM2SnE="},"lastRemoteEphemeralKey":"BcbnnY73vqUL0QeLd7gwFD52AJDTQtmj7PTk07z2GJRL","previousCounter":0,"rootKey":"TVSWhFtnycEte1wc4nJLU1O2C2hYztcRczivGHOFCYg="},"indexInfo":{"baseKey":"BWiggJeBL1TH32qdNUZapVv6SGD/atbCTglNoYlvTyZw","baseKeyType":1,"closed":-1,"used":1689302097807,"created":1689302097807,"remoteIdentityKey":"BaVynX8jBWJ7mp1I0ljShpyOEsKeFYxABk7Z4S9mGjtT"},"_chains":{"BQV3TxEDE0fAeCv3vMeaZkJN3ZQqcvqnvG+9sMRng50I":{"chainKey":{"counter":3,"key":"ps1n3fOmFcb6t4ziPzl0PEuoBsDShA5y6fG+4O4FTAs="},"chainType":1,"messageKeys":{}}},"pendingPreKey":{"signedKeyId":1,"baseKey":"BWiggJeBL1TH32qdNUZapVv6SGD/atbCTglNoYlvTyZw","preKeyId":13375197}}},"version":"v1"}