{"_sessions":{"BXbkEy/gy0HlPDwJaeFLglNHpCZEZTx+5g+HeY/5An1D":{"registrationId":108182260,"currentRatchet":{"ephemeralKeyPair":{"pubKey":"BW5Wxzh2iu29LhLcFseAgf5DjcyNuyBbBPnCL34ddE4U","privKey":"6B5bfyIyD6UmVcNC9bgchcj3K+s2BSSE56kCNDvbSl0="},"lastRemoteEphemeralKey":"BXZ3L2Nb2xKNp+U5OsexXn4auJ7J6c29nbWXemXva8sz","previousCounter":0,"rootKey":"F8iloyoqrEpOe78f9mAnM5D/mNnVJufYt+zsqFlS/HI="},"indexInfo":{"baseKey":"BXbkEy/gy0HlPDwJaeFLglNHpCZEZTx+5g+HeY/5An1D","baseKeyType":1,"closed":-1,"used":1689292177028,"created":1689292177028,"remoteIdentityKey":"BW4dS0Qk7dVTUZw2D3bVjc3sOJWqUPhQ1wZuh+eqO40l"},"_chains":{"BW5Wxzh2iu29LhLcFseAgf5DjcyNuyBbBPnCL34ddE4U":{"chainKey":{"counter":0,"key":"oBr23aToF1R7KwOiI9ixRUy6hWsg20txbmehqxJtPAs="},"chainType":1,"messageKeys":{}}},"pendingPreKey":{"signedKeyId":2,"baseKey":"BXbkEy/gy0HlPDwJaeFLglNHpCZEZTx+5g+HeY/5An1D","preKeyId":6124989}}},"version":"v1"}