{"_sessions":{"Bb9f1sbY/U5jxVCth6jnXBdj4r3GzEHPAmDuvQYqRow7":{"registrationId":1451474862,"currentRatchet":{"ephemeralKeyPair":{"pubKey":"BVw5T6NxDzhRl6S76WYfZ4Y3BWY54fnjownXIkiB0sJs","privKey":"SHxKJFlU6bTp8iFgoTwH8bHdU+JLUdzxJ/ZIFGlO91w="},"lastRemoteEphemeralKey":"Bed64rerygr4dLuuKpvCHWsydjoueyWtb81g8c/JpJh2","previousCounter":0,"rootKey":"9rGsNz2EnYunVSdlTTyBD9m6UJrc9wFf4YCUMFkh5X8="},"indexInfo":{"baseKey":"Bb9f1sbY/U5jxVCth6jnXBdj4r3GzEHPAmDuvQYqRow7","baseKeyType":1,"closed":1689327364910,"used":1689292176820,"created":1689292176820,"remoteIdentityKey":"BXKJfFOLZP0NU23myfduqhbQdUGHWIYbg65JvZRhSLlE"},"_chains":{"BVw5T6NxDzhRl6S76WYfZ4Y3BWY54fnjownXIkiB0sJs":{"chainKey":{"counter":1,"key":"BINP5WtnFIvAEhXAUE9zW9UmzgGaahfY8FkyaQwXqWg="},"chainType":1,"messageKeys":{}}},"pendingPreKey":{"signedKeyId":0,"baseKey":"Bb9f1sbY/U5jxVCth6jnXBdj4r3GzEHPAmDuvQYqRow7","preKeyId":13884125}},"BW3KysF7Ax+2mK/5dLYp4dfghk9/LYlrXmaBIDqJRpQZ":{"registrationId":1451474862,"currentRatchet":{"ephemeralKeyPair":{"pubKey":"BXMb8b+8VfQjknwX8Qg2Z4LXotze5WV6t/fsjM7jmrZe","privKey":"yKe0u80u0diNuajgMc8NnkpQKW5ofM8afAlJwhzkwU4="},"lastRemoteEphemeralKey":"Bed64rerygr4dLuuKpvCHWsydjoueyWtb81g8c/JpJh2","previousCounter":0,"rootKey":"QN6BBQ5jW+kSvLWt8DvnbpXXZkPj1D47RWf9CBjS5qU="},"indexInfo":{"baseKey":"BW3KysF7Ax+2mK/5dLYp4dfghk9/LYlrXmaBIDqJRpQZ","baseKeyType":1,"closed":-1,"used":1689327364908,"created":1689327364908,"remoteIdentityKey":"BXKJfFOLZP0NU23myfduqhbQdUGHWIYbg65JvZRhSLlE"},"_chains":{"BXMb8b+8VfQjknwX8Qg2Z4LXotze5WV6t/fsjM7jmrZe":{"chainKey":{"counter":0,"key":"nqeZXkmVkFPJAs5RVTo5SCUM6tHRKkJ//sqU1iMzF1Q="},"chainType":1,"messageKeys":{}}},"pendingPreKey":{"signedKeyId":0,"baseKey":"BW3KysF7Ax+2mK/5dLYp4dfghk9/LYlrXmaBIDqJRpQZ","preKeyId":13884707}}},"version":"v1"}