{"_sessions":{"BZKK42b9uQYlO2gNRApcjcmG1ibaHGeW7rgXGIWgUSgG":{"registrationId":529521806,"currentRatchet":{"ephemeralKeyPair":{"pubKey":"BQnw7ORWehBeeRWhPvbKF/NqFZ4NHE4lgIu5PEW4h/hZ","privKey":"KFcjRefqI1IF7VlNCvsq7bGKYJXboL90FKnFt5PFO2I="},"lastRemoteEphemeralKey":"BVPasGcfDgqXEYA3UkZ8xOzNJOoYHiJv7I/wVLnm2kk6","previousCounter":0,"rootKey":"7NqEouZKwgkaxX46lwHeov6uToRNY6A0NE6KvmQnhBk="},"indexInfo":{"baseKey":"BZKK42b9uQYlO2gNRApcjcmG1ibaHGeW7rgXGIWgUSgG","baseKeyType":1,"closed":-1,"used":1689292018702,"created":1689292018702,"remoteIdentityKey":"BQngTThRgUimg47P2rVWKm5gL4edXWjol1rMyFoZ5gYo"},"_chains":{"BQnw7ORWehBeeRWhPvbKF/NqFZ4NHE4lgIu5PEW4h/hZ":{"chainKey":{"counter":4,"key":"hGI8XVnrzsbekebROIQ/kkEudPN8ieTssTR9m3Oebco="},"chainType":1,"messageKeys":{}}},"pendingPreKey":{"signedKeyId":1,"baseKey":"BZKK42b9uQYlO2gNRApcjcmG1ibaHGeW7rgXGIWgUSgG"}}},"version":"v1"}