{"_sessions":{"BdZxWb1tWYYnsLkgnLyXm3DU1kuR+OZq8VdYZQIc6d0q":{"registrationId":1270024010,"currentRatchet":{"ephemeralKeyPair":{"pubKey":"BUZceeK5aQVrQLGL0MaGib7vDo64SiMTZ69mS+xTtvFE","privKey":"KO9mFNcueL/L/LGiSNtz9/WL5J43Qyh1BdTXMVK4l0c="},"lastRemoteEphemeralKey":"BSbzBUVeeLaGaThQocVA39eXIC+g2FmTiaw+T2LCISF3","previousCounter":0,"rootKey":"YL28hhjFxKZtPXINc1dvNskoho6eqv7P/T8RYp8KrjU="},"indexInfo":{"baseKey":"BdZxWb1tWYYnsLkgnLyXm3DU1kuR+OZq8VdYZQIc6d0q","baseKeyType":1,"closed":-1,"used":1689292177126,"created":1689292177126,"remoteIdentityKey":"Bd3MvB/OTVCGjGUDthhVqColkvAhd3XEucMuC0x/ns5R"},"_chains":{"BUZceeK5aQVrQLGL0MaGib7vDo64SiMTZ69mS+xTtvFE":{"chainKey":{"counter":0,"key":"Fo8tN6wr0IfxYOYQCOoHWUCADMPINk11E/d78LWrX3A="},"chainType":1,"messageKeys":{}}},"pendingPreKey":{"signedKeyId":8306691,"baseKey":"BdZxWb1tWYYnsLkgnLyXm3DU1kuR+OZq8VdYZQIc6d0q"}}},"version":"v1"}