{"_sessions":{"BfrJf4aoarkTvCJKLW3x1QOJr86iJtrdEb+wdL0cxLQH":{"registrationId":942687121,"currentRatchet":{"ephemeralKeyPair":{"pubKey":"BfmCu8JwGO/BPSBKQgw5bCVDkMCmqI6h6X8GmyhcCs97","privKey":"+CvZCPfCWzTG/hvP3A8a9WPq7qKpsdDe/y3ICP/1QkY="},"lastRemoteEphemeralKey":"BYMgBUiXu+8pqRIG7K8NQKSZloIc63AX3FDYW5JwUhY/","previousCounter":0,"rootKey":"4CA2qn3spaPbpTNpRJrrGwCr4IeQmLvAkbwDzJSudAg="},"indexInfo":{"baseKey":"BfrJf4aoarkTvCJKLW3x1QOJr86iJtrdEb+wdL0cxLQH","baseKeyType":1,"closed":1689327367823,"used":1689292176517,"created":1689292176517,"remoteIdentityKey":"BQwhC4sniZBcL1xKrLeqkY/23yqR5G+HmHETH0wtqr5g"},"_chains":{"BfmCu8JwGO/BPSBKQgw5bCVDkMCmqI6h6X8GmyhcCs97":{"chainKey":{"counter":1,"key":"Nts7Yw4BX7tvF+J9McN3sewELxYZSzi/os4F76DeT2M="},"chainType":1,"messageKeys":{}}},"pendingPreKey":{"signedKeyId":261501,"baseKey":"BfrJf4aoarkTvCJKLW3x1QOJr86iJtrdEb+wdL0cxLQH","preKeyId":8739}},"BTKpwVu0b8wj8N0RYW6+ZE8TbQo6prWPKHF142avr/Jb":{"registrationId":942687121,"currentRatchet":{"ephemeralKeyPair":{"pubKey":"BWgaQRH7rxJaKlHeI+nbP74Ke63vDv6UN9R+jJDdzF83","privKey":"QNuqD4LKbsNg1sm70GD4xXEk/bzzT00+zX9xtoPWSE8="},"lastRemoteEphemeralKey":"BYpUyX581/P7FcMVQEaUJZmWwe4xuWXVrXKL00v3cbE2","previousCounter":0,"rootKey":"v78/VRfpuT1x3p1GaQ65zk/HTbgGKU4frtsOuMk0ePQ="},"indexInfo":{"baseKey":"BTKpwVu0b8wj8N0RYW6+ZE8TbQo6prWPKHF142avr/Jb","baseKeyType":1,"closed":-1,"used":1689327367820,"created":1689327367820,"remoteIdentityKey":"BQwhC4sniZBcL1xKrLeqkY/23yqR5G+HmHETH0wtqr5g"},"_chains":{"BWgaQRH7rxJaKlHeI+nbP74Ke63vDv6UN9R+jJDdzF83":{"chainKey":{"counter":0,"key":"o8RD3lpqJ2s7gtO6+mRveGSFupds5Y/3F7DD7zCJRjs="},"chainType":1,"messageKeys":{}}},"pendingPreKey":{"signedKeyId":261503,"baseKey":"BTKpwVu0b8wj8N0RYW6+ZE8TbQo6prWPKHF142avr/Jb","preKeyId":8931}}},"version":"v1"}