{"_sessions":{"BdzjZh/WYOTGngtXhjgpf30Fp0LfvnqKgTrx2Yi/a4p6":{"registrationId":1779168031,"currentRatchet":{"ephemeralKeyPair":{"pubKey":"BQCbeLVge41ViDHbjocr9OjsAYd10ccYUqGs+B/e6PJD","privKey":"SPBHWn/jp4yJ8/AUELcVufORyg/w9YHh6NU+OBKorW8="},"lastRemoteEphemeralKey":"BQO9c0tlEeSc0sKALEswnODKPzYOloBbK+wzYEkewxlU","previousCounter":0,"rootKey":"uOD2iWrFtWBEFAguofXxiFIiDZCg+0rMc3jepFZVCTc="},"indexInfo":{"baseKey":"BdzjZh/WYOTGngtXhjgpf30Fp0LfvnqKgTrx2Yi/a4p6","baseKeyType":1,"closed":1689344702817,"used":1689292177031,"created":1689292177031,"remoteIdentityKey":"BdJJ5hNmJoaIetOFEamWH7V1y0Kjamy9fg3ZdkX1Pihg"},"_chains":{"BQCbeLVge41ViDHbjocr9OjsAYd10ccYUqGs+B/e6PJD":{"chainKey":{"counter":0,"key":"dy5pUAJP2wwXFX0OOX+a1EYg7/ZUnK0ZtoA+FK4ovig="},"chainType":1,"messageKeys":{}}},"pendingPreKey":{"signedKeyId":16,"baseKey":"BdzjZh/WYOTGngtXhjgpf30Fp0LfvnqKgTrx2Yi/a4p6","preKeyId":3439373}},"BQAxtnPPYLXNTYMjg+vw8VBVanDKoeCTcOVS0LL7iyES":{"registrationId":1779168031,"currentRatchet":{"ephemeralKeyPair":{"pubKey":"BQ3lD27Mecc8Ow5j7XYv6tlN4QNkny6aAvhHe+oNs2Zp","privKey":"kDEzs6lffE/7Ck4iQoQt/hv+16igwvmSQHW4aAo+EFQ="},"lastRemoteEphemeralKey":"BSaZhZ6PlNgZbIwECeDUxOT310+uu9qYfWCBaKm8m7Ve","previousCounter":0,"rootKey":"LpT7gY3PcrT26kmxzRNTV3pYQhTgs+iyNjMikTjT9rE="},"indexInfo":{"baseKey":"BQAxtnPPYLXNTYMjg+vw8VBVanDKoeCTcOVS0LL7iyES","baseKeyType":2,"closed":-1,"used":1689344702821,"created":1689344702821,"remoteIdentityKey":"BdJJ5hNmJoaIetOFEamWH7V1y0Kjamy9fg3ZdkX1Pihg"},"_chains":{"BSaZhZ6PlNgZbIwECeDUxOT310+uu9qYfWCBaKm8m7Ve":{"chainKey":{"counter":43,"key":"OxjqL9cGCh0HtHNZ0VX0S6BJhsOPe8fw7U9jtS1YM/E="},"chainType":2,"messageKeys":{"0":"uTuURvpUkt3kq0L7B3KicTrW50UJVEdINP3J4Af3Ayk=","1":"QOImwioHsPMdyvWbYIgRJKke71tgFzn9/S1g5+JmXVc=","2":"+fukReNDMWBwYmNgDcchq9hU3bgzfgD9fQEdX4z4mMU=","3":"r7aEfiyBlgM2Ys1AyQ+6Uk+oP8vk+G9r57Dh/agPpSw=","4":"WidLrw4p8AZhiS4S0F12T8zpOcmVakHnKedtEdNPGqs=","5":"YWz6tqlJU7CKJUXtARFKvqjTDHOraZwGo0WItm7cMAs=","6":"7fJIU3hEvoxX2x+gBdwgHRcDhOmm+FUeguzA3WVK/mA=","7":"tx8TYz9ut0Yzxg/ziZAXLzocG/W8gtPEYswengWcWg8=","8":"9qT9cM2rSCjRuElo6KeogHYRRX8bXRwPH5D4skqy7Iw=","9":"cNE+lsJDKSuLXK5A91lGAQk1eeT0SY8lMqgQd3F+jow=","10":"giZWReuVMFVNS/Jlx6jVVMZkCipXjvm+tHbKqeHvgvg=","11":"BV8U+9ZXqeu4YK9AJsP9keKoxaljojEbtUHMjiH6Bgc=","12":"vENIsZdjMyQ6M3Z41z9qxRiLzyYeQzKKbPVfPklSPOc=","13":"Dxz0l2qdFvRUHGdPVEDLBg2B4NwgRZC26XPf0uPNSDs=","14":"Od0f03vkVEZU1Wf6r60P48lu5ck1rZiuBkMJqPdEvS4=","15":"QeqNC4MpTI6QpKovJ25j/4Tb6aoThWrRd8mCEzyiqMY=","16":"PsRPnOS5/7TaJjhMBVrTYYFza4tn4UO+D5hbDCLe8B8=","17":"8DgZJRW+U7KDjTFoTaCjfqY6n7X2gBNjSOAgxbB0zF4=","18":"Rfuk9Vm17cQuYzVcmfLNirg6IPyACR1v7chdN+iienE=","19":"eHZ0/NcNXof2xqCxu0fD5NQYacFJ5dCxf+BeCPzhs5M=","20":"kQBNJU+cK6+4oGc1FviGl3ppANaxeQOF0i1edDGf4vM=","21":"Uqg+I5HBnUnXy/SbHsNes6StpBQPAKz6XFHG2TfsCag=","22":"l9xMHVLsQ2HfkWPX7Twmd199NIXcs89AC20o2p44fhg=","23":"3HUIhUZtxCmaYbjR//qufT7MOIbK+Yvncq5E8GmBZk0=","24":"TLZGLKI2L1tkF2HftcBkrlA41fYknzDy/EhQcLavhLY=","25":"Jo7p7h3kjuVvv65EGAn76zB2F5S9cJ8HR7ZqWJ06TG4=","26":"qZlx9sBbxaSNy8SvpL1hqTHvt6K9aPowTBMxv9ITwEg=","27":"6fXEh5pUkn3pG7VfKiUfj+ZznlhzkuaIJosFS3xXJWk=","28":"CE1x+tPfQBZEsLcxSj21jVJ4v8RQySyO3Nuu4MejvFg=","29":"WHCEWPBipohx88sQi2egLPTomkdJFHCZqIK/ospK7dQ=","30":"btCZEif5bRtWBCkBTi1IJAgulTlrtRs6QwAFWcnLDWw=","31":"THAr6Juxl5UDPS9TYX27SokMRcx5o67tJaHdAdv8h78=","33":"P7TioR0wYwTlJAwCHhr43whhv9z2pIFUA9XgstyNGDo=","34":"/KJb+hMRMI0Uixn7orezdgdZqGVy8UpirYGnMStVyG4=","35":"j28Ip8l7cQv8EYQ0gF0EYm2li528n3m+aL5nUQGfJlM=","36":"IIzCpDX2sQA9b4FfG8qhN1lR0sLG2H86yirwGtIl5aQ=","37":"lk+KRpqyeukwZ0g2plaFxn1wwzTRAlhnnozea1ueQ70=","38":"RPPbxbqm8BVxALDceaNI8rN0fm0VovJP3jX/ZB+6Mzs=","39":"RdMxCiq3u2QRXkszFyFFhXq+ajnqkMO0fEwhVVKT+1k=","40":"HbCOmNkmFwjH1r5eh7EmDEGx59xHeV+G8BZG71sBtJ8=","41":"B5wA9+PwhnoQVVGFUdZuXThLynZ29L1KABAmXgeGdNM=","42":"sUhuqNbTwFP6+d8xJv3kW+DDovBjLXPTch79x+HUQ78="}},"BQ3lD27Mecc8Ow5j7XYv6tlN4QNkny6aAvhHe+oNs2Zp":{"chainKey":{"counter":-1,"key":"oKoRX4iRIRAxgWQlRbUxAO/JUBPDFElqoz05vMzxUZs="},"chainType":1,"messageKeys":{}}}}},"version":"v1"}