{"_sessions":{"Bc75aybCexz8sr6GSSH7h3AiKDUDulGE0aM5grbkSzA0":{"registrationId":225676527,"currentRatchet":{"ephemeralKeyPair":{"pubKey":"Bda/8j0gl6GVImcK7tt65NRaOrHq5hQygandatUx3yA0","privKey":"yMzapo3WONVvFSz/rBE6g4g1h4waliZh4ULIzhhCnnA="},"lastRemoteEphemeralKey":"BRMWJZ4xqFiW/HgYVnSrSu9hgfWJK3x6J+DzcTDApLN/","previousCounter":0,"rootKey":"2yMrJ5oYEmgwsXzhcw5GXJjtaaWwI+Mb1q19Fe3pomU="},"indexInfo":{"baseKey":"Bc75aybCexz8sr6GSSH7h3AiKDUDulGE0aM5grbkSzA0","baseKeyType":1,"closed":-1,"used":1689292176931,"created":1689292176931,"remoteIdentityKey":"BUW/PCEJZTHowiiJfr+hcwSwC/bQPwrNc1ZVeRiJgdRS"},"_chains":{"Bda/8j0gl6GVImcK7tt65NRaOrHq5hQygandatUx3yA0":{"chainKey":{"counter":0,"key":"AWGN1mdyDRFjTdN4qbJnc0+WuNoSSnWIEI1I55z197s="},"chainType":1,"messageKeys":{}}},"pendingPreKey":{"signedKeyId":32,"baseKey":"Bc75aybCexz8sr6GSSH7h3AiKDUDulGE0aM5grbkSzA0","preKeyId":4884713}}},"version":"v1"}