{"_sessions":{"Bee+ELyZuU2dx90ecP8RfMg07gpvglYPp5D2DpdLJ953":{"registrationId":480217527,"currentRatchet":{"ephemeralKeyPair":{"pubKey":"BbpIA8vL/EnLCivMuatoOgUPMFjoWkjdOyqN4ddVY7Vs","privKey":"+FcdroksWAcUmDaVAZMtDI9gwC1Y91n6iCUyvoldbW0="},"lastRemoteEphemeralKey":"BQ6XxtFUU8V1oIkHvQ7iNOAg9aZ5H3t/kohfNkfMvrVt","previousCounter":0,"rootKey":"BfIqPvtMir0xnT8kvlhJUcBWU22WVLycjkvv+M9kZhg="},"indexInfo":{"baseKey":"Bee+ELyZuU2dx90ecP8RfMg07gpvglYPp5D2DpdLJ953","baseKeyType":1,"closed":-1,"used":1689292177238,"created":1689292177238,"remoteIdentityKey":"BftKPpD11T8vOGivBn+cxrhaNfEISPSlzVHwNt0fnixl"},"_chains":{"BbpIA8vL/EnLCivMuatoOgUPMFjoWkjdOyqN4ddVY7Vs":{"chainKey":{"counter":0,"key":"wtN48BGG+/yVQJj3tmV3k2nGOWKYAr1Rbny+n2sHq6s="},"chainType":1,"messageKeys":{}}},"pendingPreKey":{"signedKeyId":8,"baseKey":"Bee+ELyZuU2dx90ecP8RfMg07gpvglYPp5D2DpdLJ953","preKeyId":10910106}}},"version":"v1"}