{"_sessions":{"Ba1sT9U4jYRy8j+pAcItxLxRNZQJRHXFofuiGk7BnRFq":{"registrationId":993442021,"currentRatchet":{"ephemeralKeyPair":{"pubKey":"BXdqhb61eCQCtuKhcXiLuZLEBVRoHFADMKujLUMuJ9cQ","privKey":"MLlfOetzV8OgAxpE5AuhWrxr7acEju3AZCdRFWzKpW0="},"lastRemoteEphemeralKey":"BdynTfuUnz6vXPQufLZeb19wE5rkghpxAdop7JgDHoIV","previousCounter":0,"rootKey":"V7Sv6v9fTq2fTqu6s/9PlxgZmOnenoG7hT3a3+EYRi8="},"indexInfo":{"baseKey":"Ba1sT9U4jYRy8j+pAcItxLxRNZQJRHXFofuiGk7BnRFq","baseKeyType":1,"closed":-1,"used":1689292177036,"created":1689292177036,"remoteIdentityKey":"BbsM0rlpzi4MAqk3Y/EE/dme8KJc62TgvusfhpGb0DEc"},"_chains":{"BXdqhb61eCQCtuKhcXiLuZLEBVRoHFADMKujLUMuJ9cQ":{"chainKey":{"counter":8,"key":"ZmIZLakadS2U24HAITw2CEZCw1xVTuVuq/kv6EqpEuE="},"chainType":1,"messageKeys":{}}},"pendingPreKey":{"signedKeyId":2,"baseKey":"Ba1sT9U4jYRy8j+pAcItxLxRNZQJRHXFofuiGk7BnRFq","preKeyId":15367003}}},"version":"v1"}