{"_sessions":{"BSELfmDkbUeDo7YZinZ0vc56QCJ/UGMJKmIycg+8yMQ7":{"registrationId":13441,"currentRatchet":{"ephemeralKeyPair":{"pubKey":"Bf1iq3QyJUDYODR7lKHYy65CsR7nwfW83a+83v7HeXBC","privKey":"AIH+vkUHivrKq8FhDuH1ibLM3YY1DxszNdpDr2gP3Gs="},"lastRemoteEphemeralKey":"BS+cH7NFgiuoeqK6QqDuxHCXPB4FUZiCu5bhxlIDTo0J","previousCounter":0,"rootKey":"ZXQtmID13LV5ZZwDG3OQfVjVhKBsLwpOvZY6i8ujbz0="},"indexInfo":{"baseKey":"BSELfmDkbUeDo7YZinZ0vc56QCJ/UGMJKmIycg+8yMQ7","baseKeyType":1,"closed":-1,"used":1689302097419,"created":1689302097419,"remoteIdentityKey":"BdewrBixJXh/KrdS5DIIRKu0NaBcp5nVv4fL+tbLFy1A"},"_chains":{"Bf1iq3QyJUDYODR7lKHYy65CsR7nwfW83a+83v7HeXBC":{"chainKey":{"counter":3,"key":"edPFvX4qLy2mChQ22AQSZEGgyCCkMGBBDeEMC/xl/JQ="},"chainType":1,"messageKeys":{}}},"pendingPreKey":{"signedKeyId":1,"baseKey":"BSELfmDkbUeDo7YZinZ0vc56QCJ/UGMJKmIycg+8yMQ7","preKeyId":1315}}},"version":"v1"}