{"_sessions":{"Bc6O52946kNvB6AWBsf6XYF/iojDpxyrvw4DvprGiyc2":{"registrationId":2141245,"currentRatchet":{"ephemeralKeyPair":{"pubKey":"BUkOnQyHP5KjHkHgI4pteQurXs+d7thKD/upRyeeG7Ns","privKey":"sOYGAowUyd27tjnk35rW8uuEWGADlQQOUEPbtkupLk8="},"lastRemoteEphemeralKey":"BVhpsWxVG7sYrqeHE1oqqE0nHnpkGUkWp3oNFvQ1A00+","previousCounter":0,"rootKey":"HFyCtQjawMhC8FidPizQklYnuiTEwsJ/32JMG/QLx90="},"indexInfo":{"baseKey":"Bc6O52946kNvB6AWBsf6XYF/iojDpxyrvw4DvprGiyc2","baseKeyType":1,"closed":-1,"used":1689292177496,"created":1689292177496,"remoteIdentityKey":"BfDd1j+W269MUQn9l63TeKZ80n3eoBRLTTA9A4M3o0l0"},"_chains":{"BUkOnQyHP5KjHkHgI4pteQurXs+d7thKD/upRyeeG7Ns":{"chainKey":{"counter":0,"key":"nILsWxqYJd8IoDNQe2BE2wrDR7U+62yvwfpxiI/bEgA="},"chainType":1,"messageKeys":{}}},"pendingPreKey":{"signedKeyId":8,"baseKey":"Bc6O52946kNvB6AWBsf6XYF/iojDpxyrvw4DvprGiyc2","preKeyId":2855195}}},"version":"v1"}