{"_sessions":{"BfDOZknTLmuIXYTwRy096WehWjgtbxObWLmyv060ktlh":{"registrationId":700429522,"currentRatchet":{"ephemeralKeyPair":{"pubKey":"Be846F4Fz0c3hzfDSqyQcijuI51PL27zTZGU2W2UDsg4","privKey":"WLHAEgrKms4eJZij+95zMAK5j6h4HenGXFXARntedkc="},"lastRemoteEphemeralKey":"BXcEJcI96JBOO8skd2MxMJsWXhfzeLnUnTASHUZVESQy","previousCounter":0,"rootKey":"pcEe4TNAa+rUNDoU8L34vs+6f2Hy0mAb8awLG7m6ymE="},"indexInfo":{"baseKey":"BfDOZknTLmuIXYTwRy096WehWjgtbxObWLmyv060ktlh","baseKeyType":1,"closed":-1,"used":1689292177305,"created":1689292177305,"remoteIdentityKey":"BaDcsvJYsTcMhOJm/6GL1my3wUN1u2IHNIDeuGq5zjwr"},"_chains":{"Be846F4Fz0c3hzfDSqyQcijuI51PL27zTZGU2W2UDsg4":{"chainKey":{"counter":0,"key":"HC8pcsII3n3xEwQY1zwMeyaPn9FBGTv9fGpCiEzx1w8="},"chainType":1,"messageKeys":{}}},"pendingPreKey":{"signedKeyId":7,"baseKey":"BfDOZknTLmuIXYTwRy096WehWjgtbxObWLmyv060ktlh","preKeyId":827905}}},"version":"v1"}