{"_sessions":{"BdyAZpzBgicgZO4S1GRiMQi5qLXif9lmozX0RGq8RMRz":{"registrationId":1314647825,"currentRatchet":{"ephemeralKeyPair":{"pubKey":"BUXNL2ZK8PmDabmPE9x62ZoJybXiELa5epf91jynNuYx","privKey":"4Atm0ryYjVGoihBeI2skB3X2M0ZwxW6q0F/5j7hxOmw="},"lastRemoteEphemeralKey":"BeA9xvymRattjjmJlJV1mKVJGywsgblAQh5brn6nBDtX","previousCounter":0,"rootKey":"0VgmtGbSFNZWW4jaMNzlMYKH8jpqihfPFopU3B9PiTU="},"indexInfo":{"baseKey":"BdyAZpzBgicgZO4S1GRiMQi5qLXif9lmozX0RGq8RMRz","baseKeyType":1,"closed":-1,"used":1689292177299,"created":1689292177299,"remoteIdentityKey":"BeKPgRt3vx/VFcQbcVDFGXxpwqiUoIJOokogV1cogu97"},"_chains":{"BUXNL2ZK8PmDabmPE9x62ZoJybXiELa5epf91jynNuYx":{"chainKey":{"counter":0,"key":"E1Io0Qna13jmpRWaysVUx7RWA9DsV1gTWDJEtCAOcXM="},"chainType":1,"messageKeys":{}}},"pendingPreKey":{"signedKeyId":1,"baseKey":"BdyAZpzBgicgZO4S1GRiMQi5qLXif9lmozX0RGq8RMRz"}}},"version":"v1"}