{"_sessions":{"BUWVdCs8sjsgA98f4v6Se5UZWoGeGgdd24z+sSvTG+Yc":{"registrationId":1618749595,"currentRatchet":{"ephemeralKeyPair":{"pubKey":"BReJhY6uhp4KWEruMrlzcyoI3AnEkO8zaV3KqKsddiAm","privKey":"sIMH73HxHWeeoIhHrPHN3OBoSWI/2mv1rXSUgZyAxUM="},"lastRemoteEphemeralKey":"Bd5xmg2tw8BpxcZELmS7KCXr59z1leTIF0Q87hAht6EB","previousCounter":0,"rootKey":"7TMJ9R9O7MY56UfPOKgNWLXKTGDI+j9WnOnklJLPo0c="},"indexInfo":{"baseKey":"BUWVdCs8sjsgA98f4v6Se5UZWoGeGgdd24z+sSvTG+Yc","baseKeyType":1,"closed":-1,"used":1689292177141,"created":1689292177141,"remoteIdentityKey":"BYaAMSsH6LFlcUJPSiS0LmTdAlef5ggwwaPxjORP+1R6"},"_chains":{"BReJhY6uhp4KWEruMrlzcyoI3AnEkO8zaV3KqKsddiAm":{"chainKey":{"counter":0,"key":"vLes+ilYy9w0H+52ZX0KWResWRXZqZSxbkj4WGeum2M="},"chainType":1,"messageKeys":{}}},"pendingPreKey":{"signedKeyId":1,"baseKey":"BUWVdCs8sjsgA98f4v6Se5UZWoGeGgdd24z+sSvTG+Yc"}}},"version":"v1"}