{"_sessions":{"BR6y0UjM/VvG6EK7mxa7fIQA4A+CYMdCEq2mHgsoUVkJ":{"registrationId":1165675307,"currentRatchet":{"ephemeralKeyPair":{"pubKey":"BRiN+t13F6wD8g1Dm3ufqki4LRe+O0VVjBjUQGNLBO1l","privKey":"iG7OwNMerLGvS6y6tJaG9KpKWf/14nbGJtMG9jCEEU4="},"lastRemoteEphemeralKey":"BfDUYNev2tpBdEharX36DFKOQp2yAb+wTmCe0tkdFqBm","previousCounter":0,"rootKey":"6uHzzGxIIlgCf/CT9KQKrAO5dZvjfFLZS2FgY0L/ZLw="},"indexInfo":{"baseKey":"BR6y0UjM/VvG6EK7mxa7fIQA4A+CYMdCEq2mHgsoUVkJ","baseKeyType":1,"closed":-1,"used":1689292177011,"created":1689292177011,"remoteIdentityKey":"BRbt/PQOcEsqF52ZG7bHH+r6cAfhPyauA5JUx7t52YUN"},"_chains":{"BRiN+t13F6wD8g1Dm3ufqki4LRe+O0VVjBjUQGNLBO1l":{"chainKey":{"counter":0,"key":"cD9HQT2cPiT3UKEqq1SDKeqYaLwKJoFctxamoVMmYCU="},"chainType":1,"messageKeys":{}}},"pendingPreKey":{"signedKeyId":4,"baseKey":"BR6y0UjM/VvG6EK7mxa7fIQA4A+CYMdCEq2mHgsoUVkJ"}}},"version":"v1"}