{"_sessions":{"BWtw0yGG0oEsZaRNoaoovgxEaCe/pIUTFWPM0ZLVGMcm":{"registrationId":1977143487,"currentRatchet":{"ephemeralKeyPair":{"pubKey":"BeMA+rU0B08FoqlOhQKPUcMrpK3Dl/N6PeUi+xtFcNgr","privKey":"+NQsZ4fJkAJqAw2FnKJwv3awzcl3QTUTulhr2ljkm2Q="},"lastRemoteEphemeralKey":"Bay7dvu3gEkyp83//u09QI3Lr+Rha81+mEB4B8nS90ck","previousCounter":0,"rootKey":"jESKzwmXkMC3gi5uwsvY8laaJEjJgUmmpjtCGx1Bcw8="},"indexInfo":{"baseKey":"BWtw0yGG0oEsZaRNoaoovgxEaCe/pIUTFWPM0ZLVGMcm","baseKeyType":1,"closed":-1,"used":1689292177430,"created":1689292177430,"remoteIdentityKey":"BZ5TcQbEaOxM3im5PWEHnOeOQxhu0amRUBlLH2043Vkx"},"_chains":{"BeMA+rU0B08FoqlOhQKPUcMrpK3Dl/N6PeUi+xtFcNgr":{"chainKey":{"counter":0,"key":"7OzY5V1V/p4v26UBoeceALftS9Ww7LEJ7DRfPwWaSds="},"chainType":1,"messageKeys":{}}},"pendingPreKey":{"signedKeyId":0,"baseKey":"BWtw0yGG0oEsZaRNoaoovgxEaCe/pIUTFWPM0ZLVGMcm","preKeyId":101129}}},"version":"v1"}