{"_sessions":{"BdgcsKNreDDscBTZm6TnIigDHL6S7gUfcbBHjbjvP24N":{"registrationId":1960485687,"currentRatchet":{"ephemeralKeyPair":{"pubKey":"BewArguePyCIRQKFBPkys5iXSO56/AtzsRHisMP1hNUD","privKey":"sLDEPfByyEl0PbZe5dOl6b0ug38hFxNRk2AI0v1kKUA="},"lastRemoteEphemeralKey":"BSx6eoYBOlLEyYbPV1iLKielBjyzS7VDMc7r59lfYeIy","previousCounter":0,"rootKey":"ER12FaJIuYUTrzCvB8+mYK2UQ9nZu0SjmgQXq4zq1GE="},"indexInfo":{"baseKey":"BdgcsKNreDDscBTZm6TnIigDHL6S7gUfcbBHjbjvP24N","baseKeyType":1,"closed":-1,"used":1689292176805,"created":1689292176805,"remoteIdentityKey":"BU7TTSZ1t5aO4zbGqHGhbYpxOiM6oLbEzrpTvGcn9KZU"},"_chains":{"BewArguePyCIRQKFBPkys5iXSO56/AtzsRHisMP1hNUD":{"chainKey":{"counter":0,"key":"B+0E2i3Pqkuhrg9jLfNdUl1Gd5DlJgIA7uUCHvO57MA="},"chainType":1,"messageKeys":{}}},"pendingPreKey":{"signedKeyId":4,"baseKey":"BdgcsKNreDDscBTZm6TnIigDHL6S7gUfcbBHjbjvP24N"}}},"version":"v1"}