{"_sessions":{"BSbqBYihewpobNPTkQLVb/lv2QOuxpfGL2NrCQvDCj8Y":{"registrationId":1287608546,"currentRatchet":{"ephemeralKeyPair":{"pubKey":"BWNhs2mlTG7aHVtDXzE16Av6pPKsFcYFQZlbJ1v1WcYl","privKey":"mNhge3rZJtvs4mlDvo8FyB6BB1eT5jTlQznmsd3f5Xk="},"lastRemoteEphemeralKey":"BePw1kQiG9FI8EwoVln0LcBbB0qxpTN28njMPoQRVFI3","previousCounter":0,"rootKey":"ESGnSrj7zmcvAh90DT/rem2P5frsEdJyd20bjfx8RJI="},"indexInfo":{"baseKey":"BSbqBYihewpobNPTkQLVb/lv2QOuxpfGL2NrCQvDCj8Y","baseKeyType":1,"closed":-1,"used":1689292177328,"created":1689292177328,"remoteIdentityKey":"BdV63O1Pq4R9IWO914WNt+rqW0LVb+ffgFzRlgjF24UK"},"_chains":{"BWNhs2mlTG7aHVtDXzE16Av6pPKsFcYFQZlbJ1v1WcYl":{"chainKey":{"counter":0,"key":"ethsxIyNeRq2lNlJXt1odPiBPrO+3T/vCBG7C6QATsk="},"chainType":1,"messageKeys":{}}},"pendingPreKey":{"signedKeyId":2,"baseKey":"BSbqBYihewpobNPTkQLVb/lv2QOuxpfGL2NrCQvDCj8Y","preKeyId":5232186}}},"version":"v1"}