{"_sessions":{"BVVyE3UeaxhjioxUjJ4Ut2ueSjtFXVmSVcT7bKR9PUwa":{"registrationId":1463077161,"currentRatchet":{"ephemeralKeyPair":{"pubKey":"BULOW9mRSYe9xxycEwWGWzhnuGIiW1e5Ususfg4Dn4Nu","privKey":"4JP/T+Cfagxe6MmpaD8sZA/+q+AA1NL0SP2ifaHP3EQ="},"lastRemoteEphemeralKey":"BZgt72vg9t/TMV+iVnkQx5cxaEt9WR0oOUGNZsJQC1Bp","previousCounter":0,"rootKey":"7tB3w+qdH3AecSZOZex9js9b2vKVgiWmCKsnBfWtLrc="},"indexInfo":{"baseKey":"BVVyE3UeaxhjioxUjJ4Ut2ueSjtFXVmSVcT7bKR9PUwa","baseKeyType":1,"closed":-1,"used":1689292177199,"created":1689292177199,"remoteIdentityKey":"BQ2elHO9GYQSDjZxkk6K3HUFEpABTVnNPG11Jh5fX90A"},"_chains":{"BULOW9mRSYe9xxycEwWGWzhnuGIiW1e5Ususfg4Dn4Nu":{"chainKey":{"counter":0,"key":"Jhj4HWLiKkg3hgMpewSt/W6h9nCPCZdJHguSo9e0OPw="},"chainType":1,"messageKeys":{}}},"pendingPreKey":{"signedKeyId":56,"baseKey":"BVVyE3UeaxhjioxUjJ4Ut2ueSjtFXVmSVcT7bKR9PUwa"}}},"version":"v1"}