{"_sessions":{"BQjzKe/NG8pX4+Ar3kgRvo9qNcsJrnr0/XUPElmBrFcS":{"registrationId":1201495493,"currentRatchet":{"ephemeralKeyPair":{"pubKey":"BaZo9MKC4zosE1NrI6P79hzGk0YWobuLRDFXAuCAvaQR","privKey":"6CfJ9Jpc9DxGOlgWXK7e17Z9KTrKNexKc1ZIhqP/vn4="},"lastRemoteEphemeralKey":"BQS4GCXPHO1dpjSdkF6rJlvYpax9IUjbqqK5yL0Nj4od","previousCounter":0,"rootKey":"CrQUiUAMY7rzC/ko1VjaAqLXHNy0aA3bchGu60jmHp0="},"indexInfo":{"baseKey":"BQjzKe/NG8pX4+Ar3kgRvo9qNcsJrnr0/XUPElmBrFcS","baseKeyType":1,"closed":-1,"used":1689292177204,"created":1689292177204,"remoteIdentityKey":"BWbKyK8sG+UCQYnQxpWmiXqQsAwkC/J78Mo1Yb0GJDU7"},"_chains":{"BaZo9MKC4zosE1NrI6P79hzGk0YWobuLRDFXAuCAvaQR":{"chainKey":{"counter":5,"key":"5P4Te1DfgP8qWpF0/kOGGDBZBclL8qjGViUWvtI3pzQ="},"chainType":1,"messageKeys":{}}},"pendingPreKey":{"signedKeyId":0,"baseKey":"BQjzKe/NG8pX4+Ar3kgRvo9qNcsJrnr0/XUPElmBrFcS"}}},"version":"v1"}