{"_sessions":{"BUm7frm6YhA2sjI8shhPkWHEn0RzDlZ855omxR4eyvR9":{"registrationId":111323094,"currentRatchet":{"ephemeralKeyPair":{"pubKey":"BYLxQIbES+zcZCAz3/bP2Rekx2gKigKM3fGX7sV5idp+","privKey":"WMayx2DHeT6408vvdr+uL5PZDPes8fGvzPxr6jKyYW4="},"lastRemoteEphemeralKey":"Be5L3ZIUVBvyuTSupHPQs8fHaeLz7Qkt7+6TIOy7SHho","previousCounter":0,"rootKey":"gUTlCncvWQCl9j652rwC1a/yRBCPugMWuSlaa81aWsw="},"indexInfo":{"baseKey":"BUm7frm6YhA2sjI8shhPkWHEn0RzDlZ855omxR4eyvR9","baseKeyType":1,"closed":1689327357231,"used":1689292176815,"created":1689292176815,"remoteIdentityKey":"Bc7I/HVY66ctwEDZKGrIxG9jaQYD5CVy4cJtbe2dS5Ur"},"_chains":{"BYLxQIbES+zcZCAz3/bP2Rekx2gKigKM3fGX7sV5idp+":{"chainKey":{"counter":1,"key":"QCbQBcP4am7tPFfw/AtjSAUphUO41daQ971QxCURxgU="},"chainType":1,"messageKeys":{}}},"pendingPreKey":{"signedKeyId":1,"baseKey":"BUm7frm6YhA2sjI8shhPkWHEn0RzDlZ855omxR4eyvR9","preKeyId":1403}},"BbW6cHx+P+i+Am1EedBZgFE7S7t8tyh35qhrnHlYIjoy":{"registrationId":111323094,"currentRatchet":{"ephemeralKeyPair":{"pubKey":"BR3RLEiBynYAEbGF5fv7IsSc/vMYkNY9/fYRom9KO4Em","privKey":"6Mr2WmNNsxMUYiZTglub6I47i54wegg24nJL7RESxkg="},"lastRemoteEphemeralKey":"Be5L3ZIUVBvyuTSupHPQs8fHaeLz7Qkt7+6TIOy7SHho","previousCounter":0,"rootKey":"dwe53gGXyeALoJhiStMJKoard+2G2BZaA0k73kDJRpY="},"indexInfo":{"baseKey":"BbW6cHx+P+i+Am1EedBZgFE7S7t8tyh35qhrnHlYIjoy","baseKeyType":1,"closed":-1,"used":1689327357229,"created":1689327357229,"remoteIdentityKey":"Bc7I/HVY66ctwEDZKGrIxG9jaQYD5CVy4cJtbe2dS5Ur"},"_chains":{"BR3RLEiBynYAEbGF5fv7IsSc/vMYkNY9/fYRom9KO4Em":{"chainKey":{"counter":0,"key":"O/0cKCgZfN57p11R0U2oQwyfQ33UPEhd/s12uza+Zy8="},"chainType":1,"messageKeys":{}}},"pendingPreKey":{"signedKeyId":1,"baseKey":"BbW6cHx+P+i+Am1EedBZgFE7S7t8tyh35qhrnHlYIjoy","preKeyId":1097}}},"version":"v1"}