{"_sessions":{"BfdQ68/T48EB37AET3kac7FMaUgNufOnMpYlE0RBYZkG":{"registrationId":1529782410,"currentRatchet":{"ephemeralKeyPair":{"pubKey":"BcDHrJfbYlUbv7oXZNeCmn9SAIWY0AbAdDTAk+eCERZy","privKey":"kObEAUrLf2Bq9u5o+ZwaCgSVoHksXUrmAO4B5HDYNG0="},"lastRemoteEphemeralKey":"BYFz825cIEs3bGLBi8gQ5Z+9dvoyi/NumFZBaDq9R/83","previousCounter":0,"rootKey":"Qj/IlCwgW9XLW6+LcSZrhM6D27ECYmE+qe7qBlxy1e4="},"indexInfo":{"baseKey":"BfdQ68/T48EB37AET3kac7FMaUgNufOnMpYlE0RBYZkG","baseKeyType":1,"closed":-1,"used":1689292221115,"created":1689292221115,"remoteIdentityKey":"BeS/daBz+8ac/UNASKYdZe6KLnJDJ/bLYVwFwFFAOHka"},"_chains":{"BcDHrJfbYlUbv7oXZNeCmn9SAIWY0AbAdDTAk+eCERZy":{"chainKey":{"counter":7,"key":"4u+1cwtxdCww3LfoH/wGM9smC3lzrSbkdTR9O/edOaI="},"chainType":1,"messageKeys":{}}},"pendingPreKey":{"signedKeyId":9,"baseKey":"BfdQ68/T48EB37AET3kac7FMaUgNufOnMpYlE0RBYZkG","preKeyId":2619274}}},"version":"v1"}