{"_sessions":{"BbniP4Ux7JSBctoqRDwiTE2vByusgy6pugQXItu//Ssp":{"registrationId":1092584806,"currentRatchet":{"ephemeralKeyPair":{"pubKey":"BbXZs6YvcJVop8gcS2Jm/yAD2QPQUKQF2WOycPByWr9L","privKey":"2IjHIvvi3jR540MKDRrDcDYRox9tl2CeViO2ReKDn1U="},"lastRemoteEphemeralKey":"Ba5SMONUSVjd+F7rSlqL+AtMUCPJI8R9wZ6sOcWklHx7","previousCounter":0,"rootKey":"yU5coUbw8TE9WG/Oby3wlmYaW5C589Ktz0HiX6J2o7A="},"indexInfo":{"baseKey":"BbniP4Ux7JSBctoqRDwiTE2vByusgy6pugQXItu//Ssp","baseKeyType":1,"closed":-1,"used":1689292176910,"created":1689292176910,"remoteIdentityKey":"BUVlnkC6wOFBn0jEgOwaouFgyXTigFamJN0ajrdmjPou"},"_chains":{"BbXZs6YvcJVop8gcS2Jm/yAD2QPQUKQF2WOycPByWr9L":{"chainKey":{"counter":0,"key":"FIRrfNK5yMObCpBK+5hutLMZ24C3Gl1m5CvG0y3FCoc="},"chainType":1,"messageKeys":{}}},"pendingPreKey":{"signedKeyId":1,"baseKey":"BbniP4Ux7JSBctoqRDwiTE2vByusgy6pugQXItu//Ssp"}}},"version":"v1"}