{"_sessions":{"BYrXMPvTf8CoySEn3niRq5Gh1zO3Xp3sCtVpn/jRaUck":{"registrationId":1558824859,"currentRatchet":{"ephemeralKeyPair":{"pubKey":"BdMQhnwBqFGr2472MXdahTYs/1rPHV/suYcsIwPNxHoS","privKey":"UN+SP+BMp5konqmzP6k5jLMCEfMa9MODKWbPo9SBmks="},"lastRemoteEphemeralKey":"Bc/Rs6SnhnqNjk3aGuBeki3rXryDR1PmCJvit4PBd3Re","previousCounter":0,"rootKey":"5ruK8RYe48M64Ep4rQuS63QjVI1wAgSj0AP2PJe19wQ="},"indexInfo":{"baseKey":"BYrXMPvTf8CoySEn3niRq5Gh1zO3Xp3sCtVpn/jRaUck","baseKeyType":1,"closed":-1,"used":1689292176596,"created":1689292176596,"remoteIdentityKey":"BdlSC1O0JJS8CuWWg7GpgWsXT6azN9SP5PCSTkp46s02"},"_chains":{"BdMQhnwBqFGr2472MXdahTYs/1rPHV/suYcsIwPNxHoS":{"chainKey":{"counter":0,"key":"C3LHPgrubQNOxqcQZBqVKVPHFUKZ4foxCxiWLdXJLzc="},"chainType":1,"messageKeys":{}}},"pendingPreKey":{"signedKeyId":0,"baseKey":"BYrXMPvTf8CoySEn3niRq5Gh1zO3Xp3sCtVpn/jRaUck"}}},"version":"v1"}