{"_sessions":{"BSUMYE9brf6VeyRvufAPsEIPLmM4/0EctFgs0piq7a8E":{"registrationId":1201231299,"currentRatchet":{"ephemeralKeyPair":{"pubKey":"BVbtiTEM+nqRrDXW04zkAhekvDrNkhl/PQvJtU8/Q/ZW","privKey":"SLXj2EeSNcTcSIxbUqaS+UVGe3ZDPPYRu8PdwQQV3Xk="},"lastRemoteEphemeralKey":"BTKRmHkgAjKuU3ZBK3r43gtYy0b/z4FTerkcR+1KVBAr","previousCounter":0,"rootKey":"XXnmp5S5itccHVXUm2tbyRAIboHRaGNn7QLxX9u1jPs="},"indexInfo":{"baseKey":"BSUMYE9brf6VeyRvufAPsEIPLmM4/0EctFgs0piq7a8E","baseKeyType":1,"closed":-1,"used":1689327337727,"created":1689327337727,"remoteIdentityKey":"BeSeVCnNr0W6iqgqA+utcKZanNGz9aTcBTcwB0KknvQZ"},"_chains":{"BVbtiTEM+nqRrDXW04zkAhekvDrNkhl/PQvJtU8/Q/ZW":{"chainKey":{"counter":1,"key":"Qoxg+fKZJym6k0adds3sBG6uG8jSsdTb2llxuuDM3iA="},"chainType":1,"messageKeys":{}}},"pendingPreKey":{"signedKeyId":1,"baseKey":"BSUMYE9brf6VeyRvufAPsEIPLmM4/0EctFgs0piq7a8E"}}},"version":"v1"}