{"_sessions":{"BWe6CKNEH0RyhIcqF7xOQxr9E2gJ8CMZk9vg9UhNZ1EW":{"registrationId":2085426504,"currentRatchet":{"ephemeralKeyPair":{"pubKey":"BRzQAattPAEL0a7NiR0F+o8abu5D2Y2B/Yl7rwuN4ulr","privKey":"UHcYpH8tem+f8cT4EKV7EUCVrrN+UgUwkIF1rqfvYk4="},"lastRemoteEphemeralKey":"BV0zj6jrG8SQuDzU6m5P2Cb9MlB1+s41jpTjwKpp7vpE","previousCounter":0,"rootKey":"gDdcE3OqaBan7+l2aXE6oG3Ba4URthOBN8kUGuDMZDk="},"indexInfo":{"baseKey":"BWe6CKNEH0RyhIcqF7xOQxr9E2gJ8CMZk9vg9UhNZ1EW","baseKeyType":1,"closed":-1,"used":1689292176631,"created":1689292176631,"remoteIdentityKey":"Bai8aDY7HQ5fbTN7RDQuSy/pPP7UJ/XDLJg4ztcLGelz"},"_chains":{"BRzQAattPAEL0a7NiR0F+o8abu5D2Y2B/Yl7rwuN4ulr":{"chainKey":{"counter":0,"key":"5isHISP1Z0oWe9kH0lxkDNW2f4OnUtJap0exROhwjYA="},"chainType":1,"messageKeys":{}}},"pendingPreKey":{"signedKeyId":6216852,"baseKey":"BWe6CKNEH0RyhIcqF7xOQxr9E2gJ8CMZk9vg9UhNZ1EW"}}},"version":"v1"}