{"_sessions":{"BUhvS09T17AzAeDtb9lfOHxhMDmY+dOLoGJOWMf9DrtA":{"registrationId":1452663783,"currentRatchet":{"ephemeralKeyPair":{"pubKey":"BXeYFh8lwgYxU74mQv8Luq29ldKdVpHu7sYei207TIsk","privKey":"kMXkpNKyxryp+Rtm7QW8W1SlhNMBYSbna/o8i48JNWk="},"lastRemoteEphemeralKey":"BUEQBcWkmAQYddMwUrU+7klVwuQsFQsFgwPDyS3ICypN","previousCounter":0,"rootKey":"ZArtx1XvXA31K3k5PmovQ1zNgpSF+Fw2RiAB2UkfHQg="},"indexInfo":{"baseKey":"BUhvS09T17AzAeDtb9lfOHxhMDmY+dOLoGJOWMf9DrtA","baseKeyType":1,"closed":-1,"used":1689292177123,"created":1689292177123,"remoteIdentityKey":"BWGyogRS00KusoJounaQiWnTHTa8imWt+ta60UdDD2Zx"},"_chains":{"BXeYFh8lwgYxU74mQv8Luq29ldKdVpHu7sYei207TIsk":{"chainKey":{"counter":0,"key":"BkbZz0Z3asgFHmDAul+HDmkZ4we0mvpP8Xua8X7N7j4="},"chainType":1,"messageKeys":{}}},"pendingPreKey":{"signedKeyId":29,"baseKey":"BUhvS09T17AzAeDtb9lfOHxhMDmY+dOLoGJOWMf9DrtA","preKeyId":7766340}}},"version":"v1"}