{"_sessions":{"BY9/nxPzKAKTa0WOuJfX3AJNzPEHrzDS8hLoc8T58gxC":{"registrationId":353791063,"currentRatchet":{"ephemeralKeyPair":{"pubKey":"BUKpI5xtifWumaxzxdmjvs98AV1XONDIC7Tx37Vc3xFD","privKey":"6GFmY3mTd2OIqQvFQoqtx3+qQdk+wLqv38doE4QJ3ks="},"lastRemoteEphemeralKey":"BVkfDg91o2CZEf88tQA4XHHvUasuCjm2Ve4qjPmhygka","previousCounter":0,"rootKey":"9o5QEBCrhOXqervoq0y8pP/5PY+KG/8uner7tDcMePU="},"indexInfo":{"baseKey":"BY9/nxPzKAKTa0WOuJfX3AJNzPEHrzDS8hLoc8T58gxC","baseKeyType":1,"closed":-1,"used":1689292176514,"created":1689292176514,"remoteIdentityKey":"BaP2ovm8W7hW4Mx0biX7jJYXumODb58Cynkpv3SdRAZV"},"_chains":{"BUKpI5xtifWumaxzxdmjvs98AV1XONDIC7Tx37Vc3xFD":{"chainKey":{"counter":0,"key":"S2OlFLVkH2HkR17dwDX5I8a6aS0tATrnykokQSYQGkg="},"chainType":1,"messageKeys":{}}},"pendingPreKey":{"signedKeyId":7,"baseKey":"BY9/nxPzKAKTa0WOuJfX3AJNzPEHrzDS8hLoc8T58gxC"}}},"version":"v1"}