{"_sessions":{"BWg+ydij2m+opABCqRLZWMPyHZRIBikWPBaLUN9xuhdX":{"registrationId":932015421,"currentRatchet":{"ephemeralKeyPair":{"pubKey":"BVJQQZ6j1MnCF9K8ihmRT31JPiG4Z6QIVTGiAvfhOchy","privKey":"mLO9CBqHMlNcB7BXWx2CNnJOn0wwFRcQkG6IgJYCS3g="},"lastRemoteEphemeralKey":"BcAljJODuhnmsgIdiwXnxxSaEyfo9elu+KgWZ6yX81kI","previousCounter":0,"rootKey":"fkHWUTv/tj2SPCWFi8HIYs/KSXrKIcIp75VvksJqOG4="},"indexInfo":{"baseKey":"BWg+ydij2m+opABCqRLZWMPyHZRIBikWPBaLUN9xuhdX","baseKeyType":1,"closed":-1,"used":1689327337730,"created":1689327337730,"remoteIdentityKey":"BQyCr387Fs/eKFerz60ZNys0JOywo6EtW2tSlsP6PkBl"},"_chains":{"BVJQQZ6j1MnCF9K8ihmRT31JPiG4Z6QIVTGiAvfhOchy":{"chainKey":{"counter":1,"key":"BN7ergPiWlHfYcJ0R69lQnCBOclajqcjJ+wdC/j+d3c="},"chainType":1,"messageKeys":{}}},"pendingPreKey":{"signedKeyId":2,"baseKey":"BWg+ydij2m+opABCqRLZWMPyHZRIBikWPBaLUN9xuhdX","preKeyId":5364734}}},"version":"v1"}