{"_sessions":{"BXi0cFelZDY9eNu8i46afrlfSiVIwGJO+gGCis4t/uIF":{"registrationId":800201616,"currentRatchet":{"ephemeralKeyPair":{"pubKey":"BYuJ4q1n5t1dBINLLH3l6hHwf3GVcQ4YGwMJb0F95RN8","privKey":"yDKPRNqPfnMohvGO8CHNq777pmfcHjvqAPLQ9OsC3HM="},"lastRemoteEphemeralKey":"Bd3bvwwpErA+BEv9puPDxai7vIYKmrpA/wEqA7BxZv9Y","previousCounter":0,"rootKey":"OEsCIbOh00dEhtPr1nrRAKXgf56n1eOlbrGyeVz6SbU="},"indexInfo":{"baseKey":"BXi0cFelZDY9eNu8i46afrlfSiVIwGJO+gGCis4t/uIF","baseKeyType":1,"closed":-1,"used":1689302097710,"created":1689302097710,"remoteIdentityKey":"Be51JRxss7IUxlbUm0r399Etn1tYfkuNSMvGstsSO+hp"},"_chains":{"BYuJ4q1n5t1dBINLLH3l6hHwf3GVcQ4YGwMJb0F95RN8":{"chainKey":{"counter":3,"key":"EhoecoZoX+24z838G71zLSfgcB3Rm+p1QjPoBSGJmlo="},"chainType":1,"messageKeys":{}}},"pendingPreKey":{"signedKeyId":1,"baseKey":"BXi0cFelZDY9eNu8i46afrlfSiVIwGJO+gGCis4t/uIF"}}},"version":"v1"}