{"_sessions":{"BUcfndLxhc/rteW2yPP24ppE34NxC84Q953fBhqEiFIa":{"registrationId":44634852,"currentRatchet":{"ephemeralKeyPair":{"pubKey":"BXInRGT3/lY0dbdkWpCkrWexQsPF9aMs/IQPGudPaskZ","privKey":"wAXaTWV321u7/NiqfFVKOuaZKcuVA3MbjIua8DU1w1c="},"lastRemoteEphemeralKey":"BUrnj7sIKK4ALo/4YgTKbK+t+FETfpG4X+okX4cpb8JF","previousCounter":0,"rootKey":"gw4DXAgl14q8vMfvUvZ1NQn/qMjF7LkIuBCUhwT7PWM="},"indexInfo":{"baseKey":"BUcfndLxhc/rteW2yPP24ppE34NxC84Q953fBhqEiFIa","baseKeyType":1,"closed":-1,"used":1689292177407,"created":1689292177407,"remoteIdentityKey":"BcA4m4eruQTv8FabIIMDg2VbwRulGRklu3hWSu/Jnl4k"},"_chains":{"BXInRGT3/lY0dbdkWpCkrWexQsPF9aMs/IQPGudPaskZ":{"chainKey":{"counter":0,"key":"E2bEih3/pC7hC+c9GzIXBxhLvrDBLvo9tF4lHNWB+o0="},"chainType":1,"messageKeys":{}}},"pendingPreKey":{"signedKeyId":1,"baseKey":"BUcfndLxhc/rteW2yPP24ppE34NxC84Q953fBhqEiFIa","preKeyId":12400229}}},"version":"v1"}