{"_sessions":{"BQ2luWWRrZfPlC301c44JRrEJrHeO04YIAY85DlgjGw9":{"registrationId":1875675795,"currentRatchet":{"ephemeralKeyPair":{"pubKey":"BcmHUD6pQg0eR/u4rZNoW35Zht4UVKxZzW5nGPRixIU1","privKey":"kG6xJKMiJVOD/+0DwkZD/Q6fQN3RIgntcp2GymKUwHk="},"lastRemoteEphemeralKey":"BR3O+CBLCurjINI4QJAzxiIYQFENTvWw7t0lsgQlVkBl","previousCounter":0,"rootKey":"JqIzBFsEMeTOzJ6VeuIgpVjNttpY7SWcrj6nR4OQbtI="},"indexInfo":{"baseKey":"BQ2luWWRrZfPlC301c44JRrEJrHeO04YIAY85DlgjGw9","baseKeyType":1,"closed":-1,"used":1689292176714,"created":1689292176714,"remoteIdentityKey":"BSaJaDCVzS/vpulLKXHm9CxTX9FvehXLz+b/LQSy4NBZ"},"_chains":{"BcmHUD6pQg0eR/u4rZNoW35Zht4UVKxZzW5nGPRixIU1":{"chainKey":{"counter":0,"key":"buyFWJmZVHUTE5NiqTkgXWPL7j1puEfPQRZtBvgCaXc="},"chainType":1,"messageKeys":{}}},"pendingPreKey":{"signedKeyId":0,"baseKey":"BQ2luWWRrZfPlC301c44JRrEJrHeO04YIAY85DlgjGw9"}}},"version":"v1"}