{"_sessions":{"BZe4+S/Kp/BhoF5U0fUO1GbtPCpoFRIkmx7PoC3BCT9u":{"registrationId":619915525,"currentRatchet":{"ephemeralKeyPair":{"pubKey":"BWWDZKLylIoWR42nFYPuSIDF+N6ZYYYdRZCsBRvoY1MH","privKey":"+NOpKHUkO7nuMKjGUSgDUguILd8vyKVrzeBpYNu9g3o="},"lastRemoteEphemeralKey":"BdvBExPstSzB5vbsQ6D7QXXYW3DPRejV1KbPQJNnhs5z","previousCounter":0,"rootKey":"RIV69ORbEFANmAGh0sgeuBwDCqzEX1Ja65P5RxtW1Cc="},"indexInfo":{"baseKey":"BZe4+S/Kp/BhoF5U0fUO1GbtPCpoFRIkmx7PoC3BCT9u","baseKeyType":1,"closed":-1,"used":1689299502237,"created":1689299502237,"remoteIdentityKey":"BeaPpwl7VzTOfeSJ1MgNtM1QSP+W/hScLXsbgjLdeNlj"},"_chains":{"BWWDZKLylIoWR42nFYPuSIDF+N6ZYYYdRZCsBRvoY1MH":{"chainKey":{"counter":2,"key":"FwQO2Menk1IzlRU5Y6S51v6qQ791aJAJ3PBAyVw7uXQ="},"chainType":1,"messageKeys":{}}},"pendingPreKey":{"signedKeyId":0,"baseKey":"BZe4+S/Kp/BhoF5U0fUO1GbtPCpoFRIkmx7PoC3BCT9u"}}},"version":"v1"}