{"_sessions":{"BWhxlEN1ednsMIBixkjgTk7C0rKmkEe181zkr2WoNZwT":{"registrationId":2013074766,"currentRatchet":{"ephemeralKeyPair":{"pubKey":"BVbnQKAPQtqnsvpJ3/e6oCtTrWmDoifI2XnPJn5CJKAy","privKey":"+Cy8woHjq54jqwgsV2yy77bSVohBeLHg7lMpSq2VClI="},"lastRemoteEphemeralKey":"BVmJLhJunKcLBkRzO8n3wO2N3HTdCMOaYYMDGKl7V85H","previousCounter":0,"rootKey":"DiwaSUZINAPB26sOUOW+3rbY03qyHpkMxCma0XevoQg="},"indexInfo":{"baseKey":"BWhxlEN1ednsMIBixkjgTk7C0rKmkEe181zkr2WoNZwT","baseKeyType":1,"closed":1689298521804,"used":1689292177209,"created":1689292177209,"remoteIdentityKey":"BahfXw4HGa9HLR6Z6ToMcTiR53CdUUg1a0RSJbgfhj5t"},"_chains":{"BVbnQKAPQtqnsvpJ3/e6oCtTrWmDoifI2XnPJn5CJKAy":{"chainKey":{"counter":0,"key":"cvLo79sbHYjPLSPGEliOnTXceAPMIWmR9H6YnVmDnHY="},"chainType":1,"messageKeys":{}}},"pendingPreKey":{"signedKeyId":32,"baseKey":"BWhxlEN1ednsMIBixkjgTk7C0rKmkEe181zkr2WoNZwT","preKeyId":5050603}},"BUsr81NZDrRh6CoC53k9F66kIXkEPilX+MgxKR9K2L5b":{"registrationId":2013074766,"currentRatchet":{"ephemeralKeyPair":{"pubKey":"BZgLmTWQ3e0FzUZ8+ByWr2/h+97N4zYGlQls558C25ZA","privKey":"WLxPsPeonhukBwiUweDRefSIum0rH+EQywrnx/j73Ug="},"lastRemoteEphemeralKey":"Beig6xkziojC4Ex08E6R3q4XMmjqtA6xEjdlolk8uh5D","previousCounter":0,"rootKey":"pgRAHPsG7+U4Ar3nsR6IckoM9LcBD7AuNoi+0bUN1IE="},"indexInfo":{"baseKey":"BUsr81NZDrRh6CoC53k9F66kIXkEPilX+MgxKR9K2L5b","baseKeyType":2,"closed":-1,"used":1689298521808,"created":1689298521808,"remoteIdentityKey":"BahfXw4HGa9HLR6Z6ToMcTiR53CdUUg1a0RSJbgfhj5t"},"_chains":{"Beig6xkziojC4Ex08E6R3q4XMmjqtA6xEjdlolk8uh5D":{"chainKey":{"counter":0,"key":"vzpTTNsrcIciRMnPGKH+kOQlMukG985PhwHK8QoyhUk="},"chainType":2,"messageKeys":{}},"BZgLmTWQ3e0FzUZ8+ByWr2/h+97N4zYGlQls558C25ZA":{"chainKey":{"counter":-1,"key":"3Itm6nbMReyDxBvGj1cJU/zkeqNRVlsWbMkE1XDTFl0="},"chainType":1,"messageKeys":{}}}}},"version":"v1"}