{"_sessions":{"BZr9hWpErapo0WY07TIMGbhBNYhGk4PnDDwmoZbm/qZ9":{"registrationId":2050228151,"currentRatchet":{"ephemeralKeyPair":{"pubKey":"BYWBP0Pog5GP5aH/kMq6qltsum9oMCUmKfXp9MYKwioB","privKey":"2BRncD0xpWSneVhroaXrA3FGmVzj20SwVxV9xQtwYFI="},"lastRemoteEphemeralKey":"BdkvG8qzm59oQ/7Ko21obwejKKHZOQP9aLfBk/57CkRE","previousCounter":0,"rootKey":"f0zgnuqnXstmdADqq9NmpRVPcA/JJSqnQuP44IoBawA="},"indexInfo":{"baseKey":"BZr9hWpErapo0WY07TIMGbhBNYhGk4PnDDwmoZbm/qZ9","baseKeyType":1,"closed":-1,"used":1689292177120,"created":1689292177120,"remoteIdentityKey":"BTseV65/YYZdnmelVV24ZPa8cG6JFJ+fVNOHcwGdXlYd"},"_chains":{"BYWBP0Pog5GP5aH/kMq6qltsum9oMCUmKfXp9MYKwioB":{"chainKey":{"counter":0,"key":"JHxD+KLyEJ6MH+tQbaVcG5/v09VXHQ7uEF9U3pXgzvI="},"chainType":1,"messageKeys":{}}},"pendingPreKey":{"signedKeyId":34,"baseKey":"BZr9hWpErapo0WY07TIMGbhBNYhGk4PnDDwmoZbm/qZ9"}}},"version":"v1"}