{"_sessions":{"BYJWPvBrE9iXThPsHJNJxeNuvTLpFLvLwA3HpQg08Mh7":{"registrationId":1968403358,"currentRatchet":{"ephemeralKeyPair":{"pubKey":"BZwYtNKkIRagyFCnQuJWPLGwNbaZVgj8JvCbjlQPtsZo","privKey":"cM1F/6fXZGvQhJcfiAojdzQp4P0hQo+BoxYVPdwhYmA="},"lastRemoteEphemeralKey":"BcG/IMlTDPn4klOMJn0lOQ6/UBCzSypVT11rgr6PEHwg","previousCounter":0,"rootKey":"rzbIvnfiX03nnV2ddmq2XteOJzHNISnlGx0xxTqXl8k="},"indexInfo":{"baseKey":"BYJWPvBrE9iXThPsHJNJxeNuvTLpFLvLwA3HpQg08Mh7","baseKeyType":1,"closed":-1,"used":1689292177398,"created":1689292177398,"remoteIdentityKey":"BRQQtUGLH9ue36S9VSdyEG5+VKxiSFBfsgYdblbGvHZh"},"_chains":{"BZwYtNKkIRagyFCnQuJWPLGwNbaZVgj8JvCbjlQPtsZo":{"chainKey":{"counter":0,"key":"DZa2PC6hjEUH6iREqQdGaSM1X+qLub1HfveSW/5w8/I="},"chainType":1,"messageKeys":{}}},"pendingPreKey":{"signedKeyId":4,"baseKey":"BYJWPvBrE9iXThPsHJNJxeNuvTLpFLvLwA3HpQg08Mh7","preKeyId":523305}}},"version":"v1"}