{"_sessions":{"BdXgQPoj3o1kc5Tp6swzGhk5Qbfk0mpG+c5cMi4CiRID":{"registrationId":656246880,"currentRatchet":{"ephemeralKeyPair":{"pubKey":"Bb1MOn2XjUGjA6yNZm8P1e7zbOVKMxu1JKQZ65h36y0E","privKey":"QNK7sJTxDQZZKWvRJr478C55UhlOf1gEA8dt9NCtqXo="},"lastRemoteEphemeralKey":"BWE8kXxbsTctt0EwvIZj9wSx4ugglQml+wMs+z8WL/E/","previousCounter":0,"rootKey":"unYoxlGTIhxxdLwPYoAzjho/0sTA5bLJ4/Hkd7A6kqk="},"indexInfo":{"baseKey":"BdXgQPoj3o1kc5Tp6swzGhk5Qbfk0mpG+c5cMi4CiRID","baseKeyType":1,"closed":-1,"used":1689292176642,"created":1689292176642,"remoteIdentityKey":"BTvzrz777+s1I3zBhZ2OKd7/oz/l9CtbQaQM2beKBIMQ"},"_chains":{"Bb1MOn2XjUGjA6yNZm8P1e7zbOVKMxu1JKQZ65h36y0E":{"chainKey":{"counter":10,"key":"JpcxsysNwVZVCKD8m0f9hDIUgSEVHE0F4dmcZGRKIyY="},"chainType":1,"messageKeys":{}}},"pendingPreKey":{"signedKeyId":5,"baseKey":"BdXgQPoj3o1kc5Tp6swzGhk5Qbfk0mpG+c5cMi4CiRID"}}},"version":"v1"}