{"_sessions":{"Ba0h+3eJYXgP4wwOZK0bC/2aJSaugtZtY0Q4P/X3eitm":{"registrationId":950353198,"currentRatchet":{"ephemeralKeyPair":{"pubKey":"BeCkodRx9TvIHSBQ7IPCkQHbMtD+qtuNIkyF+azl7NoM","privKey":"sKZ7Xvd9110ccCAmodb5F7xv93sqtQ/80oa+2oL1W0k="},"lastRemoteEphemeralKey":"BQanyax0nDKx/rYa+T6pmA7Eub0sOftgNYQSa8O7nNwt","previousCounter":0,"rootKey":"2kpnfxWnHHkMhMAVogW5o4+YQDc7/HlDZ0P0sd2/fdY="},"indexInfo":{"baseKey":"Ba0h+3eJYXgP4wwOZK0bC/2aJSaugtZtY0Q4P/X3eitm","baseKeyType":1,"closed":-1,"used":1689292176534,"created":1689292176534,"remoteIdentityKey":"Bd8jpFIGhhZJIeN4RQMGieAeQNnKuQ/LTZAXkTeCqmRD"},"_chains":{"BeCkodRx9TvIHSBQ7IPCkQHbMtD+qtuNIkyF+azl7NoM":{"chainKey":{"counter":2,"key":"c+I1YwyDiI9/reCXHFeysrXkjaGwCr5eqk1dZw+X1a8="},"chainType":1,"messageKeys":{}}},"pendingPreKey":{"signedKeyId":20,"baseKey":"Ba0h+3eJYXgP4wwOZK0bC/2aJSaugtZtY0Q4P/X3eitm"}}},"version":"v1"}