{"_sessions":{"BbLCe8IfHvWpXHrteUc5JCA0TmOFOCtlEqzQRpKrzMMx":{"registrationId":1901820203,"currentRatchet":{"ephemeralKeyPair":{"pubKey":"BQOh9k9BzgsmaR3omj7BtjemYUqAZmbjvGxb3dRnjwFG","privKey":"WNUwzHz2Rm7SOv4Rn5yoJhPVvHLixvVO14JSXFwi62M="},"lastRemoteEphemeralKey":"BV5WNcmjW4HjrD9TtWdZ2MyLgd6tu/pANoN6uWXXrpos","previousCounter":0,"rootKey":"hvqUXsy5P9fDrp1NtdPD76syK6Q80e+92J6X0X+uWTY="},"indexInfo":{"baseKey":"BbLCe8IfHvWpXHrteUc5JCA0TmOFOCtlEqzQRpKrzMMx","baseKeyType":1,"closed":-1,"used":1689292176639,"created":1689292176639,"remoteIdentityKey":"BfzJ4VCcjLoaoKDD7cx6NPpp3jPH0c/7kOD7ydecKOhX"},"_chains":{"BQOh9k9BzgsmaR3omj7BtjemYUqAZmbjvGxb3dRnjwFG":{"chainKey":{"counter":0,"key":"D0E3WvF9lqCvbZD2Je4lLYPu0c2nKpEi1avEUW4ruzw="},"chainType":1,"messageKeys":{}}},"pendingPreKey":{"signedKeyId":13,"baseKey":"BbLCe8IfHvWpXHrteUc5JCA0TmOFOCtlEqzQRpKrzMMx"}}},"version":"v1"}