{"_sessions":{"BQoUCm69fTgoheMW2gah6ilb8NdT8aQDZoxP7IwhKrhD":{"registrationId":389381070,"currentRatchet":{"ephemeralKeyPair":{"pubKey":"BaYFLWg4l5pghDMf58YO/TdrsGrM/94P8Xtc/CNMhJc2","privKey":"oJ9c8xd+n69MKDHPKFZErVhWqSEPfxINL8yI4gVQP3M="},"lastRemoteEphemeralKey":"BfKWpp8t/IB6d3N+25xo0MpOaIPUvr//WxWVWEuWfEIN","previousCounter":0,"rootKey":"V8LSuxduoCiL+ZselG2YSSfHnwuNKGC7kakJDqTQ30o="},"indexInfo":{"baseKey":"BQoUCm69fTgoheMW2gah6ilb8NdT8aQDZoxP7IwhKrhD","baseKeyType":1,"closed":-1,"used":1689292176529,"created":1689292176529,"remoteIdentityKey":"BTIWBNTHWF2JK5bX9eCGJgobMhnkGMOm/nYyWJJ9Xcwq"},"_chains":{"BaYFLWg4l5pghDMf58YO/TdrsGrM/94P8Xtc/CNMhJc2":{"chainKey":{"counter":2,"key":"vQGZ2Ew1QBnF0vuFfSvzIiXZOrdKmfrIhkl0swSO6Yo="},"chainType":1,"messageKeys":{}}},"pendingPreKey":{"signedKeyId":0,"baseKey":"BQoUCm69fTgoheMW2gah6ilb8NdT8aQDZoxP7IwhKrhD"}}},"version":"v1"}