{"_sessions":{"Bbs9/2z7/mqIxBjqgtM0yHH3TauREJpjC+ILnKjEqTZ9":{"registrationId":2835,"currentRatchet":{"ephemeralKeyPair":{"pubKey":"BV/4rUKCVJRRV4E6DkIr1fNDC50UtcsAt2KDfKu3XGJw","privKey":"6KaxCkf8rmRWYGtIrJVfBP9OzAMlCxYnCofoKLNrlFY="},"lastRemoteEphemeralKey":"BZN3g/LIMBcDKqos1k/LJh0X6a+P+QFS7H8hfopWTz5M","previousCounter":0,"rootKey":"4EL7nfmTbPK2bwwZxzAs+latwckOeATRCsbDqvy22bY="},"indexInfo":{"baseKey":"Bbs9/2z7/mqIxBjqgtM0yHH3TauREJpjC+ILnKjEqTZ9","baseKeyType":1,"closed":-1,"used":1689302097703,"created":1689302097703,"remoteIdentityKey":"BVU4R6IVb5kAY7uf20DVTGMcSQSrPC3Vvip6OfUVYKMq"},"_chains":{"BV/4rUKCVJRRV4E6DkIr1fNDC50UtcsAt2KDfKu3XGJw":{"chainKey":{"counter":3,"key":"0SEwzkzzpjhtPHB2HxC2nHpDxsPgcFECZslugp3EULI="},"chainType":1,"messageKeys":{}}},"pendingPreKey":{"signedKeyId":2,"baseKey":"Bbs9/2z7/mqIxBjqgtM0yHH3TauREJpjC+ILnKjEqTZ9","preKeyId":414}}},"version":"v1"}