{"_sessions":{"BWF5/sUKkR39DLs5p4g8HYrBjmFNoXESPFyfN1vP+rgo":{"registrationId":215202544,"currentRatchet":{"ephemeralKeyPair":{"pubKey":"BZNX4s/vSn9nm5dzYolTIKXCQvkfcjH43iESAEhSxG5w","privKey":"kNzxv6Qgqts7lBSOKXUH/0kGzblwZfL7opY+Ox2ZW2M="},"lastRemoteEphemeralKey":"Bciv7ye0LYcGynQA1yomW/BRHvGaTMM9N+H1WKVfl0Na","previousCounter":0,"rootKey":"uTCdwrwgSk8M1IBZ67az7fz+9IRcN2IEb5IO4sRpH7w="},"indexInfo":{"baseKey":"BWF5/sUKkR39DLs5p4g8HYrBjmFNoXESPFyfN1vP+rgo","baseKeyType":1,"closed":-1,"used":1689294172501,"created":1689294172501,"remoteIdentityKey":"Bee/R+TbhrbEC+Yy5XGYZP4NrCkiUcUS6LPAp9MlH7oU"},"_chains":{"BZNX4s/vSn9nm5dzYolTIKXCQvkfcjH43iESAEhSxG5w":{"chainKey":{"counter":0,"key":"qwvjK69W2007H618bQxmXtWAL367pU2Vdt5EtJxPVZ4="},"chainType":1,"messageKeys":{}}},"pendingPreKey":{"signedKeyId":0,"baseKey":"BWF5/sUKkR39DLs5p4g8HYrBjmFNoXESPFyfN1vP+rgo","preKeyId":10669339}}},"version":"v1"}