{"_sessions":{"BWWTC0hfM4szF9KoTBtbWjf0DzKLt/s4E8OLL0MOY3sV":{"registrationId":277050280,"currentRatchet":{"ephemeralKeyPair":{"pubKey":"BTuTiFkyGimSKdJJAWqO+zuD7laGsKOdGbkg0RLUNggl","privKey":"0NvJ/6VyBpemf7bnU05qxcIms6qWuaLGLuC49GaYOUQ="},"lastRemoteEphemeralKey":"BQqJrlpPxQ/VEK8oYZ0ZOZQMgezWnAbFePusF+6TKst+","previousCounter":0,"rootKey":"80sU6s9Xe2V/lahq3Ub2l+jBUmZ2AJUO5gs4YBZs54Y="},"indexInfo":{"baseKey":"BWWTC0hfM4szF9KoTBtbWjf0DzKLt/s4E8OLL0MOY3sV","baseKeyType":1,"closed":-1,"used":1689292176735,"created":1689292176735,"remoteIdentityKey":"BRr3IRtW0H5Pbp5DtFqqmL+jCe//bkaNaj/eIM00SUwN"},"_chains":{"BTuTiFkyGimSKdJJAWqO+zuD7laGsKOdGbkg0RLUNggl":{"chainKey":{"counter":0,"key":"d60LsNNELehHVpbWPD+oxID1USwqMtLoQIQ/wpJmq0I="},"chainType":1,"messageKeys":{}}},"pendingPreKey":{"signedKeyId":8,"baseKey":"BWWTC0hfM4szF9KoTBtbWjf0DzKLt/s4E8OLL0MOY3sV","preKeyId":1689442}}},"version":"v1"}