{"_sessions":{"BYHtMEc8UiuUGFZziPKwfbjZaxz23WqPvzJgxAfsvbgN":{"registrationId":1018378232,"currentRatchet":{"ephemeralKeyPair":{"pubKey":"BZrMwNps85r04SyyKdAoYq0h98dxM45abfmzlHHIWjBs","privKey":"0LNdUQBOMYQV/kBq41YDD+Bfyi6u6/2nT4mKpPJFeW4="},"lastRemoteEphemeralKey":"BZ9sauYa4VQ0EErL53l+BCL3YBhNPMLpDaQMmte8ENkC","previousCounter":0,"rootKey":"mswC58keJPNYo3UdCalwEqNEM0cre84IywPx84flyho="},"indexInfo":{"baseKey":"BYHtMEc8UiuUGFZziPKwfbjZaxz23WqPvzJgxAfsvbgN","baseKeyType":1,"closed":-1,"used":1689292176542,"created":1689292176542,"remoteIdentityKey":"BVkZljp7uBhom+yTvXizE0DEOJEZ8L1f6k9GFputxe1d"},"_chains":{"BZrMwNps85r04SyyKdAoYq0h98dxM45abfmzlHHIWjBs":{"chainKey":{"counter":0,"key":"2aYZ2TaOiBePYSApPUmpBaMQwi+1njUu0amrPEHQos8="},"chainType":1,"messageKeys":{}}},"pendingPreKey":{"signedKeyId":6996005,"baseKey":"BYHtMEc8UiuUGFZziPKwfbjZaxz23WqPvzJgxAfsvbgN"}}},"version":"v1"}