{"_sessions":{"BcUDlyJSKQYisU7lJnYYTzbx6etN0QBrhC0niQ4hD7Ez":{"registrationId":937594055,"currentRatchet":{"ephemeralKeyPair":{"pubKey":"BX7RH/C9JhfIqvDOzfejESJb7vPNLgFRjYSYMlGWAvsl","privKey":"cOrF1tClVm4ncfYlk0uzKIKWL9sSLdMnhsZZUo/4aWI="},"lastRemoteEphemeralKey":"BdGwebqLJnNpboideSGnPEx00CqVZ9ouBEtG9rakdToh","previousCounter":0,"rootKey":"c0LYf2ql6RIzw60XEl3naJeErLNu+anzvp97wrqCReU="},"indexInfo":{"baseKey":"BcUDlyJSKQYisU7lJnYYTzbx6etN0QBrhC0niQ4hD7Ez","baseKeyType":1,"closed":-1,"used":1689292177015,"created":1689292177015,"remoteIdentityKey":"Bfr+52qmIF34QZFPqdzzqPeDQNSBS7aqAhikv/GC0DdR"},"_chains":{"BX7RH/C9JhfIqvDOzfejESJb7vPNLgFRjYSYMlGWAvsl":{"chainKey":{"counter":0,"key":"3ehHfhoEUYWWVgoUy3AfrqotIDAXCqdVjWezSX9fo0k="},"chainType":1,"messageKeys":{}}},"pendingPreKey":{"signedKeyId":3,"baseKey":"BcUDlyJSKQYisU7lJnYYTzbx6etN0QBrhC0niQ4hD7Ez"}}},"version":"v1"}