{"_sessions":{"BWJQTtms4Wp7ozi6BBRWXPE1MIOtl0tbfVUUaKZawld6":{"registrationId":389294063,"currentRatchet":{"ephemeralKeyPair":{"pubKey":"BQOqmdX5RIzmJCrbO3w9FvRLrPkqXg7GX4LlgMJ68fBl","privKey":"YGY9H/84QNCX2Drir3CYkBVpRoHRwQo1W3ybUpygSHw="},"lastRemoteEphemeralKey":"Bc6/tLg1FfG7Tk91yX+YzE+6j0+ye+p1jju7LRZ8gH1w","previousCounter":0,"rootKey":"59Ku/qGFnEU4LoyHW1kxDxw/LDMntLo4KZuk1TLk098="},"indexInfo":{"baseKey":"BWJQTtms4Wp7ozi6BBRWXPE1MIOtl0tbfVUUaKZawld6","baseKeyType":1,"closed":-1,"used":1689292176698,"created":1689292176698,"remoteIdentityKey":"BeGbdemBSRuUKFMdCmB6vK6o953K9+ePGZtJd73UW6RC"},"_chains":{"BQOqmdX5RIzmJCrbO3w9FvRLrPkqXg7GX4LlgMJ68fBl":{"chainKey":{"counter":0,"key":"VrR6NUtNPL/FNfuzA+GgKe07mnBop59f6U7VCbo8E2g="},"chainType":1,"messageKeys":{}}},"pendingPreKey":{"signedKeyId":2,"baseKey":"BWJQTtms4Wp7ozi6BBRWXPE1MIOtl0tbfVUUaKZawld6","preKeyId":15138231}}},"version":"v1"}