{"_sessions":{"BZZfHFN9M09PnpNb+0k0e2N+90MSzGGCrR3TR3Ieh4Bm":{"registrationId":1712004671,"currentRatchet":{"ephemeralKeyPair":{"pubKey":"BZUfrAuBqWqM3QOAhqxenhv6hzSEYnj+ePmzwueU+JsR","privKey":"OA5XUoMq4I62AzaiZ2okGuwn8Wd81+8PQ79q4U5w/lg="},"lastRemoteEphemeralKey":"BVJl4TsQ57uuUCY8998+94aBh4dsFWFDxjX3DuX1xl8q","previousCounter":0,"rootKey":"9SuhTne4UsK9FsKWjWpoU9PP82MJGfU0mDw7d15QoJ4="},"indexInfo":{"baseKey":"BZZfHFN9M09PnpNb+0k0e2N+90MSzGGCrR3TR3Ieh4Bm","baseKeyType":1,"closed":-1,"used":1689292177325,"created":1689292177325,"remoteIdentityKey":"BVVm4AO5ccVPGJEDJSVyhzRnWFQ8H8vUSo/dvxXNf68I"},"_chains":{"BZUfrAuBqWqM3QOAhqxenhv6hzSEYnj+ePmzwueU+JsR":{"chainKey":{"counter":0,"key":"gjs9RjcR3pGa7WXHDCA/dMqFbefBCmy4J6HluvWUzMo="},"chainType":1,"messageKeys":{}}},"pendingPreKey":{"signedKeyId":1,"baseKey":"BZZfHFN9M09PnpNb+0k0e2N+90MSzGGCrR3TR3Ieh4Bm","preKeyId":12665774}}},"version":"v1"}