{"_sessions":{"Ba4lTDffKej+TDA/bwXqLfRlh47jUfkbYq4bTWEDdEch":{"registrationId":854293073,"currentRatchet":{"ephemeralKeyPair":{"pubKey":"BZqocWtrI0tG3NKFaxkVgKBEW+phdWwe+y4LebfYH7hY","privKey":"KM0vZAzCSjY0/BZgJinuf1Vs6xykiykEhGvXMiyIDnw="},"lastRemoteEphemeralKey":"BfXoGVnrfjktbi64yW+Em/MTe2Nda4r8/f7yHZnRMk04","previousCounter":0,"rootKey":"GQS3kEKv2SqKBbtfyTcJRP2S0tFAaokOZPL3s2ALwI4="},"indexInfo":{"baseKey":"Ba4lTDffKej+TDA/bwXqLfRlh47jUfkbYq4bTWEDdEch","baseKeyType":1,"closed":-1,"used":1689292177302,"created":1689292177302,"remoteIdentityKey":"BaQS0kUtZ+aupH9P6vvOPF311chHsLBAct1t0SfjZrwt"},"_chains":{"BZqocWtrI0tG3NKFaxkVgKBEW+phdWwe+y4LebfYH7hY":{"chainKey":{"counter":0,"key":"Kbf5gykL3vgR5pCShs6k4OvJTEVq2z1jNqCSdqnQ9d8="},"chainType":1,"messageKeys":{}}},"pendingPreKey":{"signedKeyId":2,"baseKey":"Ba4lTDffKej+TDA/bwXqLfRlh47jUfkbYq4bTWEDdEch"}}},"version":"v1"}