{"_sessions":{"BRMRbJunvuU7Pzpsp63bZmUMFqP3Z34vUjm3jGtAaLk0":{"registrationId":423697451,"currentRatchet":{"ephemeralKeyPair":{"pubKey":"BUEBVbXHJwpmbp0BCxYEp527KfPrKW+N4b0+r3hX14p1","privKey":"aEKL4UOEK5js1AMdYd20JY/jEt8/a9JFkq9Ga40KE1U="},"lastRemoteEphemeralKey":"Basxwn12r/r15KTCImXxveORqqgm9ShFSoRozTvjfzgq","previousCounter":0,"rootKey":"bFQtm15uqYSiEOHxQFZta/5K/GmjwrmNnpUYNSpimZk="},"indexInfo":{"baseKey":"BRMRbJunvuU7Pzpsp63bZmUMFqP3Z34vUjm3jGtAaLk0","baseKeyType":1,"closed":-1,"used":1689292177144,"created":1689292177144,"remoteIdentityKey":"Bf4YySFjcveoZCaw3wyYXOqAPAUHZBeSz/AwIcgW1EMk"},"_chains":{"BUEBVbXHJwpmbp0BCxYEp527KfPrKW+N4b0+r3hX14p1":{"chainKey":{"counter":0,"key":"FJeArX9vbNU5fsd7HVHHMfJirNESL9UkIyalNStfmfU="},"chainType":1,"messageKeys":{}}},"pendingPreKey":{"signedKeyId":9,"baseKey":"BRMRbJunvuU7Pzpsp63bZmUMFqP3Z34vUjm3jGtAaLk0","preKeyId":1733119}}},"version":"v1"}