{"_sessions":{"BUlALyV4UZdCSkM6OTBB11JNeXSbyXAAbUqJTtXA8E0h":{"registrationId":2016498772,"currentRatchet":{"ephemeralKeyPair":{"pubKey":"BQtIhvyY8M1wPfU8YKDnnpaiEBtTD7u6dBCj3FC09PJE","privKey":"aGs4kZuYjr90OYvHKFWeuLBTVNWnpr19k5Ub6FWQInY="},"lastRemoteEphemeralKey":"BbYf83b93XmsjHsy/091guhCuZ5VazcjsCQF9RNqELJy","previousCounter":0,"rootKey":"+DUi/KTtzgpSxwVg62bnXeRI3UQXAwOe4Z0Jz0V4rNo="},"indexInfo":{"baseKey":"BUlALyV4UZdCSkM6OTBB11JNeXSbyXAAbUqJTtXA8E0h","baseKeyType":1,"closed":-1,"used":1689292177417,"created":1689292177417,"remoteIdentityKey":"BRNGKcD1GHhZlhL8N0dRQiY8xCbrmgA7EUhu994BsKRN"},"_chains":{"BQtIhvyY8M1wPfU8YKDnnpaiEBtTD7u6dBCj3FC09PJE":{"chainKey":{"counter":0,"key":"ezfZdINsVSU1GPJD6iaIVQ+UOJqXflriQEhRw3LJpak="},"chainType":1,"messageKeys":{}}},"pendingPreKey":{"signedKeyId":1,"baseKey":"BUlALyV4UZdCSkM6OTBB11JNeXSbyXAAbUqJTtXA8E0h"}}},"version":"v1"}