{"_sessions":{"BTJry314z9FmEwGpEtpypKIeDHYznF/P1F/CiKclknN7":{"registrationId":1262424155,"currentRatchet":{"ephemeralKeyPair":{"pubKey":"Be2ZBcxrSZjbCyQW1iuMTtWzfSFWOdhi2bRIvyg0tsBZ","privKey":"gPBO4eExebMpxP6d4FMsGq33heNkITOUyj6EtzvGY1Q="},"lastRemoteEphemeralKey":"BZ/I/CO0spHOYcDC9aPrswS85u0sE++AHQHJF4YYHuQt","previousCounter":0,"rootKey":"/fAQP+cxihU6VybyioDyTFFxvq+m12jTSUTCLom22f8="},"indexInfo":{"baseKey":"BTJry314z9FmEwGpEtpypKIeDHYznF/P1F/CiKclknN7","baseKeyType":1,"closed":-1,"used":1689292176913,"created":1689292176913,"remoteIdentityKey":"BUS9ryNVnwYBW1niPt9luHUS4B9svr6bQVVRtSH71uMj"},"_chains":{"Be2ZBcxrSZjbCyQW1iuMTtWzfSFWOdhi2bRIvyg0tsBZ":{"chainKey":{"counter":0,"key":"rRy4yOYa1+09eQcStXWXbcQMU/8CjI2l3cwMshaFXUg="},"chainType":1,"messageKeys":{}}},"pendingPreKey":{"signedKeyId":55,"baseKey":"BTJry314z9FmEwGpEtpypKIeDHYznF/P1F/CiKclknN7","preKeyId":3179643}}},"version":"v1"}