{"_sessions":{"BcA2Spbo3rmWposIyokl/y0SnI0VVXwaSK4IMX1CUXt+":{"registrationId":958391145,"currentRatchet":{"ephemeralKeyPair":{"pubKey":"BUPk90IByTD/vJqwOFm83e3EyraaQgWCK5K1cMbi91Z0","privKey":"EAFskPvS6mKmkm6HDg7Trlpc+zX+t8lDPrE4e9GHf3M="},"lastRemoteEphemeralKey":"BbB7uivZi+YyceK69nzPAzmTXGuuLFRiExVyo+SuVa11","previousCounter":0,"rootKey":"xme/EVBdNbiSHx5zuYhn8PtZXxi0aE1c+MCVzS1FsLE="},"indexInfo":{"baseKey":"BcA2Spbo3rmWposIyokl/y0SnI0VVXwaSK4IMX1CUXt+","baseKeyType":1,"closed":-1,"used":1689292177499,"created":1689292177499,"remoteIdentityKey":"BWR/7cZat4LfJmlzuoltVC0a6N8nydW3blDZyj9cASRs"},"_chains":{"BUPk90IByTD/vJqwOFm83e3EyraaQgWCK5K1cMbi91Z0":{"chainKey":{"counter":0,"key":"PmSjIhJRfO30ZQ/o0cniWpaHgQlHHFQOp/wtwBeRv+E="},"chainType":1,"messageKeys":{}}},"pendingPreKey":{"signedKeyId":23,"baseKey":"BcA2Spbo3rmWposIyokl/y0SnI0VVXwaSK4IMX1CUXt+","preKeyId":15541846}}},"version":"v1"}