{"_sessions":{"Be3LynaZzGLqg4dbJqkJn/w1MaU7dawnC9apj/oT1QwK":{"registrationId":1859999963,"currentRatchet":{"ephemeralKeyPair":{"pubKey":"Be4e2GHb3yZpBu1lzF0+WQWLvLekjEB1W+gwx7vUQBh0","privKey":"gO9ZPnmTvsq3GwIwsKY1ChifIGGtsvbRn/ThT+0Qtlk="},"lastRemoteEphemeralKey":"BfU52FGkNvbBv0ul3PyWyl+SHVQ1SHcXyQwN5iT/IF9z","previousCounter":0,"rootKey":"8nCQRKvAo9gkLfscalPdJ227UNY92pBJD/npVxru038="},"indexInfo":{"baseKey":"Be3LynaZzGLqg4dbJqkJn/w1MaU7dawnC9apj/oT1QwK","baseKeyType":1,"closed":-1,"used":1689292177404,"created":1689292177404,"remoteIdentityKey":"Ba1SSGazP6zHsUSyLJc61esGNj2i5VNbJa0VIGlOLNNH"},"_chains":{"Be4e2GHb3yZpBu1lzF0+WQWLvLekjEB1W+gwx7vUQBh0":{"chainKey":{"counter":0,"key":"JZNNABeWstVEyfTC3CNqb3xXhKCxPhu07EWBIXSQDQA="},"chainType":1,"messageKeys":{}}},"pendingPreKey":{"signedKeyId":0,"baseKey":"Be3LynaZzGLqg4dbJqkJn/w1MaU7dawnC9apj/oT1QwK","preKeyId":12178727}}},"version":"v1"}