{"_sessions":{"BdSVpJVTBecukfI1GwTLaUufP9MT4Wcbk9w5le8tlS49":{"registrationId":1340149184,"currentRatchet":{"ephemeralKeyPair":{"pubKey":"BU2jJ+3rCGMOvyl+MV06MEWrlthoHnT/ZgXjcYZEEK5/","privKey":"8DkWZ6EyY096z2T7ZhhQJy2wEm3T0oFyhcC7hCRGVF8="},"lastRemoteEphemeralKey":"BfdcnFxino9HoLbb2stbkPF8kJlLpmIBdLTUEpZ0q3Eo","previousCounter":0,"rootKey":"+/sp5RpQgyZsSL7lacQ6kcL5MYDmMWwvVvLxbRI+wHo="},"indexInfo":{"baseKey":"BdSVpJVTBecukfI1GwTLaUufP9MT4Wcbk9w5le8tlS49","baseKeyType":1,"closed":-1,"used":1689294325326,"created":1689294325326,"remoteIdentityKey":"BenMdB0p+0sBTc1A0BcL6ns/H2dnYzK9wyzYJQlkNRkx"},"_chains":{"BU2jJ+3rCGMOvyl+MV06MEWrlthoHnT/ZgXjcYZEEK5/":{"chainKey":{"counter":7,"key":"hTNjywLjjPZbblt0967qQLBFOsxFwwLkQaumgwOPI5Q="},"chainType":1,"messageKeys":{}}},"pendingPreKey":{"signedKeyId":0,"baseKey":"BdSVpJVTBecukfI1GwTLaUufP9MT4Wcbk9w5le8tlS49","preKeyId":7438546}}},"version":"v1"}