{"_sessions":{"BY4hDx3Q5cBSVlheKPUhuS4HrcH6VXfZmuJrlr6Lv65i":{"registrationId":859019002,"currentRatchet":{"ephemeralKeyPair":{"pubKey":"BeIFe+rTX4DxOFIyi7z+TRytNIa8LH7FMUdmxaIPSg9U","privKey":"8ICdb8ctDhme1R4VxJtFFj+69YLBIj/i28azn35l6Xk="},"lastRemoteEphemeralKey":"Be/oYIxFP8Kik7CAMBjJNA3F02yngvkqXr7eQjNXKRNl","previousCounter":0,"rootKey":"k2OiE4YVlxV+LjRwUAFjh4Iz/bSveaBBIHDswJOAKqI="},"indexInfo":{"baseKey":"BY4hDx3Q5cBSVlheKPUhuS4HrcH6VXfZmuJrlr6Lv65i","baseKeyType":1,"closed":-1,"used":1689292176531,"created":1689292176531,"remoteIdentityKey":"Bc22iqBAISf6dYziqOEzLdA9x5+kyL3QqIrQzT4rTQoR"},"_chains":{"BeIFe+rTX4DxOFIyi7z+TRytNIa8LH7FMUdmxaIPSg9U":{"chainKey":{"counter":0,"key":"7CEwZaooomVcY5XS/0NKF67Tvex22+ir3NM0xubpf2w="},"chainType":1,"messageKeys":{}}},"pendingPreKey":{"signedKeyId":0,"baseKey":"BY4hDx3Q5cBSVlheKPUhuS4HrcH6VXfZmuJrlr6Lv65i"}}},"version":"v1"}