{"_sessions":{"BZFmdonb+5xK9SEhmR5OYPBt0kOBuuRy0wRh4uGeFWF/":{"registrationId":666269320,"currentRatchet":{"ephemeralKeyPair":{"pubKey":"BZq28QMCRrr4dSNtOuLhqPZaRBwsepD9E6qZnewIWxpd","privKey":"2OGBMZf2ucCPu24MnSU69r9pAwgN92mmfRmFdkEdwm4="},"lastRemoteEphemeralKey":"BXMENhQuMHM1CRWtP8hfh+3DJHvNrFNDOT/qk33GIjkU","previousCounter":0,"rootKey":"ZZ9VJT4QgZ1BQfmTkMObctGAf1SpWBsQK6+myd2pTkA="},"indexInfo":{"baseKey":"BZFmdonb+5xK9SEhmR5OYPBt0kOBuuRy0wRh4uGeFWF/","baseKeyType":1,"closed":-1,"used":1689302098003,"created":1689302098003,"remoteIdentityKey":"BbE1mqaOslPwR4CiM9ThsZuBKPOYnRl1jIoWuAbCJoNS"},"_chains":{"BZq28QMCRrr4dSNtOuLhqPZaRBwsepD9E6qZnewIWxpd":{"chainKey":{"counter":3,"key":"Ky33uv7bfcBHrypQuOuc6y23U7apwuo9OceCUHMjt+Q="},"chainType":1,"messageKeys":{}}},"pendingPreKey":{"signedKeyId":27,"baseKey":"BZFmdonb+5xK9SEhmR5OYPBt0kOBuuRy0wRh4uGeFWF/","preKeyId":16750267}}},"version":"v1"}