{"_sessions":{"BbUQX6t3AFpoVggeCZp3T7yqAZ5ttEoMuLhPGE5C0f8L":{"registrationId":1044609466,"currentRatchet":{"ephemeralKeyPair":{"pubKey":"Bf48W7kOi6aV1PJzsEnq6KrgVzoQWYg6/nH+RqJQa0gR","privKey":"SC4o1MowVWHK4UCODtqXa+KDhpdP0ptaPe5GIexV5Hs="},"lastRemoteEphemeralKey":"BXiobDGj/qBiB7zulLDAIR0eDXecIHHTGMiB9RqJGIl3","previousCounter":0,"rootKey":"zHxzQTdhq5r2RUCUYR0jBC3D87X/MDxFB+qVhg8Bg2w="},"indexInfo":{"baseKey":"BbUQX6t3AFpoVggeCZp3T7yqAZ5ttEoMuLhPGE5C0f8L","baseKeyType":1,"closed":-1,"used":1689292177033,"created":1689292177033,"remoteIdentityKey":"Bells9q6msf30nQQ3enNu6mMhfS9Qhjm5Vxsw34c9Msg"},"_chains":{"Bf48W7kOi6aV1PJzsEnq6KrgVzoQWYg6/nH+RqJQa0gR":{"chainKey":{"counter":2,"key":"kGuuyOYEb0DIq9cfTEK9u1wCH4+3Ci1wBh3h+xTDxp4="},"chainType":1,"messageKeys":{}}},"pendingPreKey":{"signedKeyId":7,"baseKey":"BbUQX6t3AFpoVggeCZp3T7yqAZ5ttEoMuLhPGE5C0f8L"}}},"version":"v1"}