{"_sessions":{"BcxqlS12UcEto5cEFc0hJ49TGNET924rdPL7UMbO4DMX":{"registrationId":2050085172,"currentRatchet":{"ephemeralKeyPair":{"pubKey":"Bc7zIpnCByslK7MRuLDwx7Q8pwM/qrGAcAhmSEM3Aqxx","privKey":"uJsYQshqJagyedxeI939dQCuyBR9S5q4UFHcVdrj3Uw="},"lastRemoteEphemeralKey":"BZh8n6EdTmD+ifpc/rCVRXm17APD37try685TZhSSitS","previousCounter":0,"rootKey":"fz+O6PDltlqovpIOvkI6cr9q8l4CPQYkmGqNwFIr5Kk="},"indexInfo":{"baseKey":"BcxqlS12UcEto5cEFc0hJ49TGNET924rdPL7UMbO4DMX","baseKeyType":1,"closed":-1,"used":1689292177232,"created":1689292177232,"remoteIdentityKey":"BeEL1U+Vzx/C2DGbYtT+/w3x8xyN0k6dSGLk4vNaHZYj"},"_chains":{"Bc7zIpnCByslK7MRuLDwx7Q8pwM/qrGAcAhmSEM3Aqxx":{"chainKey":{"counter":0,"key":"m/Z3+ypu6NDZ/iS32goGJlhp+anOyhL5Ch0khpNXFrI="},"chainType":1,"messageKeys":{}}},"pendingPreKey":{"signedKeyId":12,"baseKey":"BcxqlS12UcEto5cEFc0hJ49TGNET924rdPL7UMbO4DMX","preKeyId":11777449}}},"version":"v1"}