{"_sessions":{"BWZl7kdf3Pb3w0MidAhw+CsmHLJatcpZVe5lg/yXrXUO":{"registrationId":658018044,"currentRatchet":{"ephemeralKeyPair":{"pubKey":"BTkJaO/NdaxhfMe7F0/13EQozzaxFDWJQjlmJkbodrpC","privKey":"aNHaSSml1kmjlVrMeZs0aqXldZqRjFN7EREwJjDdKGo="},"lastRemoteEphemeralKey":"BUpbbKZa5TYxrRwzdluX3SaR+myTm+Q0/f3GUWoDKVYv","previousCounter":0,"rootKey":"uluAKO6fXiRglNEk5Ce6MO5uokmgGNOu/0LQ8JdXAEw="},"indexInfo":{"baseKey":"BWZl7kdf3Pb3w0MidAhw+CsmHLJatcpZVe5lg/yXrXUO","baseKeyType":1,"closed":-1,"used":1689292177102,"created":1689292177102,"remoteIdentityKey":"BX5YPRDKzcOpwO0+JCDiJgRHhW+oEdRaAOaAynw+j6JQ"},"_chains":{"BTkJaO/NdaxhfMe7F0/13EQozzaxFDWJQjlmJkbodrpC":{"chainKey":{"counter":0,"key":"UmtOo1d5tJATRSCXkfgUTDBCjL5r5J+5ILtuYS+33uc="},"chainType":1,"messageKeys":{}}},"pendingPreKey":{"signedKeyId":1,"baseKey":"BWZl7kdf3Pb3w0MidAhw+CsmHLJatcpZVe5lg/yXrXUO"}}},"version":"v1"}