{"_sessions":{"BenvzFlb6WA8WZqmKGOL7oerlVXzB3GtZ3bQFF45+n9f":{"registrationId":1826922129,"currentRatchet":{"ephemeralKeyPair":{"pubKey":"BT27NmYCCDKK2mzGc6r0tQ94Lsyv4DhceHXD5ImSfe5R","privKey":"6NX/uk2cJ1WtWsawwyNxe3BWXed+llMt3Vc6Q+H9O1Y="},"lastRemoteEphemeralKey":"BYgB4ek+5ZACij+3fhI1huau0Dl3KyBhvkDhflXFS7ce","previousCounter":0,"rootKey":"2CtCWTs4A6ZfLTWhWbJcLaSuC8+89sVgsdgfG1KzMQk="},"indexInfo":{"baseKey":"BenvzFlb6WA8WZqmKGOL7oerlVXzB3GtZ3bQFF45+n9f","baseKeyType":1,"closed":-1,"used":1689327337795,"created":1689327337795,"remoteIdentityKey":"BRj9fhWaKCogY+8ng07KT+1SHDm78YT3akfRh+nGV68A"},"_chains":{"BT27NmYCCDKK2mzGc6r0tQ94Lsyv4DhceHXD5ImSfe5R":{"chainKey":{"counter":1,"key":"NKwmJ7p0jABisCeedP+J+1EoWliehcTwm002Y/EFhh0="},"chainType":1,"messageKeys":{}}},"pendingPreKey":{"signedKeyId":0,"baseKey":"BenvzFlb6WA8WZqmKGOL7oerlVXzB3GtZ3bQFF45+n9f","preKeyId":11399038}}},"version":"v1"}