{"_sessions":{"BVZqCtzveHJTaz5ZXtqGwfFggx+Lk2u009i1GIrJ7GEp":{"registrationId":294992347,"currentRatchet":{"ephemeralKeyPair":{"pubKey":"BUmi0YtzKgWORFlzPK1DRNSY4JoLMlUK74Tc33HY+H91","privKey":"OFN2SVejs66IgoarSIvGPxUhWIFVzKgCGY5ynPCMzlM="},"lastRemoteEphemeralKey":"BcWp6uKbvSyUtSvGeWPIpqxLPi+saDhauD4aD4xEms9y","previousCounter":0,"rootKey":"v3WtUEnPDWzeNF09V3cOzbMr2S2LSGB1Im/HRd3UGl8="},"indexInfo":{"baseKey":"BVZqCtzveHJTaz5ZXtqGwfFggx+Lk2u009i1GIrJ7GEp","baseKeyType":1,"closed":-1,"used":1689292176633,"created":1689292176633,"remoteIdentityKey":"Bbqbdv3Lkn2qDOAN6zMNX2DeYKFEKjHDRgVQ9o6cPdNO"},"_chains":{"BUmi0YtzKgWORFlzPK1DRNSY4JoLMlUK74Tc33HY+H91":{"chainKey":{"counter":2,"key":"p3hzXnss8ySYUBhLgRIQKqSVQ68xoDsvPdegQVScMq4="},"chainType":1,"messageKeys":{}}},"pendingPreKey":{"signedKeyId":3,"baseKey":"BVZqCtzveHJTaz5ZXtqGwfFggx+Lk2u009i1GIrJ7GEp"}}},"version":"v1"}