{"_sessions":{"BXh8aT49mxaQ068Al1x1nu15W81O84nPWbqwkjtB4HY7":{"registrationId":1511063777,"currentRatchet":{"ephemeralKeyPair":{"pubKey":"Bf9wWdbsZtAwQYvpqFKrWGmDHUoCgGBwb/pOr6aEaDNF","privKey":"QOL2418ld1tsYg0m6Q4Mj1KJ6enwU31eWFyPy+Vu+30="},"lastRemoteEphemeralKey":"BddCr91z0Z9gD1DQv2exsGe10MM+Q5kwChTXwU6y2pZY","previousCounter":0,"rootKey":"qBDlsJjDF9dpD1h6oKiHph5JKA0TwvcB6pt0icnkhZ4="},"indexInfo":{"baseKey":"BXh8aT49mxaQ068Al1x1nu15W81O84nPWbqwkjtB4HY7","baseKeyType":1,"closed":-1,"used":1689292176898,"created":1689292176898,"remoteIdentityKey":"BeAbOIxwxr//WZPmBI3Cg57eyNFpLObZUEeUAM6vNFVZ"},"_chains":{"Bf9wWdbsZtAwQYvpqFKrWGmDHUoCgGBwb/pOr6aEaDNF":{"chainKey":{"counter":0,"key":"UN/LU6JfRRhxs3FZBN56YpDmP0k500z1K8DCJP4KyUQ="},"chainType":1,"messageKeys":{}}},"pendingPreKey":{"signedKeyId":2394355,"baseKey":"BXh8aT49mxaQ068Al1x1nu15W81O84nPWbqwkjtB4HY7"}}},"version":"v1"}