{"_sessions":{"BQuo25I0ZeiRSVMKFREEne5oKaPV//j5ApoVCLXB9ykW":{"registrationId":629330590,"currentRatchet":{"ephemeralKeyPair":{"pubKey":"Bf7cfAAo5v9v8lIfIt7+ij9VwoIWoyeS6rZLiB0384EJ","privKey":"mL4m/z7Oo9NzyTB1TMlJl/HJQHgIxib7NWeQ7Ah8r1o="},"lastRemoteEphemeralKey":"Bb6M6lBhYSdh6qOrjNPra2D5R6sz2JK65yG3EpI/uhEE","previousCounter":0,"rootKey":"OC87BkpcW8g5Ong8HEw8JUJ9BI5c19O28bAxyAZGz+o="},"indexInfo":{"baseKey":"BQuo25I0ZeiRSVMKFREEne5oKaPV//j5ApoVCLXB9ykW","baseKeyType":1,"closed":-1,"used":1689292177436,"created":1689292177436,"remoteIdentityKey":"Bbt6HZ65x94fYg7vvrL2VhWmMYJS6A+T9HDRpvAczh0j"},"_chains":{"Bf7cfAAo5v9v8lIfIt7+ij9VwoIWoyeS6rZLiB0384EJ":{"chainKey":{"counter":0,"key":"zkGWxc9nkd8cBLPFF/8+j/DFJyvaZIdGGngAXMrp9KM="},"chainType":1,"messageKeys":{}}},"pendingPreKey":{"signedKeyId":6,"baseKey":"BQuo25I0ZeiRSVMKFREEne5oKaPV//j5ApoVCLXB9ykW","preKeyId":6079611}}},"version":"v1"}