{"_sessions":{"BVfR0nMKaruHH3/LiuHmXLiYyXxB1TRNDdejC+NOwHUK":{"registrationId":1571810177,"currentRatchet":{"ephemeralKeyPair":{"pubKey":"Bad91fGzEVAieFU1wxmPQ2hjxcAAMbv2yYpps2kQnbhE","privKey":"eKZMTvzNZ2k+mscj/PNTiIfOqqgrXIWsPQulFr9H+UE="},"lastRemoteEphemeralKey":"BVJ0dnMOWlpXXE3Iu4mkxuH4JH0N9QOy0wttuR1uKKdx","previousCounter":0,"rootKey":"pmx5Xfz91whpW90X9l3V2k+q0k/w8sns4fIkqfwMTuc="},"indexInfo":{"baseKey":"BVfR0nMKaruHH3/LiuHmXLiYyXxB1TRNDdejC+NOwHUK","baseKeyType":2,"closed":-1,"used":1689344254844,"created":1689344254844,"remoteIdentityKey":"BUNjZvAS9ch04bdnhc9BnUY0W2TwC0F7XutEcARrgisI"},"_chains":{"BVJ0dnMOWlpXXE3Iu4mkxuH4JH0N9QOy0wttuR1uKKdx":{"chainKey":{"counter":3,"key":"Nng+Y+J7h8ZmOyLnp8Yq3yzzQzkRDt90heUrFHBEOZU="},"chainType":2,"messageKeys":{"0":"04YPl+mdo+ZRmJelwzTWAnf4b1HFiHZ+zgQKqR56jpo=","1":"1jov3owxjFBVvcXF8Cj0EV94ZrgzLmcKyie0iwGHFmY="}},"Bad91fGzEVAieFU1wxmPQ2hjxcAAMbv2yYpps2kQnbhE":{"chainKey":{"counter":-1,"key":"DPf9JeieFkH+dhFTlEPViuodl8NXRQzCu1JfWcYBBpg="},"chainType":1,"messageKeys":{}}}}},"version":"v1"}