{"_sessions":{"Bcait8CioSooMg+mUZJQvKd47xPNKohm5cRF08Ss90Uq":{"registrationId":98699671,"currentRatchet":{"ephemeralKeyPair":{"pubKey":"BZ6h7bxON4Z4QK2UBLUszeSBB5dyudTsSYIpP6uQGzF2","privKey":"6DROxs+Z3yY8wMmMoXhPWIw/Ln+7t8/Qif+ZiFHf1X0="},"lastRemoteEphemeralKey":"BSwVxxZp39Mu9g5i/zrNoUF8P4ydH1SYuW2/9APgEpwP","previousCounter":0,"rootKey":"35bozg9bzx91JLQ23LCZVtwWCivl/UUF8v0BJr80pWw="},"indexInfo":{"baseKey":"Bcait8CioSooMg+mUZJQvKd47xPNKohm5cRF08Ss90Uq","baseKeyType":1,"closed":-1,"used":1689302097995,"created":1689302097995,"remoteIdentityKey":"BRVDCYPbJNtbIsoO2YPPJy9adk1kn0Yw0Hx1atxGvVsd"},"_chains":{"BZ6h7bxON4Z4QK2UBLUszeSBB5dyudTsSYIpP6uQGzF2":{"chainKey":{"counter":3,"key":"nX53BjjlEci0oL3b8TPXW/OAp/JJ5LkTASWB0tbp4vw="},"chainType":1,"messageKeys":{}}},"pendingPreKey":{"signedKeyId":49,"baseKey":"Bcait8CioSooMg+mUZJQvKd47xPNKohm5cRF08Ss90Uq","preKeyId":2306479}}},"version":"v1"}