{"_sessions":{"BSNsZaDKTdBZ92WXduYGgQkwUSS7E+fHrj46FAQUPH8k":{"registrationId":1610705997,"currentRatchet":{"ephemeralKeyPair":{"pubKey":"BX14Lv3VTaJE/+dJTCVhyxVgQUlaiabOhBI7duF35TRH","privKey":"QAsjW3YZL3o7yICANjo9WsbX1Lhq19FHpTQvUAUp52U="},"lastRemoteEphemeralKey":"BZYVaTL8JGKCyh+cpXmQPLcVXs6MrD7Gvz07P3bXRKVR","previousCounter":0,"rootKey":"Hp1SS62YjBh1rhtmrE0OaSCxlM/2pFQ1k4nnkW7FKFM="},"indexInfo":{"baseKey":"BSNsZaDKTdBZ92WXduYGgQkwUSS7E+fHrj46FAQUPH8k","baseKeyType":1,"closed":-1,"used":1689292177414,"created":1689292177414,"remoteIdentityKey":"BUASuHZ6UEFUKTXkSCyB+BBhSRYDW6LEdohINuutl3Yk"},"_chains":{"BX14Lv3VTaJE/+dJTCVhyxVgQUlaiabOhBI7duF35TRH":{"chainKey":{"counter":0,"key":"RScnNyFnX45jcMvYFv2szPkRYuqGNnoSHhqcyUqohXk="},"chainType":1,"messageKeys":{}}},"pendingPreKey":{"signedKeyId":4,"baseKey":"BSNsZaDKTdBZ92WXduYGgQkwUSS7E+fHrj46FAQUPH8k"}}},"version":"v1"}