{"_sessions":{"BTG06y94I7IY1WUiXyt1A5PDsVwQkrUw9c6tYr2Oxppr":{"registrationId":1973585580,"currentRatchet":{"ephemeralKeyPair":{"pubKey":"BTlfeqJ93i7ZoIkKmTZoQCYcOG/CkuffZIxPsB5uFmws","privKey":"qCBoPyHQ2Zt5e0iZoW0kMRnsfxBlY1qpxQWz/4WesUI="},"lastRemoteEphemeralKey":"BYNaqDxmf+HMhn+aHY75+vbo1cv116UscJJ5yQ+mKqhQ","previousCounter":0,"rootKey":"awn4hJ6+5UDscFK+DPCqAMEuWsHt4wkLvvjQAJj9QDw="},"indexInfo":{"baseKey":"BTG06y94I7IY1WUiXyt1A5PDsVwQkrUw9c6tYr2Oxppr","baseKeyType":1,"closed":1689327348900,"used":1689292176919,"created":1689292176919,"remoteIdentityKey":"BYTCQm44VNs8w4UekE+BsRNDyru9wFa6lze/YPP1QaZW"},"_chains":{"BTlfeqJ93i7ZoIkKmTZoQCYcOG/CkuffZIxPsB5uFmws":{"chainKey":{"counter":9,"key":"j5G7j2v0/y5GqkSZfCcGLFSqD0NrxR19X9DITNL24B8="},"chainType":1,"messageKeys":{}}},"pendingPreKey":{"signedKeyId":0,"baseKey":"BTG06y94I7IY1WUiXyt1A5PDsVwQkrUw9c6tYr2Oxppr","preKeyId":7852306}},"BeKbgUX4VHT2pAx0Zi0qyjX0ybKMYKCTTaivm9rDTotP":{"registrationId":1973585580,"currentRatchet":{"ephemeralKeyPair":{"pubKey":"BbS2o+oKGbPkVTzVWnBLEd8OijBHgK0zLnODObIUrwoR","privKey":"AC2NEKN5DGRh2inqpTWtXMWPbU3OFk3PCKO/2FxvvVI="},"lastRemoteEphemeralKey":"BYNaqDxmf+HMhn+aHY75+vbo1cv116UscJJ5yQ+mKqhQ","previousCounter":0,"rootKey":"3UV5X2eOc3o6ijiwm+eWbTcgAalsUaey6kYFp9zmZxc="},"indexInfo":{"baseKey":"BeKbgUX4VHT2pAx0Zi0qyjX0ybKMYKCTTaivm9rDTotP","baseKeyType":1,"closed":-1,"used":1689327348898,"created":1689327348898,"remoteIdentityKey":"BYTCQm44VNs8w4UekE+BsRNDyru9wFa6lze/YPP1QaZW"},"_chains":{"BbS2o+oKGbPkVTzVWnBLEd8OijBHgK0zLnODObIUrwoR":{"chainKey":{"counter":0,"key":"TpuU//JOTs8hT1KrgKuQziqaXXvXc2NveeGrlqqcZAI="},"chainType":1,"messageKeys":{}}},"pendingPreKey":{"signedKeyId":0,"baseKey":"BeKbgUX4VHT2pAx0Zi0qyjX0ybKMYKCTTaivm9rDTotP","preKeyId":7854598}}},"version":"v1"}