{"_sessions":{"Beb6/M1Pgfqxqbki9Mg8jAQhXenhQO1+RxEpQQQyl18i":{"registrationId":1724010688,"currentRatchet":{"ephemeralKeyPair":{"pubKey":"BbkSkk3NHa29vV2ufmA/7mn+xw0U4TYTX1SHNobeMd49","privKey":"qC/53Bf2NxLeWWSDkRXUiZwFP9ge3tX3cL9TVsIo2Vo="},"lastRemoteEphemeralKey":"BYCfMm1qqauOX35qqB8hOLioLFs4k1rwK9gAMNVSblIb","previousCounter":0,"rootKey":"h3iA2PXVfQFswWZEy9WXarRVjN5wzzILLIAaXtxhTBU="},"indexInfo":{"baseKey":"Beb6/M1Pgfqxqbki9Mg8jAQhXenhQO1+RxEpQQQyl18i","baseKeyType":1,"closed":-1,"used":1689292177509,"created":1689292177509,"remoteIdentityKey":"Bel6qVOa5r0JeNcJ21Dx1ZRJnNnT1grWb6RKQhHSbHFt"},"_chains":{"BbkSkk3NHa29vV2ufmA/7mn+xw0U4TYTX1SHNobeMd49":{"chainKey":{"counter":0,"key":"Czhgq1Q6/lBhrOo2XVXAQJWds5JdkWGr0HVULy1RIFI="},"chainType":1,"messageKeys":{}}},"pendingPreKey":{"signedKeyId":13,"baseKey":"Beb6/M1Pgfqxqbki9Mg8jAQhXenhQO1+RxEpQQQyl18i"}}},"version":"v1"}