{"_sessions":{"BZDgPvR/bRpOSjiYlYSrkKBe0yh/2GbPrSPH2gsJDit7":{"registrationId":1690222520,"currentRatchet":{"ephemeralKeyPair":{"pubKey":"BW09UnZbxNO8Rr8FyHWoe7R8UODu7lNedvaKEGk47phX","privKey":"UIXUpQgXQ8Qeq1uzTgXhSOuE6VCb0XI/Jr9KVFHIdkY="},"lastRemoteEphemeralKey":"BSOKFDHZPS4MTK1uNNMpiLWapkmfZ7B5HvHmEgZwJvNM","previousCounter":0,"rootKey":"KrT8x5SIotXvcNwa0I9b/Tm2LMYqPOFQo35FVRXvygw="},"indexInfo":{"baseKey":"BZDgPvR/bRpOSjiYlYSrkKBe0yh/2GbPrSPH2gsJDit7","baseKeyType":1,"closed":-1,"used":1689292177322,"created":1689292177322,"remoteIdentityKey":"BekEpYML3iZb6OIbeCgl+VL2GYq3dDcJYGFeqyXvSfYu"},"_chains":{"BW09UnZbxNO8Rr8FyHWoe7R8UODu7lNedvaKEGk47phX":{"chainKey":{"counter":0,"key":"42QuJ5ajZ0FOY19WD69niZ4ol4TDBdCN426ue6OLbo0="},"chainType":1,"messageKeys":{}}},"pendingPreKey":{"signedKeyId":12,"baseKey":"BZDgPvR/bRpOSjiYlYSrkKBe0yh/2GbPrSPH2gsJDit7"}}},"version":"v1"}