{"_sessions":{"Bf6QU7n3FtqX81J8gq9qIig/t3NUDCep50fqS+eF8XZn":{"registrationId":445715993,"currentRatchet":{"ephemeralKeyPair":{"pubKey":"BTJmFCy+nQ88OXG0YPjF22IZeFC9fCWRaT9MYACdUaIs","privKey":"cGCJXraHqm+M0YfduGWMt9rLQpVcZxjLo2XS98FZCHA="},"lastRemoteEphemeralKey":"BXLEBJ4Qn6QlfNE4PfY5QHLBYU0OJlirRIKeSg3PaH1M","previousCounter":0,"rootKey":"XIYQro1at3kxRtvIy5XAIbKvrGGgXBigL6omtL1Iozs="},"indexInfo":{"baseKey":"Bf6QU7n3FtqX81J8gq9qIig/t3NUDCep50fqS+eF8XZn","baseKeyType":1,"closed":-1,"used":1689292177395,"created":1689292177395,"remoteIdentityKey":"BVI8JCpzN7ZP8/10JPYjzkIbDtVH1jGo3/HjJ18nc6hm"},"_chains":{"BTJmFCy+nQ88OXG0YPjF22IZeFC9fCWRaT9MYACdUaIs":{"chainKey":{"counter":0,"key":"oiYNcK0n+OHJ7HyuVY4Tzx6SGeL/f0SuksYEZFsaqXQ="},"chainType":1,"messageKeys":{}}},"pendingPreKey":{"signedKeyId":2,"baseKey":"Bf6QU7n3FtqX81J8gq9qIig/t3NUDCep50fqS+eF8XZn"}}},"version":"v1"}