{"_sessions":{"BR/FuYqZgW0+Dp+goVjzFMPq2O6KfgZPeZTjtrxUzdYv":{"registrationId":207661178,"currentRatchet":{"ephemeralKeyPair":{"pubKey":"BUAp7Ah6l6FIu7lts65/0kj8wCzDdZ1iFUOx8h5ydQQo","privKey":"aPeElfTBXBrqqgHJP8E/xgfU2xByOXwytd4cX6Wgi0A="},"lastRemoteEphemeralKey":"BaoYr7AzCNlHwRxJG+jl4K130JVe0wOlyed1iM5dAAMS","previousCounter":0,"rootKey":"82yxLiHtJfGO02yrn9ESA4k7rg7QuRc5KhHOb+tAMKM="},"indexInfo":{"baseKey":"BR/FuYqZgW0+Dp+goVjzFMPq2O6KfgZPeZTjtrxUzdYv","baseKeyType":1,"closed":-1,"used":1689292176636,"created":1689292176636,"remoteIdentityKey":"BcXbDldo0mJkbTmvBbTXZMwB+MZ1YkeFTtQB7CQhjNd1"},"_chains":{"BUAp7Ah6l6FIu7lts65/0kj8wCzDdZ1iFUOx8h5ydQQo":{"chainKey":{"counter":0,"key":"QgUzdEoPnx/NahuX3Au+FuY8ZmuymBZYosm4tdLNsjE="},"chainType":1,"messageKeys":{}}},"pendingPreKey":{"signedKeyId":1,"baseKey":"BR/FuYqZgW0+Dp+goVjzFMPq2O6KfgZPeZTjtrxUzdYv","preKeyId":2938535}}},"version":"v1"}