{"_sessions":{"BcwQxQxTL5RcEBEVL6FLc9DpMDiq8Ho/3RkeI7Rj3QhN":{"registrationId":1327251156,"currentRatchet":{"ephemeralKeyPair":{"pubKey":"BdfG+EzWJV3i/CyDAH6eZR7zie9o3FTKKyHKsCUuIn1r","privKey":"8Lrcg3rpgNELLZBHRwG23UVs0fMTsmeaOD7meCHUl04="},"lastRemoteEphemeralKey":"BZKk1occoSUDn8zri6vkWuFRYMzRfDkTHhhL3mXimIU8","previousCounter":0,"rootKey":"EdJAG0le6We9YjcGnooD84bb1AGjUJLOCX+dQG+7poc="},"indexInfo":{"baseKey":"BcwQxQxTL5RcEBEVL6FLc9DpMDiq8Ho/3RkeI7Rj3QhN","baseKeyType":1,"closed":-1,"used":1689292176621,"created":1689292176621,"remoteIdentityKey":"BcpVUsZGUy9bHt7AjuUhld1gurgEwr84DKz9mQnMJkYS"},"_chains":{"BdfG+EzWJV3i/CyDAH6eZR7zie9o3FTKKyHKsCUuIn1r":{"chainKey":{"counter":0,"key":"sme57lG+BslmyhjYIGkPcvykzRwnMKWYIxByBj1H4X8="},"chainType":1,"messageKeys":{}}},"pendingPreKey":{"signedKeyId":7767476,"baseKey":"BcwQxQxTL5RcEBEVL6FLc9DpMDiq8Ho/3RkeI7Rj3QhN"}}},"version":"v1"}