{"_sessions":{"BfI2vWFHLj6Fd5oHeNJDoVWd+MOou7kRNT8nuMSBxUAU":{"registrationId":610852344,"currentRatchet":{"ephemeralKeyPair":{"pubKey":"BVWXz2FL+bPo6jnJF3RfQ2bC88Udc9mHBsbgrFYKSIIN","privKey":"4GaFdO7p3hDjUtSUrpuDdaWVPnmYkRf5YmVcMwDaI00="},"lastRemoteEphemeralKey":"BTcGING5F8kcOg3BxpwTisJBVQrVRAS0OOAPHFva0iFV","previousCounter":0,"rootKey":"+/nrB1o0uj2HhpNC3LVJHcxoU4/acl6AbjumJEW30Lw="},"indexInfo":{"baseKey":"BfI2vWFHLj6Fd5oHeNJDoVWd+MOou7kRNT8nuMSBxUAU","baseKeyType":1,"closed":-1,"used":1689292176703,"created":1689292176703,"remoteIdentityKey":"BQ+XQyZwBiomh2U45xLqDJ5TBftXhikKR/1JUbxYVygb"},"_chains":{"BVWXz2FL+bPo6jnJF3RfQ2bC88Udc9mHBsbgrFYKSIIN":{"chainKey":{"counter":2,"key":"kxjrFFIHzYdNtpzJX5ynqQvTVJa9L30QKcqk68BOg64="},"chainType":1,"messageKeys":{}}},"pendingPreKey":{"signedKeyId":1,"baseKey":"BfI2vWFHLj6Fd5oHeNJDoVWd+MOou7kRNT8nuMSBxUAU"}}},"version":"v1"}