{"_sessions":{"BdcWLft08xVBteGUgEKrQBoaORvc5EccTd1ycGyUEyJT":{"registrationId":1392723911,"currentRatchet":{"ephemeralKeyPair":{"pubKey":"BWC26yVBT4w8dN6mSzAP5bq1TAE95mfTBd0KGIb1Pe1E","privKey":"ME49y1nrRYx3RGDyRUhLw1GGjbN98M9sZo6GJmRjvW0="},"lastRemoteEphemeralKey":"BaD4NjRZcK5snbbup0LIHUUewUUuvVv3UD+X87ewcYlz","previousCounter":0,"rootKey":"2ryShzjrFmxkoUUT7x5j1Xgl2bP04Q2lDS21IKhknD8="},"indexInfo":{"baseKey":"BdcWLft08xVBteGUgEKrQBoaORvc5EccTd1ycGyUEyJT","baseKeyType":1,"closed":-1,"used":1689302098006,"created":1689302098006,"remoteIdentityKey":"BShBnz1J+l/PNBTYYDw7kakusuh8AU2ln1m34oDRx18t"},"_chains":{"BWC26yVBT4w8dN6mSzAP5bq1TAE95mfTBd0KGIb1Pe1E":{"chainKey":{"counter":1,"key":"4q+Sumb87UVnlYmnOBzXuXT6nic4AQAJg1yCIRACNbs="},"chainType":1,"messageKeys":{}}},"pendingPreKey":{"signedKeyId":1,"baseKey":"BdcWLft08xVBteGUgEKrQBoaORvc5EccTd1ycGyUEyJT","preKeyId":4719260}}},"version":"v1"}