{"_sessions":{"BesH+WaOIqxQS9DXl3DJ/jqGcsCHjKDmCrK9L8kN5W5n":{"registrationId":1401487289,"currentRatchet":{"ephemeralKeyPair":{"pubKey":"Baef1A+IP05quQE/VMHOSfTBYl5yfA8+iGaYzHXK8qZA","privKey":"sKNNgb7IYLYmM8jEgC1jSifRcTRjWqSc1Fb2rJdcAm8="},"lastRemoteEphemeralKey":"BTzKFz4cMjJrBXIesKe1zZ4OCHUP9Cg9ZQPCZIhwmwFk","previousCounter":0,"rootKey":"+KCNC++xH8vwHKdzK7OnDbXeQkIqrqOpzDKfuHa2YJg="},"indexInfo":{"baseKey":"BesH+WaOIqxQS9DXl3DJ/jqGcsCHjKDmCrK9L8kN5W5n","baseKeyType":1,"closed":-1,"used":1689292177021,"created":1689292177021,"remoteIdentityKey":"BdIVeDbfOHY4gSCjWJRq578iEpRWKQ5FAr5vnqqNVelZ"},"_chains":{"Baef1A+IP05quQE/VMHOSfTBYl5yfA8+iGaYzHXK8qZA":{"chainKey":{"counter":0,"key":"8Wq1STSFyuvNU5pT8qXB1hydqJDjrSZ7+358OQHvQtE="},"chainType":1,"messageKeys":{}}},"pendingPreKey":{"signedKeyId":1,"baseKey":"BesH+WaOIqxQS9DXl3DJ/jqGcsCHjKDmCrK9L8kN5W5n"}}},"version":"v1"}