{"_sessions":{"BWteyTVLEUuNBYXIacn57HLruKtgiZxsvwG9ryywTlgp":{"registrationId":1239452350,"currentRatchet":{"ephemeralKeyPair":{"pubKey":"BT+Ankb71yK2imQTABKxjyYpx3hCuX2gImMSHgAKg0s/","privKey":"CEZDfGHqnlVnUAULMMUTO2LlgKkDasyZBCwhp/jVlW4="},"lastRemoteEphemeralKey":"BdbbhsRD6br/FZIJB05cnvho+OMM1XD+BDNckCmnEklk","previousCounter":0,"rootKey":"8ksMMYkH+N2ZECxHuc1jjS9wrsrVyayNRgO3cPGVFEI="},"indexInfo":{"baseKey":"BWteyTVLEUuNBYXIacn57HLruKtgiZxsvwG9ryywTlgp","baseKeyType":1,"closed":-1,"used":1689292176602,"created":1689292176602,"remoteIdentityKey":"BRzbXxa/A5Wv8p5i87xvR7090Co+qglWiE8K1jgdIrEs"},"_chains":{"BT+Ankb71yK2imQTABKxjyYpx3hCuX2gImMSHgAKg0s/":{"chainKey":{"counter":0,"key":"s1gEM62k/rFtSRyNJyKJILEsvpiOrr2jY6VrpxOoAQo="},"chainType":1,"messageKeys":{}}},"pendingPreKey":{"signedKeyId":11905478,"baseKey":"BWteyTVLEUuNBYXIacn57HLruKtgiZxsvwG9ryywTlgp"}}},"version":"v1"}