{"_sessions":{"Bb0YzcByZjdggpgcs4I3PXLussO6OESRPnB0d+HQEodZ":{"registrationId":70257572,"currentRatchet":{"ephemeralKeyPair":{"pubKey":"BW4cW05nC8VCu6HFy7po3ilvbiSF9oS9TPRDyXDz5RtL","privKey":"4JlPN/1kjfht63/v9pWeChIHMr4OfRldIPdUIFKmp0I="},"lastRemoteEphemeralKey":"BdvtFncAlR0veG5xZDff3R0cZ3ri4oCUKSNsiwG9Op0x","previousCounter":0,"rootKey":"ZLSCW72b8SmfIMa8gLktSMboe/dw9KD0OhtjNLF22Ic="},"indexInfo":{"baseKey":"Bb0YzcByZjdggpgcs4I3PXLussO6OESRPnB0d+HQEodZ","baseKeyType":1,"closed":-1,"used":1689290641713,"created":1689290641713,"remoteIdentityKey":"Bf2edHbsFCPpRV4ewJJWJ7JB1H9TmEDU0cDj+S6vbDxt"},"_chains":{"BW4cW05nC8VCu6HFy7po3ilvbiSF9oS9TPRDyXDz5RtL":{"chainKey":{"counter":12,"key":"rgeB09rup6jqdKvRsgJqrgsmmuXd1FcKzvf3YTpDazE="},"chainType":1,"messageKeys":{}}},"pendingPreKey":{"signedKeyId":1501311,"baseKey":"Bb0YzcByZjdggpgcs4I3PXLussO6OESRPnB0d+HQEodZ","preKeyId":350}}},"version":"v1"}