{"_sessions":{"BdX1x8Z7brEEa6qtTN9VQW2SS4JaZqcwPFKwkG8c/vVZ":{"registrationId":1786573216,"currentRatchet":{"ephemeralKeyPair":{"pubKey":"BYjO6/aYMVrNfTYhzIFKuQPv5KZp37wWtXWz/YF/5pAE","privKey":"cIU9ouMtVcfkUYOz3/yafAvGa8Gf1WXJjD15J4H4knU="},"lastRemoteEphemeralKey":"BcWm94T/1YVf7olelzk7u1qoyW4VjYodkwbjqmHFsTo3","previousCounter":0,"rootKey":"L5OyL6r6bjmLfRhr38DIuxLuTqlAeKsRWBXYc2+TJ2E="},"indexInfo":{"baseKey":"BdX1x8Z7brEEa6qtTN9VQW2SS4JaZqcwPFKwkG8c/vVZ","baseKeyType":1,"closed":-1,"used":1689292177433,"created":1689292177433,"remoteIdentityKey":"BW4y+wqGCMg7GQxUU75AZzwk7BhqEhIJJgVaRfIIZ45I"},"_chains":{"BYjO6/aYMVrNfTYhzIFKuQPv5KZp37wWtXWz/YF/5pAE":{"chainKey":{"counter":0,"key":"O/e1JllSI+l6SvrbA69H+ocaBWnA4sX9h7xx9ABdl6Q="},"chainType":1,"messageKeys":{}}},"pendingPreKey":{"signedKeyId":16,"baseKey":"BdX1x8Z7brEEa6qtTN9VQW2SS4JaZqcwPFKwkG8c/vVZ","preKeyId":9348574}}},"version":"v1"}