{"_sessions":{"BYiagrbqtgsyKUoXTOQob/iknY0AY3PGwu4Nm2A8FAkr":{"registrationId":18802059,"currentRatchet":{"ephemeralKeyPair":{"pubKey":"BbMFfQK8ilgfdKlqFKWfRnKK0T5mcbjZeo41xkM8H75T","privKey":"6Gcbu3+iwCRUfJlWMSYl8rv7jnKDd0+JBbxrfYbYw0s="},"lastRemoteEphemeralKey":"BRzErvj7gAbh13i4CaCaOreV6zFQc8qbfFXjoGu9RhJ1","previousCounter":0,"rootKey":"SNTt6cl5Wfq9ILUWeHvEZ6v3K3tUdBamkvGrmfleov4="},"indexInfo":{"baseKey":"BYiagrbqtgsyKUoXTOQob/iknY0AY3PGwu4Nm2A8FAkr","baseKeyType":1,"closed":-1,"used":1689292177312,"created":1689292177312,"remoteIdentityKey":"BYYWRf4h+7PgIizrySoXtvBaXD5/pYGnPl89tQHmnaok"},"_chains":{"BbMFfQK8ilgfdKlqFKWfRnKK0T5mcbjZeo41xkM8H75T":{"chainKey":{"counter":0,"key":"a3snrblrATp/2kS5TEbAGg/pXVv2N4qIaqkj5zCe1ew="},"chainType":1,"messageKeys":{}}},"pendingPreKey":{"signedKeyId":3,"baseKey":"BYiagrbqtgsyKUoXTOQob/iknY0AY3PGwu4Nm2A8FAkr"}}},"version":"v1"}