{"_sessions":{"BaAPehidqdjyh2J4duLCvZ9YPXe5OlvjiFNjmSfQY2Un":{"registrationId":1761997683,"currentRatchet":{"ephemeralKeyPair":{"pubKey":"BX5cDeqyb+s+y5sQc+/0MwOK9wyez9NwgjRvU9T+KPUL","privKey":"sO4h1+n2hNpNtx/HP43jO5OzJIJI5uKW9lD2t5Oi7Ww="},"lastRemoteEphemeralKey":"BQuC5abw2/WDRyM2cnZWcDXpFUZW0ChcyFX5i8pRFDBN","previousCounter":0,"rootKey":"R3ED1Bjk9HHt+KAk4FyUno/LMv0+dIQwHn96WkJsD08="},"indexInfo":{"baseKey":"BaAPehidqdjyh2J4duLCvZ9YPXe5OlvjiFNjmSfQY2Un","baseKeyType":1,"closed":-1,"used":1689292176723,"created":1689292176723,"remoteIdentityKey":"Ba7kGUr+FQM0krNXZzwz0kibxjDbBSUkc7Aw2FlsrpVI"},"_chains":{"BX5cDeqyb+s+y5sQc+/0MwOK9wyez9NwgjRvU9T+KPUL":{"chainKey":{"counter":10,"key":"oS6o53957dOSePFzkSRZmw5zTRYBwKVj7ZcK5vG4IR0="},"chainType":1,"messageKeys":{}}},"pendingPreKey":{"signedKeyId":46,"baseKey":"BaAPehidqdjyh2J4duLCvZ9YPXe5OlvjiFNjmSfQY2Un"}}},"version":"v1"}