{"_sessions":{"BcQwpOw+pKqaQ07OTpp5pfeA6nSrPFiA9gd/9cM6Svgu":{"registrationId":2041351120,"currentRatchet":{"ephemeralKeyPair":{"pubKey":"BdirYTiip2mCiM4bjtgJBOoIq2lbwZgM2F7BCdSH/SZy","privKey":"yKDQV83ttFC5FoPMXERzk5sRBqbVU9sfHSDH6dtS2V0="},"lastRemoteEphemeralKey":"Bfmo4W4l1UfkcThFEE5WXptxWoQCkdExVTTCnChW6vpV","previousCounter":0,"rootKey":"SjEEswmD9th6m4QeVulOOcRMtEneatBdBQdsfUsPOVI="},"indexInfo":{"baseKey":"BcQwpOw+pKqaQ07OTpp5pfeA6nSrPFiA9gd/9cM6Svgu","baseKeyType":1,"closed":-1,"used":1689292177132,"created":1689292177132,"remoteIdentityKey":"BUtwrW+dZ8Vcl/TKQ48iTbdFaOnmoegXUqOeYgDgc+VS"},"_chains":{"BdirYTiip2mCiM4bjtgJBOoIq2lbwZgM2F7BCdSH/SZy":{"chainKey":{"counter":10,"key":"YrDjW0KJosGpUQZFM14wxPOK0mdcG7LvzpLKwPAjrYU="},"chainType":1,"messageKeys":{}}},"pendingPreKey":{"signedKeyId":2,"baseKey":"BcQwpOw+pKqaQ07OTpp5pfeA6nSrPFiA9gd/9cM6Svgu","preKeyId":1023946}}},"version":"v1"}