{"_sessions":{"Bd5G8llxfMNgPc/uHbbtKQiJPVRhJYpDlgIXyGYPD1wc":{"registrationId":1944811139,"currentRatchet":{"ephemeralKeyPair":{"pubKey":"BfmxTOQsNweKXaEaFkAieUJJtHUV9yZk07J/7H5Fft4G","privKey":"4HiLGuKk8C3HA1RGEbjRz34jCoEaE8EKc8sX3bFWgnc="},"lastRemoteEphemeralKey":"BcIbUN99BhBqn4bzzzKjjf+E+SyUj9qgwcQR5RlGEJIu","previousCounter":0,"rootKey":"jdfd0rEP3bXXUnKcT4ltxSzTjnucsykWsf64Pu/5vGM="},"indexInfo":{"baseKey":"Bd5G8llxfMNgPc/uHbbtKQiJPVRhJYpDlgIXyGYPD1wc","baseKeyType":1,"closed":-1,"used":1689292177515,"created":1689292177515,"remoteIdentityKey":"BVRA8ubaeuAqB0zAyHsa0o4Be/GSKPQX7Da/V7KcE3QC"},"_chains":{"BfmxTOQsNweKXaEaFkAieUJJtHUV9yZk07J/7H5Fft4G":{"chainKey":{"counter":0,"key":"HplXwVEJ4IT6nRyxYwrwz5V31RqYBRl4Clv/ByUA38E="},"chainType":1,"messageKeys":{}}},"pendingPreKey":{"signedKeyId":14,"baseKey":"Bd5G8llxfMNgPc/uHbbtKQiJPVRhJYpDlgIXyGYPD1wc","preKeyId":981849}}},"version":"v1"}