{"_sessions":{"BQIxuv7gfPLesuZbxTusYpxEkAO4sc2fQ/5aSz3AVPY3":{"registrationId":2051120213,"currentRatchet":{"ephemeralKeyPair":{"pubKey":"BYS4rW4V8Lz0lxrkvHqtO6h0t5qbIsR9caYgcvf9bwgv","privKey":"sDM2tMRp32RzKaLzJuZ9go/i2gAVLlmGterC/Mfw50Y="},"lastRemoteEphemeralKey":"BZHWps62nEjEJtLM/bHdvgfVQql60svOC8AMCVGccSw3","previousCounter":0,"rootKey":"xZt9icwGqEVt2TmMTmD7ggplyeajOuyXrR5q5nvyZ7Y="},"indexInfo":{"baseKey":"BQIxuv7gfPLesuZbxTusYpxEkAO4sc2fQ/5aSz3AVPY3","baseKeyType":1,"closed":-1,"used":1689292177007,"created":1689292177007,"remoteIdentityKey":"BS5Et4Q6z07N581nRjHR1hGwD2cGZRmUR7iHxTrEKOYe"},"_chains":{"BYS4rW4V8Lz0lxrkvHqtO6h0t5qbIsR9caYgcvf9bwgv":{"chainKey":{"counter":0,"key":"V9qYZk64RGP89jcSjtRzI16uQXeq+nW0uWgwLbnG3zA="},"chainType":1,"messageKeys":{}}},"pendingPreKey":{"signedKeyId":8,"baseKey":"BQIxuv7gfPLesuZbxTusYpxEkAO4sc2fQ/5aSz3AVPY3","preKeyId":16267771}}},"version":"v1"}