{"_sessions":{"BaDsY553W6u0hsrRh5FeqzH3UYHror8FxhEVX2mP3YpX":{"registrationId":1648104753,"currentRatchet":{"ephemeralKeyPair":{"pubKey":"BeJfUTj1gOhj2EuCcxdYY6sn8zj4O57iE/3HO1f3Rv5u","privKey":"2FJjMKsFxnPj6ZRomUrr9kj7RuoQJAqV4KqazdPKw0s="},"lastRemoteEphemeralKey":"BTlxWh/6IfIjv9we7MMDlOpzL23ycc1tYH61YkBBzPNF","previousCounter":0,"rootKey":"exclulpt7sAnKbq+2IOC7z6f8KfaMz9UkUbMwrXTEj0="},"indexInfo":{"baseKey":"BaDsY553W6u0hsrRh5FeqzH3UYHror8FxhEVX2mP3YpX","baseKeyType":1,"closed":-1,"used":1689292176825,"created":1689292176825,"remoteIdentityKey":"BWr98KcffPnYkCPiVShjn2+9R5uVMknN2OUuOS0z6MRK"},"_chains":{"BeJfUTj1gOhj2EuCcxdYY6sn8zj4O57iE/3HO1f3Rv5u":{"chainKey":{"counter":0,"key":"dvtvnEXw6j4OGxb7CbaeVTzVxAUeBu17G003BoSB4O4="},"chainType":1,"messageKeys":{}}},"pendingPreKey":{"signedKeyId":0,"baseKey":"BaDsY553W6u0hsrRh5FeqzH3UYHror8FxhEVX2mP3YpX"}}},"version":"v1"}