{"_sessions":{"BbJIcvUew3QM7syyabu2K3IXVhJ0FNN8aXWynDxNLjkU":{"registrationId":2139424147,"currentRatchet":{"ephemeralKeyPair":{"pubKey":"BQORrnf1o0lAcqEA81IdQGestat5FcdKBasiF9u4jxlx","privKey":"0E6rny1xV0cb5nSEUd2PeRI49hNpY+C4sH2gaqzRXEI="},"lastRemoteEphemeralKey":"BZqTRbqq9ySBb/UyyiFxWtUwHeQRzDpW2Fz5M6Q9rZBS","previousCounter":0,"rootKey":"hFsASvNG7DU/g7iTIbSmkrk79B9G0aTLbNUJU+7h4Pg="},"indexInfo":{"baseKey":"BbJIcvUew3QM7syyabu2K3IXVhJ0FNN8aXWynDxNLjkU","baseKeyType":1,"closed":-1,"used":1689292177241,"created":1689292177241,"remoteIdentityKey":"BZl7qKbPJKBOWjJ/mrkwxZMcfg25wo5rv8v7eLKlW1Al"},"_chains":{"BQORrnf1o0lAcqEA81IdQGestat5FcdKBasiF9u4jxlx":{"chainKey":{"counter":0,"key":"EeUNrGLaLoEqvUU90XsvTCxrIoyJ30ACV9uQVFo/lgI="},"chainType":1,"messageKeys":{}}},"pendingPreKey":{"signedKeyId":3,"baseKey":"BbJIcvUew3QM7syyabu2K3IXVhJ0FNN8aXWynDxNLjkU","preKeyId":8760867}}},"version":"v1"}