{"_sessions":{"BU+zWYsLn4Zxp7likkfQzgCt+ySg51/WpQew7HFWsJUv":{"registrationId":881084466,"currentRatchet":{"ephemeralKeyPair":{"pubKey":"BYeFMX2auvCjOTcTtCALW8pHl8Qntk2hhLbdjPpK4rha","privKey":"4ArxiT3h69A1Me6o/SChV3ID6pZaZf+DJqgz/JAZcFg="},"lastRemoteEphemeralKey":"BYOdwl7zMczAuqoHvnhpZUgPII39TkshqzfdS6z6bB4f","previousCounter":0,"rootKey":"GZXR4HoyT4UFFDRtrvA/dK/mjIegDwvW0c4/pD1ZZLc="},"indexInfo":{"baseKey":"BU+zWYsLn4Zxp7likkfQzgCt+ySg51/WpQew7HFWsJUv","baseKeyType":1,"closed":-1,"used":1689292177108,"created":1689292177108,"remoteIdentityKey":"BTeX/Xuu02DH0u1ftSg8AnANLuDrr23rmFCsTmrQHLgg"},"_chains":{"BYeFMX2auvCjOTcTtCALW8pHl8Qntk2hhLbdjPpK4rha":{"chainKey":{"counter":11,"key":"dcwvmyXig/8LhJRv2AKC6SHglPzu/P9W0RF4BwB1PHA="},"chainType":1,"messageKeys":{}}},"pendingPreKey":{"signedKeyId":0,"baseKey":"BU+zWYsLn4Zxp7likkfQzgCt+ySg51/WpQew7HFWsJUv","preKeyId":13965087}}},"version":"v1"}