{"_sessions":{"BUR0QcG8wuyHvwORBIo/poRi3wwt5PwR9jKZVjVqTN4F":{"registrationId":765157571,"currentRatchet":{"ephemeralKeyPair":{"pubKey":"BetEkMyh/AuR2jiSfm50+R/dUmQcGGj0K2CTA9POrDo0","privKey":"uEECzeDLcGWrcxXNRQ1mk7ZbaTmDIoFQLhNTEPt4kUQ="},"lastRemoteEphemeralKey":"BU6idJKdkfCmWV2yrRCbkp4zaSd7uJ3L/3APCqKm4sF8","previousCounter":0,"rootKey":"F1dCfkho6tlp9tGqfzatmcbvHBTVyItFQrbYaYEW8rA="},"indexInfo":{"baseKey":"BUR0QcG8wuyHvwORBIo/poRi3wwt5PwR9jKZVjVqTN4F","baseKeyType":1,"closed":-1,"used":1689299502233,"created":1689299502233,"remoteIdentityKey":"BcdoAqfhA0oA2kGfu9bUFnmOcE0YAXgoMVhnyUgvGQEk"},"_chains":{"BetEkMyh/AuR2jiSfm50+R/dUmQcGGj0K2CTA9POrDo0":{"chainKey":{"counter":2,"key":"lB9fxhrorLwelbJ/IU7LnEbDpQrnSEOQZ1bBt71QAk4="},"chainType":1,"messageKeys":{}}},"pendingPreKey":{"signedKeyId":22,"baseKey":"BUR0QcG8wuyHvwORBIo/poRi3wwt5PwR9jKZVjVqTN4F","preKeyId":15606421}}},"version":"v1"}