{"_sessions":{"BVu5BOEqSQRZ6TgBayeK+Hfnn61v3XyiTyHgc53SK6wh":{"registrationId":1568221278,"currentRatchet":{"ephemeralKeyPair":{"pubKey":"BeBUH6SuR6AsibF8H39iHQOrPigUBoE6HrdiuLFf/7h4","privKey":"+HhuswDsuaVXGj5TyrGfoVzZ5Kc/QqnetmeiAViZWHc="},"lastRemoteEphemeralKey":"BWMi8q5zIRB7eoy8zke6oR3ftIWTrWPy4ArW2Rdg6lw0","previousCounter":0,"rootKey":"FI9tT0trFoxnvkE7Yh3LZwc5ueMb4IJGy9iwD5Y2jbM="},"indexInfo":{"baseKey":"BVu5BOEqSQRZ6TgBayeK+Hfnn61v3XyiTyHgc53SK6wh","baseKeyType":1,"closed":-1,"used":1689292176623,"created":1689292176623,"remoteIdentityKey":"BfwbsLnQCFWdxEXYVGzLHYjEGZ2nU8Gp4GaiyEgSBVk8"},"_chains":{"BeBUH6SuR6AsibF8H39iHQOrPigUBoE6HrdiuLFf/7h4":{"chainKey":{"counter":2,"key":"+gostgkOZHnGuaCvizfhvK8nkg7f166B0aoA88yrfuk="},"chainType":1,"messageKeys":{}}},"pendingPreKey":{"signedKeyId":10,"baseKey":"BVu5BOEqSQRZ6TgBayeK+Hfnn61v3XyiTyHgc53SK6wh"}}},"version":"v1"}