{"_sessions":{"BRdmB7xlPOsOX9pN5mwVjvKDZDDWvGDmW1kHMu/0IK5G":{"registrationId":277856103,"currentRatchet":{"ephemeralKeyPair":{"pubKey":"BVhBopO/Ba3ZDFcRytStqSi/Byvjdy7QD7/eVbeRwYwD","privKey":"ePZWdDbUCy8qM1Y7C406VDqg58DEkzGI8gwwVgJbAnY="},"lastRemoteEphemeralKey":"BST5f63liu4lLbVDMWr6nEJEvFO9yVvFsm3E634IGyNv","previousCounter":0,"rootKey":"yGS3b2YJXokXv8/c8wowYYtDDrdg0m7GF7oHXTKpJ+o="},"indexInfo":{"baseKey":"BRdmB7xlPOsOX9pN5mwVjvKDZDDWvGDmW1kHMu/0IK5G","baseKeyType":1,"closed":-1,"used":1689292176998,"created":1689292176998,"remoteIdentityKey":"BQwXQ71AmheAncDXhmTXRJveUljXNEKxZdYDad/psdVq"},"_chains":{"BVhBopO/Ba3ZDFcRytStqSi/Byvjdy7QD7/eVbeRwYwD":{"chainKey":{"counter":13,"key":"zJks9RIvo7VbiukBthBo94Np3sCr6l9Xdd2ZRiMiPzM="},"chainType":1,"messageKeys":{}}},"pendingPreKey":{"signedKeyId":0,"baseKey":"BRdmB7xlPOsOX9pN5mwVjvKDZDDWvGDmW1kHMu/0IK5G"}}},"version":"v1"}