{"_sessions":{"BQwcPJwI5hWbGM9W0dOJ/IFDhfLQuhGg9mdtQjFyg5Zo":{"registrationId":290107874,"currentRatchet":{"ephemeralKeyPair":{"pubKey":"BZ19y8qeWFm9pW7av+f2nVnJScpaYw4Ygb0QQ1fQCmFD","privKey":"WG3ew7NrFTU/RUrSFc+5JQLoNJtccPNuoy3Id6p1gnc="},"lastRemoteEphemeralKey":"BdB/kC4OKvhIye5otsNy/RargzI0HycWmxZckjFrizBG","previousCounter":0,"rootKey":"5GVZjHggu6ALBCqivOtyqZn5KnCRE+1Znm6eEZyL8eI="},"indexInfo":{"baseKey":"BQwcPJwI5hWbGM9W0dOJ/IFDhfLQuhGg9mdtQjFyg5Zo","baseKeyType":1,"closed":-1,"used":1689292176706,"created":1689292176706,"remoteIdentityKey":"BSAsoAMEB4IntXLBwcTfii4YZj58zl7tyDPaDp16agMH"},"_chains":{"BZ19y8qeWFm9pW7av+f2nVnJScpaYw4Ygb0QQ1fQCmFD":{"chainKey":{"counter":2,"key":"oebDENmZCaSJ1A7WTrJZ5/fiEtdzFwLsfmVq4kKtUn8="},"chainType":1,"messageKeys":{}}},"pendingPreKey":{"signedKeyId":0,"baseKey":"BQwcPJwI5hWbGM9W0dOJ/IFDhfLQuhGg9mdtQjFyg5Zo"}}},"version":"v1"}