{"_sessions":{"BdEx2HE4al0cClezAZJ/xrfe0286882EDCmLDlWxbGos":{"registrationId":1347301832,"currentRatchet":{"ephemeralKeyPair":{"pubKey":"Bdd5C7QGtY5l7685PtRP95bS/FMtGJxzU3BpOxFn0utx","privKey":"4KvmaDQlgQJxvZ06XjKEU3k2OFZC+TIye3OVtsqnZng="},"lastRemoteEphemeralKey":"BSOREG1gi9Jq+NP3h9A2nECc0x7WVJLjmqCXYLwrFqlB","previousCounter":0,"rootKey":"YLdV/V6mEWCNR/uxudy/3JRs/YuLU7U18fXL1vC7Pk8="},"indexInfo":{"baseKey":"BdEx2HE4al0cClezAZJ/xrfe0286882EDCmLDlWxbGos","baseKeyType":1,"closed":-1,"used":1689292176401,"created":1689292176401,"remoteIdentityKey":"BX0lZ120Ce2r51Z+E9CzYfEVP/88KVLy4VN6A2Epo+IJ"},"_chains":{"Bdd5C7QGtY5l7685PtRP95bS/FMtGJxzU3BpOxFn0utx":{"chainKey":{"counter":2,"key":"4ztuiIjbHuLQYVR8LJwofXZkotHa71VI7AYdgxAQ7LI="},"chainType":1,"messageKeys":{}}},"pendingPreKey":{"signedKeyId":1,"baseKey":"BdEx2HE4al0cClezAZJ/xrfe0286882EDCmLDlWxbGos","preKeyId":4521478}}},"version":"v1"}