{"_sessions":{"BZQ/P5AJr5lizqREdSJn1zLMztpItFkxik3MAeWjyXcs":{"registrationId":872837436,"currentRatchet":{"ephemeralKeyPair":{"pubKey":"BTnP+WlfAIPzupNJ+SHx6VKL4c63zKpd87UpXuTJ3EpL","privKey":"QPgXoEnGNutmGqGodib7Y1vXsltb323BnRHnLaYg92Y="},"lastRemoteEphemeralKey":"BWWuWglhV3gxKVT/KRx+owZLG7KiC9kouIZOf8EXH1JF","previousCounter":0,"rootKey":"YlcooNNLb5iY2w3YmQbkn0Pd5SShJslI9Jj9Mp6j4z4="},"indexInfo":{"baseKey":"BZQ/P5AJr5lizqREdSJn1zLMztpItFkxik3MAeWjyXcs","baseKeyType":1,"closed":-1,"used":1689292176536,"created":1689292176536,"remoteIdentityKey":"BYgoTBKfBv/5m6+1pB5gzfpQrDgDYu4547NaOFVl+6l1"},"_chains":{"BTnP+WlfAIPzupNJ+SHx6VKL4c63zKpd87UpXuTJ3EpL":{"chainKey":{"counter":0,"key":"9WkXh/or4fElG0QQgBVWU3PABx+cxdwYD7ac0c2uCgc="},"chainType":1,"messageKeys":{}}},"pendingPreKey":{"signedKeyId":1,"baseKey":"BZQ/P5AJr5lizqREdSJn1zLMztpItFkxik3MAeWjyXcs"}}},"version":"v1"}