{"_sessions":{"BbSkjn6pTHHZf6iaqF7jVHsvv8tvhlqT/kxXzG7J7hJm":{"registrationId":1019025611,"currentRatchet":{"ephemeralKeyPair":{"pubKey":"BQZK0P1QQ5AqwRWFVcSTwyB3263uH4eHuOV5dUcmUThS","privKey":"8LCsJ2uwsla+NMvwE+jAFBjmHgdRE8QXdonUlnzNpVw="},"lastRemoteEphemeralKey":"Ba7U88cTzJMjxRThIPlTY69NMA4yhaWixecItpEcgTIK","previousCounter":0,"rootKey":"sNkVukN0wrjJCOCDdwu4T648W3nO6JUbsJX5NJgnAuU="},"indexInfo":{"baseKey":"BbSkjn6pTHHZf6iaqF7jVHsvv8tvhlqT/kxXzG7J7hJm","baseKeyType":1,"closed":-1,"used":1689292176711,"created":1689292176711,"remoteIdentityKey":"BXmQLhSej6b5aJ/zv5lbbRzIMbbJLs2Ta5jGud8WGVA/"},"_chains":{"BQZK0P1QQ5AqwRWFVcSTwyB3263uH4eHuOV5dUcmUThS":{"chainKey":{"counter":2,"key":"K5KqCl+MdWt3JyUJkh3SATrGY82z9j3MZzu/WNjHhXc="},"chainType":1,"messageKeys":{}}},"pendingPreKey":{"signedKeyId":2,"baseKey":"BbSkjn6pTHHZf6iaqF7jVHsvv8tvhlqT/kxXzG7J7hJm"}}},"version":"v1"}