{"_sessions":{"BSnLxXq26SAj3RyeiqozXWDDYwmCeA2LZKDr+TtRWB18":{"registrationId":2009867150,"currentRatchet":{"ephemeralKeyPair":{"pubKey":"BYMf9jVA8ZfsfVgn11qpenkQ/FmIOU3y3l3kr4Zv/6Bk","privKey":"mJ1+5kdlsOoLfynKVKSBpliM2nZ3B+Q8poKvVlQ+gHA="},"lastRemoteEphemeralKey":"BYv1hh0Tgztx7gJK9EB6LHYiBJDdAloRjjzNPzv4DqZT","previousCounter":0,"rootKey":"sa1lPfir/PjglV2bSKqJL3PTA9nh3uwccif6XqskTfk="},"indexInfo":{"baseKey":"BSnLxXq26SAj3RyeiqozXWDDYwmCeA2LZKDr+TtRWB18","baseKeyType":1,"closed":-1,"used":1689292176618,"created":1689292176618,"remoteIdentityKey":"BTQ+mX5bCpD0ePLIsyPuh8CUdah9cIZFxBLO1qne4hkV"},"_chains":{"BYMf9jVA8ZfsfVgn11qpenkQ/FmIOU3y3l3kr4Zv/6Bk":{"chainKey":{"counter":2,"key":"+pPY7DTZgjN5hNLhTm7+gTFyHd+Ymbd/14CPq5CR2yU="},"chainType":1,"messageKeys":{}}},"pendingPreKey":{"signedKeyId":0,"baseKey":"BSnLxXq26SAj3RyeiqozXWDDYwmCeA2LZKDr+TtRWB18"}}},"version":"v1"}