{"_sessions":{"BVg9GeCkMhsfWvKU9ctj4Z5oE3LnjrRxmAiYXmCy7VgS":{"registrationId":1287328799,"currentRatchet":{"ephemeralKeyPair":{"pubKey":"BfO0J2Y0gCWZjf27g7XvP+8pgiYxnGOyFEB6+awbNaUU","privKey":"UP2MSSu2G2txL8/9j9mV6eaXZvGT3nnIqjVQwi5E01E="},"lastRemoteEphemeralKey":"BYSi6GEwYWcxKy9kn80nEgyb+LEphY5SdtA9OWS5RXY5","previousCounter":0,"rootKey":"wmlo7m38FdAc1pIXCR+D7nCbbC91PN/28+JvG0IZZrM="},"indexInfo":{"baseKey":"BVg9GeCkMhsfWvKU9ctj4Z5oE3LnjrRxmAiYXmCy7VgS","baseKeyType":1,"closed":-1,"used":1689292176732,"created":1689292176732,"remoteIdentityKey":"BX0GjQMtf1SpqpjC93S28yunFqIigMdmb3s0ejggloJd"},"_chains":{"BfO0J2Y0gCWZjf27g7XvP+8pgiYxnGOyFEB6+awbNaUU":{"chainKey":{"counter":0,"key":"I39HpvAmv7YMzopizQ3fdG2eDObls8o2gdKKbCntjYo="},"chainType":1,"messageKeys":{}}},"pendingPreKey":{"signedKeyId":2,"baseKey":"BVg9GeCkMhsfWvKU9ctj4Z5oE3LnjrRxmAiYXmCy7VgS","preKeyId":29017}}},"version":"v1"}