{"_sessions":{"BVf/dehfDNtthclgaW9LVcvrXG/eUBDHaoseSOb1O9hh":{"registrationId":575893398,"currentRatchet":{"ephemeralKeyPair":{"pubKey":"Babd7i7NHu7rfdmsXlRWyfXgHLsuJMV38Xx5GIwiDWUB","privKey":"OKEKqlr7b2SePgssssTvxRmVDVBjU6xoFiZPozNorEI="},"lastRemoteEphemeralKey":"BXOBKfKnjZV3fHK0zIRGf8zv2LCUhPa+1j7C3DsDBi1g","previousCounter":0,"rootKey":"AzYoWTJ0sRIzVSKk0dR8v27ZxJd7IF7/rYBnD/qTzfg="},"indexInfo":{"baseKey":"BVf/dehfDNtthclgaW9LVcvrXG/eUBDHaoseSOb1O9hh","baseKeyType":1,"closed":-1,"used":1689292177331,"created":1689292177331,"remoteIdentityKey":"BevDsfg1lkZ6M8+Kh/r76/C2eyM4ok7Zfgx66ymw23M1"},"_chains":{"Babd7i7NHu7rfdmsXlRWyfXgHLsuJMV38Xx5GIwiDWUB":{"chainKey":{"counter":0,"key":"K1nxZBie/1q4HymvjLI6rOXrarjvGd5UbFXfNM86/Dk="},"chainType":1,"messageKeys":{}}},"pendingPreKey":{"signedKeyId":7,"baseKey":"BVf/dehfDNtthclgaW9LVcvrXG/eUBDHaoseSOb1O9hh","preKeyId":9855183}}},"version":"v1"}