{"_sessions":{"BR61lOeFAjLAm0xb7Rxv3a4sKPSnpN3v1K3GP+mR+FY4":{"registrationId":1739211173,"currentRatchet":{"ephemeralKeyPair":{"pubKey":"BWgzCz+Bw5PEhqZHqO/Y8/Hmr/oca90wy5aHQ3SejMAh","privKey":"mGtlYOJHI5uIOuIvV1IlfI7MkCWvIZKIrjicIGEpUFA="},"lastRemoteEphemeralKey":"BUWUUC+m+vp+ql3/+41YRALaBp66RhF0DJUzZt4nQd4F","previousCounter":0,"rootKey":"goxMm6B0+VzD1at/0KdxRvwoZFNoY0l2ktmYtxnnyCc="},"indexInfo":{"baseKey":"BR61lOeFAjLAm0xb7Rxv3a4sKPSnpN3v1K3GP+mR+FY4","baseKeyType":1,"closed":-1,"used":1689292177111,"created":1689292177111,"remoteIdentityKey":"BRezCNsm0WuBNJ+SBoq1aHLaA2aUp0MgCgreWa9DAPcx"},"_chains":{"BWgzCz+Bw5PEhqZHqO/Y8/Hmr/oca90wy5aHQ3SejMAh":{"chainKey":{"counter":0,"key":"TrdCjmtg2LW0bAxJ8biwhK4Ia+kJK6UFdpNhN+VylcU="},"chainType":1,"messageKeys":{}}},"pendingPreKey":{"signedKeyId":3,"baseKey":"BR61lOeFAjLAm0xb7Rxv3a4sKPSnpN3v1K3GP+mR+FY4","preKeyId":15265801}}},"version":"v1"}