{"_sessions":{"BeNBYNqhqkImvUl03KUGRxr7l7ham9PK+F351hHo0XFo":{"registrationId":1345120227,"currentRatchet":{"ephemeralKeyPair":{"pubKey":"BcdJjjZHQFcqS5u3LWCNj5T1C22ohbv/5AMXagdSsLoV","privKey":"IN26FM4sbUMi0S3d8x1IRuShyC3Fo23Kkj5mQkfbBGg="},"lastRemoteEphemeralKey":"BR8lNhgVDkX8iycwnGE9Zu2DMm/suMgnP7Mob0FwOj13","previousCounter":0,"rootKey":"5F6Wfp8GW9vOUVLBdIAORhAPjcmA4MQdJc91/Qn1/+E="},"indexInfo":{"baseKey":"BeNBYNqhqkImvUl03KUGRxr7l7ham9PK+F351hHo0XFo","baseKeyType":1,"closed":-1,"used":1689292177212,"created":1689292177212,"remoteIdentityKey":"BUbsqBvA4qfS9Be5EJZcC0n9BkGoLYYDCav6Cwqa8Jl4"},"_chains":{"BcdJjjZHQFcqS5u3LWCNj5T1C22ohbv/5AMXagdSsLoV":{"chainKey":{"counter":2,"key":"o+1oWkuSMB4vR101gWFvCq2w3KA1r5yJzkfg1QoPjas="},"chainType":1,"messageKeys":{}}},"pendingPreKey":{"signedKeyId":34,"baseKey":"BeNBYNqhqkImvUl03KUGRxr7l7ham9PK+F351hHo0XFo"}}},"version":"v1"}