{"_sessions":{"BXRa8J56KmLSC/jypGPNKZIf8IqpNgqzn2HH6RXGt+oI":{"registrationId":1874212449,"currentRatchet":{"ephemeralKeyPair":{"pubKey":"BXGe1JdkGb2EcDkNgJgnlVsostgxh7kstcjeW5ZIeLxw","privKey":"CABXW15jpeGMC56HUetUiMKcWvp4+DqrBtYpTZKIBUk="},"lastRemoteEphemeralKey":"BUz+fL9kP4sNgaD8WbslYtd2BUmLok2xbL8tySB6pIsK","previousCounter":0,"rootKey":"XVI6/L4ATjfh2XQcVj5O3ntoytjhuz7htuHsotf/wDk="},"indexInfo":{"baseKey":"BXRa8J56KmLSC/jypGPNKZIf8IqpNgqzn2HH6RXGt+oI","baseKeyType":1,"closed":-1,"used":1689292176701,"created":1689292176701,"remoteIdentityKey":"BdkNF4d5Ya7PMfe7RlxkHnD14VCfE7pPopwsyhj4O1ct"},"_chains":{"BXGe1JdkGb2EcDkNgJgnlVsostgxh7kstcjeW5ZIeLxw":{"chainKey":{"counter":0,"key":"xer4demhm6mbGqaKt3L7+WcVtwbN/6JNhb3BqScH19E="},"chainType":1,"messageKeys":{}}},"pendingPreKey":{"signedKeyId":1,"baseKey":"BXRa8J56KmLSC/jypGPNKZIf8IqpNgqzn2HH6RXGt+oI"}}},"version":"v1"}