{"_sessions":{"BYXtylPkjggc77XwYbZJjWkep8dWujqktsYT6ig1kEkJ":{"registrationId":1432498633,"currentRatchet":{"ephemeralKeyPair":{"pubKey":"BQx+5yCzaaedrh2Eb8xhfKzIuv3lt+08JzsqradArmcQ","privKey":"QB4agSI6m1WU5ClihScMV47dQcWkEELdSC4yPXzg1Fc="},"lastRemoteEphemeralKey":"BSQQA7nuNJwdo+QHfjUWt3Kxbne4XqEfbamuZXBFOn0e","previousCounter":0,"rootKey":"PuId5C4eNZOqHr94AZwc+yZICeokUZzDKuLOEY3EU4k="},"indexInfo":{"baseKey":"BYXtylPkjggc77XwYbZJjWkep8dWujqktsYT6ig1kEkJ","baseKeyType":1,"closed":-1,"used":1689327337799,"created":1689327337799,"remoteIdentityKey":"BbgXlWXRpJ8jKGE8DU2VMwVpQ7/xvEYUdnYZWC4mNHQe"},"_chains":{"BQx+5yCzaaedrh2Eb8xhfKzIuv3lt+08JzsqradArmcQ":{"chainKey":{"counter":1,"key":"k8kVkViBkLuXeRz6q6/427ZFiiPmRseyuaqX40Am4pM="},"chainType":1,"messageKeys":{}}},"pendingPreKey":{"signedKeyId":2,"baseKey":"BYXtylPkjggc77XwYbZJjWkep8dWujqktsYT6ig1kEkJ"}}},"version":"v1"}