{"_sessions":{"BVrlIqtfD/FM4c6NpIpGAemq5uW4OvtHTUShItyv/A4F":{"registrationId":5360,"currentRatchet":{"ephemeralKeyPair":{"pubKey":"BfV8JL8YXw9iW7esMroYhOE3jrcHwixFXsGtmgeOwHIi","privKey":"0Bjn1OlbA+Nfl2g4Sf987zieFLWSpbWUmHsS5FrtrGY="},"lastRemoteEphemeralKey":"BZ1bPLL+M3ykHPp6ygLBmFpDlc9ySXomhDi0I3pf2eAV","previousCounter":0,"rootKey":"ewfvSx8t1SzEPD7Q14Bcm54pi54axEdf2I4eyk/kPU8="},"indexInfo":{"baseKey":"BVrlIqtfD/FM4c6NpIpGAemq5uW4OvtHTUShItyv/A4F","baseKeyType":1,"closed":-1,"used":1689292176398,"created":1689292176398,"remoteIdentityKey":"BZthgwNbuvv+TYHlkyfhBLTepnSovNRMzPDRsxQA5ZUN"},"_chains":{"BfV8JL8YXw9iW7esMroYhOE3jrcHwixFXsGtmgeOwHIi":{"chainKey":{"counter":2,"key":"jLMrRUVL6w6Vl3W8FilrqIme+FQZQcH4R7KRCVA1GuI="},"chainType":1,"messageKeys":{}}},"pendingPreKey":{"signedKeyId":1,"baseKey":"BVrlIqtfD/FM4c6NpIpGAemq5uW4OvtHTUShItyv/A4F"}}},"version":"v1"}