{"_sessions":{"BZWJgKP8hhuc/PkN7PuU2HYop7tgNuZwXpO/jXoPa7RI":{"registrationId":1236641247,"currentRatchet":{"ephemeralKeyPair":{"pubKey":"BYM8YubZwxmeX63b+O3IG6oB6zVR04RzBArfgvwUcnoD","privKey":"AMnoj9l0AHnJDzsmHZ/Txga9dGE47oQSrootK9sBqkg="},"lastRemoteEphemeralKey":"Bc8e0aS0s9C/Jpl3fW7yL91+uC/UbzTHVMApOQvFhR8i","previousCounter":0,"rootKey":"N8JNw4i9KQjqTBgtQykkEGQ2Zh57DS0J3KK6Mho48FQ="},"indexInfo":{"baseKey":"BZWJgKP8hhuc/PkN7PuU2HYop7tgNuZwXpO/jXoPa7RI","baseKeyType":1,"closed":-1,"used":1689292177129,"created":1689292177129,"remoteIdentityKey":"BeF9u67dv1Oow0/VTLpmBljTfJnbVa1PQ8vDdetllF4y"},"_chains":{"BYM8YubZwxmeX63b+O3IG6oB6zVR04RzBArfgvwUcnoD":{"chainKey":{"counter":0,"key":"t8vQrPXbQt/yHSdZOkcmQkMSINMiqlgRJaVkN0ByhvE="},"chainType":1,"messageKeys":{}}},"pendingPreKey":{"signedKeyId":6,"baseKey":"BZWJgKP8hhuc/PkN7PuU2HYop7tgNuZwXpO/jXoPa7RI","preKeyId":847027}}},"version":"v1"}