{"_sessions":{"BQWV9Lr0xUMazh2rUaSWHhE4sfiHRCY6ff2clltoytIC":{"registrationId":1489940791,"currentRatchet":{"ephemeralKeyPair":{"pubKey":"BUaa15Da8nPtGXY66oM6S1DOdairbqR7F8OwDjWMc7x8","privKey":"CMQ9tIR0Mb2hIxSXrynQ4wNlBo5WaY72pnwpQbO2mF0="},"lastRemoteEphemeralKey":"BRMJwmOuLdzlzvgBaKYwfvH6VRk/aghpJf3JX4H6XAYw","previousCounter":0,"rootKey":"m8yctZ4qHvp8trEUTD6s8c7eG0Z4yC5CLFWVpR0X0/4="},"indexInfo":{"baseKey":"BQWV9Lr0xUMazh2rUaSWHhE4sfiHRCY6ff2clltoytIC","baseKeyType":1,"closed":-1,"used":1689292176802,"created":1689292176802,"remoteIdentityKey":"BZwXkJhvWl1xHywjxjQG9QKakGRXWBBDTRuF7elChMFw"},"_chains":{"BUaa15Da8nPtGXY66oM6S1DOdairbqR7F8OwDjWMc7x8":{"chainKey":{"counter":0,"key":"p0ciTaI25sGfpC5u5txPmFKnz57oXmKMkNhBnWaTMtA="},"chainType":1,"messageKeys":{}}},"pendingPreKey":{"signedKeyId":8057358,"baseKey":"BQWV9Lr0xUMazh2rUaSWHhE4sfiHRCY6ff2clltoytIC","preKeyId":9573}}},"version":"v1"}