{"_sessions":{"BcsT1wxNl3uIp5DggEOTW/fRTxmpWrYCfExpApdLLnUm":{"registrationId":921683827,"currentRatchet":{"ephemeralKeyPair":{"pubKey":"Bcr5mzz0qm85WjMmXeZtmpRVOMty+hEzq6HTIeraDWMM","privKey":"wLZ7PckoWhSL7pRCTxATcHQEd0vCQD4i0Rv5g5BMVU4="},"lastRemoteEphemeralKey":"BVnXkNxyH/Kp8Xxc905UUB8J2fHGXkoIPqKrg99GAndW","previousCounter":0,"rootKey":"AKiiGwHUrLzJlEGy6EKc+We6KBotejdRV4Gy7idCbPY="},"indexInfo":{"baseKey":"BcsT1wxNl3uIp5DggEOTW/fRTxmpWrYCfExpApdLLnUm","baseKeyType":1,"closed":1689327350439,"used":1689327337809,"created":1689327337809,"remoteIdentityKey":"BZ3mizfrN9oxIRmkH64GOHvhTJB8KEG0r62m/KumZQM7"},"_chains":{"Bcr5mzz0qm85WjMmXeZtmpRVOMty+hEzq6HTIeraDWMM":{"chainKey":{"counter":0,"key":"KKvhkWrKB2WAkovG5kL2LEdf//fvR9M6Vyga1Grp6yM="},"chainType":1,"messageKeys":{}}},"pendingPreKey":{"signedKeyId":1,"baseKey":"BcsT1wxNl3uIp5DggEOTW/fRTxmpWrYCfExpApdLLnUm","preKeyId":4492231}},"BV9ajqRXHyMojZIGjzHTLHRLFr4i7cQLgLj99aJZtCtw":{"registrationId":921683827,"currentRatchet":{"ephemeralKeyPair":{"pubKey":"Bbcq8nuPSuUKZ5U0J1DlfHADuTPxfpZwoE6wpycmwetz","privKey":"IAZhKkEx9meUuhXwH+CFSbKJfLPzlgA3zvTQZw88K0I="},"lastRemoteEphemeralKey":"BVnXkNxyH/Kp8Xxc905UUB8J2fHGXkoIPqKrg99GAndW","previousCounter":0,"rootKey":"Dkd31zp+5PipELB46A9EC6epF1xlOhm/BJV8x+eVeNs="},"indexInfo":{"baseKey":"BV9ajqRXHyMojZIGjzHTLHRLFr4i7cQLgLj99aJZtCtw","baseKeyType":1,"closed":-1,"used":1689327350437,"created":1689327350437,"remoteIdentityKey":"BZ3mizfrN9oxIRmkH64GOHvhTJB8KEG0r62m/KumZQM7"},"_chains":{"Bbcq8nuPSuUKZ5U0J1DlfHADuTPxfpZwoE6wpycmwetz":{"chainKey":{"counter":0,"key":"dOYaPQVff16ej9SXROX9Tsz/fVub1vT5KNg286qANL4="},"chainType":1,"messageKeys":{}}},"pendingPreKey":{"signedKeyId":1,"baseKey":"BV9ajqRXHyMojZIGjzHTLHRLFr4i7cQLgLj99aJZtCtw","preKeyId":4491683}}},"version":"v1"}