{"_sessions":{"BYU3WoFo87oyXFjgh6TISyGo/EIi31ccc1Z3DNs8rrkL":{"registrationId":49796851,"currentRatchet":{"ephemeralKeyPair":{"pubKey":"BSUihB0FBd1TvmObCtsyhst++6O7tVN5W/xiSuCaV8AP","privKey":"cFt/9Jx5vA67U0KdM8G/Y2Sqbln1i4Ksz+sOpJllh3A="},"lastRemoteEphemeralKey":"BSAOIV5nD8mnlzBJOz68FxeyGaw0mckbg9EiPvCQI/9A","previousCounter":0,"rootKey":"OtdSf0XZACmo0vVJe+CtO0U84fwMPqtsPLJjOFcV5Fo="},"indexInfo":{"baseKey":"BYU3WoFo87oyXFjgh6TISyGo/EIi31ccc1Z3DNs8rrkL","baseKeyType":1,"closed":-1,"used":1689327337724,"created":1689327337724,"remoteIdentityKey":"BTM2P1Xovl20LvIjZ69s9yjY8pNLkkOgEJFXwdZWElBM"},"_chains":{"BSUihB0FBd1TvmObCtsyhst++6O7tVN5W/xiSuCaV8AP":{"chainKey":{"counter":1,"key":"pkD4c4ILxr/mCV6hNC8cu98HGyvMqMT6zqIEG00KQuw="},"chainType":1,"messageKeys":{}}},"pendingPreKey":{"signedKeyId":0,"baseKey":"BYU3WoFo87oyXFjgh6TISyGo/EIi31ccc1Z3DNs8rrkL","preKeyId":10870351}}},"version":"v1"}