{"_sessions":{"BQpUqAlzM1/hJeeGs8rSjMa/ZUxUAXUcfNzlahjDH1IT":{"registrationId":1289615687,"currentRatchet":{"ephemeralKeyPair":{"pubKey":"BWw5qPWJ3r9Ib3tAL8DV6VIFkzkYWfKtQ2qHvPOlnnkV","privKey":"wGXXsGoinXWGwnHzzrnfKHLYGE6cPo3mO2gXljdtdE0="},"lastRemoteEphemeralKey":"BQ3lBRm8HRbLyg6QEMFoIJ1Rr5jUDpIQ6mKK2d5gX0pS","previousCounter":0,"rootKey":"kup2OrSVQ37UC1p0L8eDdTvBTpNFbQclaXxw4fZ7ko8="},"indexInfo":{"baseKey":"BQpUqAlzM1/hJeeGs8rSjMa/ZUxUAXUcfNzlahjDH1IT","baseKeyType":1,"closed":-1,"used":1689292176994,"created":1689292176994,"remoteIdentityKey":"Ba632BRWmd/8ZjelqS2i8/DiFwE9j1eh3UxylzOWKeBZ"},"_chains":{"BWw5qPWJ3r9Ib3tAL8DV6VIFkzkYWfKtQ2qHvPOlnnkV":{"chainKey":{"counter":0,"key":"qf8zl9wpVk3VeKvZ4HI2UuMdx9aTXtPMxztkm6I4Fso="},"chainType":1,"messageKeys":{}}},"pendingPreKey":{"signedKeyId":0,"baseKey":"BQpUqAlzM1/hJeeGs8rSjMa/ZUxUAXUcfNzlahjDH1IT"}}},"version":"v1"}