{"_sessions":{"BelA5MWnfV1qKejfP3zaNozDGfTyVBeYHc3A1WA9CDBV":{"registrationId":1726210149,"currentRatchet":{"ephemeralKeyPair":{"pubKey":"BVCKalaIfmBNSaDm13iAOoElbLpmVA6uE/NbsNIiZogi","privKey":"UBig301YSFciXjPj4Ja5qPkDRzojcw5FLaBcVInqE04="},"lastRemoteEphemeralKey":"Ba/XCSLKTxnnGoUriXLpViXD6Rt6TVKiFRYYBKH2I3Rm","previousCounter":0,"rootKey":"Eq/1dR+EAYXJ56QmNHKDvZMmYnI+yXu35+UcjkOFpVA="},"indexInfo":{"baseKey":"BelA5MWnfV1qKejfP3zaNozDGfTyVBeYHc3A1WA9CDBV","baseKeyType":1,"closed":-1,"used":1689292176729,"created":1689292176729,"remoteIdentityKey":"BZH5umx7SBKQjQGk3f9DpW3R6JEMZ8u542Jxzc7Sc1Ni"},"_chains":{"BVCKalaIfmBNSaDm13iAOoElbLpmVA6uE/NbsNIiZogi":{"chainKey":{"counter":2,"key":"cf73qJzmHKxL9xhoIU+av7EAMWz2scjxU2WmbqS056g="},"chainType":1,"messageKeys":{}}},"pendingPreKey":{"signedKeyId":0,"baseKey":"BelA5MWnfV1qKejfP3zaNozDGfTyVBeYHc3A1WA9CDBV"}}},"version":"v1"}