{"_sessions":{"Bd6bEVEuB0rBU4xSPqLq+lpHqoF+VMV4AOy3EPLjwMMP":{"registrationId":2019569549,"currentRatchet":{"ephemeralKeyPair":{"pubKey":"BYWa8dvJLRQphbYooEjqkwX47zMM7d4JnsN0kNfL0Zw1","privKey":"6FqXaDir4q85ZT5tQJ5qQf8M3buhoqtQR68sJWZFwnU="},"lastRemoteEphemeralKey":"Bfj5Kyn/wu9MfCRJ2yMtnulECTMcdj0GiLYKEC7bynJg","previousCounter":0,"rootKey":"h57j4NMfQkOmzt0hFo/ZYRJkPlonIFWFvp6u6AnzyWY="},"indexInfo":{"baseKey":"Bd6bEVEuB0rBU4xSPqLq+lpHqoF+VMV4AOy3EPLjwMMP","baseKeyType":1,"closed":-1,"used":1689292177138,"created":1689292177138,"remoteIdentityKey":"BWWLKsb6IDhooPuxrkpQQvz4m6JmIyS9htWFSxUzUbY+"},"_chains":{"BYWa8dvJLRQphbYooEjqkwX47zMM7d4JnsN0kNfL0Zw1":{"chainKey":{"counter":0,"key":"C0NST7gpt4DS9TDfxQz2HbnK5vPq9IwEhTgY62AQ5LU="},"chainType":1,"messageKeys":{}}},"pendingPreKey":{"signedKeyId":7,"baseKey":"Bd6bEVEuB0rBU4xSPqLq+lpHqoF+VMV4AOy3EPLjwMMP","preKeyId":3053882}}},"version":"v1"}