{"_sessions":{"BayfCFkmQTVOmKokgsXyv0IqrgjB4WGXnQVLAMAYd9ML":{"registrationId":207749711,"currentRatchet":{"ephemeralKeyPair":{"pubKey":"BdBp10uhtHs0Q3exL6KVNbR3dRrdrd7tnesMIp1IplRi","privKey":"iIoKeo51a6O5ygYpHPEKasVSjM4tJ4C3df4gSr09BEk="},"lastRemoteEphemeralKey":"BUOt1RWWkpFcp6Q7k3wvQZ0hjqzT8BATwg/ZBslgg/1X","previousCounter":0,"rootKey":"AzsqOHACoMDh4S7If/3Kxefc/uHeZjcAdB7v8O2w0g4="},"indexInfo":{"baseKey":"BayfCFkmQTVOmKokgsXyv0IqrgjB4WGXnQVLAMAYd9ML","baseKeyType":1,"closed":1689327370457,"used":1689327337734,"created":1689327337734,"remoteIdentityKey":"BUN3CRicrFEiqzjnHx9ESCbbwr1VrXMyenDPNu+QwOkv"},"_chains":{"BdBp10uhtHs0Q3exL6KVNbR3dRrdrd7tnesMIp1IplRi":{"chainKey":{"counter":0,"key":"Awybd/sbEdE7rSPsx32hOjK+PnopvVGPRO0p3iAGhdc="},"chainType":1,"messageKeys":{}}},"pendingPreKey":{"signedKeyId":1,"baseKey":"BayfCFkmQTVOmKokgsXyv0IqrgjB4WGXnQVLAMAYd9ML","preKeyId":433738}},"BSysbBdvaqPhB+sPB5ESEae/BQ1GdkTKvnQBN/jkWzU8":{"registrationId":207749711,"currentRatchet":{"ephemeralKeyPair":{"pubKey":"BZdOVDCLRs7FLnUuLPHU/sQzmPVrc5ZmwKYh8Pco7iAo","privKey":"2HZAqeLqB9GQQVaaC5dLv3jnvzNIPf3rnq19VJJcKEY="},"lastRemoteEphemeralKey":"BUOt1RWWkpFcp6Q7k3wvQZ0hjqzT8BATwg/ZBslgg/1X","previousCounter":0,"rootKey":"joEa5AewTtypr8HKfJoCRCvoE86QswrhBch2FLB+xCY="},"indexInfo":{"baseKey":"BSysbBdvaqPhB+sPB5ESEae/BQ1GdkTKvnQBN/jkWzU8","baseKeyType":1,"closed":-1,"used":1689327370455,"created":1689327370455,"remoteIdentityKey":"BUN3CRicrFEiqzjnHx9ESCbbwr1VrXMyenDPNu+QwOkv"},"_chains":{"BZdOVDCLRs7FLnUuLPHU/sQzmPVrc5ZmwKYh8Pco7iAo":{"chainKey":{"counter":0,"key":"gyG5H6CR89+SKAFML2F54IC98yb+xDZ2/nejfiRdNtQ="},"chainType":1,"messageKeys":{}}},"pendingPreKey":{"signedKeyId":1,"baseKey":"BSysbBdvaqPhB+sPB5ESEae/BQ1GdkTKvnQBN/jkWzU8","preKeyId":434109}}},"version":"v1"}