{"_sessions":{"BRY7OrZ2dusV8fnAemilNxpdJ2Hs4+wzBiZ1dnBgo6MD":{"registrationId":665135218,"currentRatchet":{"ephemeralKeyPair":{"pubKey":"BcULviOqfA/psU4Uryhf7t54PqHsFppxuIIVAMfgq9Ac","privKey":"mC7fwHqHkyN+mRgvlxFIxr4hgF+k0IdTfz4XBFFtjF4="},"lastRemoteEphemeralKey":"Be6FW2dISpyi6szej5jXVNNyoQtcfSYLZG+20Rq4JYRL","previousCounter":0,"rootKey":"zlI4ashOd7HakFKSkQyRgMee0BB/2ualsedrRCosw7w="},"indexInfo":{"baseKey":"BRY7OrZ2dusV8fnAemilNxpdJ2Hs4+wzBiZ1dnBgo6MD","baseKeyType":1,"closed":-1,"used":1689292177235,"created":1689292177235,"remoteIdentityKey":"BdZuAqBLOE0uNxhvUX0YqStqx9KwVAmRGcgdSjhjFX4z"},"_chains":{"BcULviOqfA/psU4Uryhf7t54PqHsFppxuIIVAMfgq9Ac":{"chainKey":{"counter":0,"key":"IPzYEBwYExCXFbrISjZ42uK+5NCLN0vdzgS+OgQ/FiI="},"chainType":1,"messageKeys":{}}},"pendingPreKey":{"signedKeyId":5,"baseKey":"BRY7OrZ2dusV8fnAemilNxpdJ2Hs4+wzBiZ1dnBgo6MD","preKeyId":14676332}}},"version":"v1"}