{"_sessions":{"BeTDDcOsh+/Nh5QKAV6zSGQUw/9vttU13nY9frMLsYQG":{"registrationId":839199144,"currentRatchet":{"ephemeralKeyPair":{"pubKey":"BVhDlZWu/pKHAqv4YyBbnIFcz6UGlan/swA2CTJdbVBN","privKey":"2JpHI7RtP/8M5e1vogjE2LLv20ESnPLoqumFsETFBWM="},"lastRemoteEphemeralKey":"BcTxlItJoRjEV876B3kwkU/M3lJmfmCAEUyYGBTTSqw8","previousCounter":0,"rootKey":"w6bdQwW+qUjubh8i0dOsScBa8ZuueypfiK1OK/iq0AU="},"indexInfo":{"baseKey":"BeTDDcOsh+/Nh5QKAV6zSGQUw/9vttU13nY9frMLsYQG","baseKeyType":1,"closed":-1,"used":1689292177218,"created":1689292177218,"remoteIdentityKey":"BYfXEZwKWbEdcNkiUGyLyYkxTKlFmEfbUHBMi3nxq3cb"},"_chains":{"BVhDlZWu/pKHAqv4YyBbnIFcz6UGlan/swA2CTJdbVBN":{"chainKey":{"counter":8,"key":"ySpTjplql8iI+2grWODMmZByZnC1mE46jo8n8vAhtZs="},"chainType":1,"messageKeys":{}}},"pendingPreKey":{"signedKeyId":6,"baseKey":"BeTDDcOsh+/Nh5QKAV6zSGQUw/9vttU13nY9frMLsYQG","preKeyId":11282492}}},"version":"v1"}