{"_sessions":{"BYJ06T9AyhE7qs3TLzJVaHpgSSpeJhTS/3r7qnEgXGgl":{"registrationId":15584,"currentRatchet":{"ephemeralKeyPair":{"pubKey":"BfuqhrT4wQqY4TS73zdm1CKq02gCAI1LwQHK9oZJXXxn","privKey":"8JJtnDAZwnWv36CBPl0bNz1A+D/OKYIQ8iZ/AbOGnlk="},"lastRemoteEphemeralKey":"Bec+FnCoDw3N071GPxipMD7W/kVUbOGUPt3stojn171o","previousCounter":0,"rootKey":"wzG4c3Ap3aLZSszijcjn/p8pBqL3xMw93l92ZPXS7b0="},"indexInfo":{"baseKey":"BYJ06T9AyhE7qs3TLzJVaHpgSSpeJhTS/3r7qnEgXGgl","baseKeyType":1,"closed":-1,"used":1689302097797,"created":1689302097797,"remoteIdentityKey":"BUn3qjigXXdv7vDHxeetRhpGeP4IgnxTpIdE0vfGWMc3"},"_chains":{"BfuqhrT4wQqY4TS73zdm1CKq02gCAI1LwQHK9oZJXXxn":{"chainKey":{"counter":3,"key":"auhjScp59ANqNQ2GRUDY748nirGUVFwpkwxKaCDdxy4="},"chainType":1,"messageKeys":{}}},"pendingPreKey":{"signedKeyId":1,"baseKey":"BYJ06T9AyhE7qs3TLzJVaHpgSSpeJhTS/3r7qnEgXGgl","preKeyId":848}}},"version":"v1"}