{"_sessions":{"BQD3UAuTIvxKTIQxgxD/py6I/hRAHaQzeJStwFYDrBVS":{"registrationId":1604745099,"currentRatchet":{"ephemeralKeyPair":{"pubKey":"Bb04T0jVkgqIY8qG4QRafCrvvYMzPm+Up3c2/c2tuaRJ","privKey":"OJSSkmk87k8DZtMYUC1ODXAyo/DvKpOw5AIgHCTwKkE="},"lastRemoteEphemeralKey":"BYdik6dc776wzu3MhAivimv1w7PV1mDbQCRT8tuqTI8/","previousCounter":0,"rootKey":"zu45DNykS8qOGKL2qp56jmgI0FH93ThyOOklPZreujk="},"indexInfo":{"baseKey":"BQD3UAuTIvxKTIQxgxD/py6I/hRAHaQzeJStwFYDrBVS","baseKeyType":1,"closed":-1,"used":1689292177425,"created":1689292177425,"remoteIdentityKey":"Bbnhgf+1iLbMkuRxJp7s29vF8N29x6LX4mgdfmWXhTpq"},"_chains":{"Bb04T0jVkgqIY8qG4QRafCrvvYMzPm+Up3c2/c2tuaRJ":{"chainKey":{"counter":0,"key":"ShnJZrlTnRQ4Q1keibUFB6sx+EFYNZa944MADSid8To="},"chainType":1,"messageKeys":{}}},"pendingPreKey":{"signedKeyId":1,"baseKey":"BQD3UAuTIvxKTIQxgxD/py6I/hRAHaQzeJStwFYDrBVS","preKeyId":2903671}}},"version":"v1"}