{"_sessions":{"BawCpbOhMhc5Y+F/bq59XjL54QMnfIM4jjDyMt1CwaAh":{"registrationId":2044148664,"currentRatchet":{"ephemeralKeyPair":{"pubKey":"BSrdkz2JRm6PED+PAABD3zS87t6hFw9Er/wMqSv3EC4B","privKey":"ACasUGhi1ujWz/vwPLTEwxHaj6T/EJ8eGHFgYSZeMXg="},"lastRemoteEphemeralKey":"BSt5bnpfRNcmfebMOrtyj+AipMRXAM3kmu4U3XBERz1l","previousCounter":0,"rootKey":"5eHCGJsSFDPLCpwg9s47IOuieCJVzmhzg+FvuvGHG08="},"indexInfo":{"baseKey":"BawCpbOhMhc5Y+F/bq59XjL54QMnfIM4jjDyMt1CwaAh","baseKeyType":1,"closed":-1,"used":1689290473503,"created":1689290473503,"remoteIdentityKey":"BTeTWqlbUgT8WLN09N4isMRRHUCaThouQB/QGy6/e/R7"},"_chains":{"BSrdkz2JRm6PED+PAABD3zS87t6hFw9Er/wMqSv3EC4B":{"chainKey":{"counter":2,"key":"UCmPe0QDXHOwMsE+e987BjDWMFD5PUBPX9dMwOEknqk="},"chainType":1,"messageKeys":{}}},"pendingPreKey":{"signedKeyId":0,"baseKey":"BawCpbOhMhc5Y+F/bq59XjL54QMnfIM4jjDyMt1CwaAh"}}},"version":"v1"}