{"_sessions":{"BUyaxZvQE35rlxe3oXZ5doFGnZGs5hpVmb4sU2RkLJVp":{"registrationId":906496625,"currentRatchet":{"ephemeralKeyPair":{"pubKey":"BYPyRIWsPK9so8NbXQZ/4Xhm7IEn9QpRkSUiZIb4JAIT","privKey":"GC1ApPilSGyZK0UpGIX9rfKDlsq8f+koJK2oIxgw62c="},"lastRemoteEphemeralKey":"BSbT1wNYwHBX46OLKjq8EI0mlo7dVrTKE5QXVv2oAzhb","previousCounter":0,"rootKey":"fvslIKK8ZxZI6KnrqQ6OGX+JoESxkTSW/tOF5LvWWcY="},"indexInfo":{"baseKey":"BUyaxZvQE35rlxe3oXZ5doFGnZGs5hpVmb4sU2RkLJVp","baseKeyType":1,"closed":-1,"used":1689292177105,"created":1689292177105,"remoteIdentityKey":"BRJPKI4MkKBGAaDSeV6uvZX5mLaAIg1BjvlRKgzNxBdI"},"_chains":{"BYPyRIWsPK9so8NbXQZ/4Xhm7IEn9QpRkSUiZIb4JAIT":{"chainKey":{"counter":0,"key":"w8BbFKXVbAPgs6dv7BF8bZwfo2u0APpGg9wZMjb04fM="},"chainType":1,"messageKeys":{}}},"pendingPreKey":{"signedKeyId":5,"baseKey":"BUyaxZvQE35rlxe3oXZ5doFGnZGs5hpVmb4sU2RkLJVp","preKeyId":8320333}}},"version":"v1"}