{"_sessions":{"BXzjc5z5Fo7Ezkkj9WY/glpQf331SvhAlgwG1xk3RHIX":{"registrationId":494333309,"currentRatchet":{"ephemeralKeyPair":{"pubKey":"Be8F/oxhtVT7dZt8GZdrzffogbWaFuRkilhuE/vGtZFD","privKey":"EGMxFIuIm+ek2mtKu+PlUxnliYbjYR/Fn694vbmH13s="},"lastRemoteEphemeralKey":"Bc/GGXush5/HyzUWTaONzHMmVIjtDTlMbm84NZNRomo+","previousCounter":0,"rootKey":"PaZh7xZ6QOhWtk2ODbbcv+oDvHW3yAtNXXny+5UbfAU="},"indexInfo":{"baseKey":"BXzjc5z5Fo7Ezkkj9WY/glpQf331SvhAlgwG1xk3RHIX","baseKeyType":1,"closed":-1,"used":1689302098012,"created":1689302098012,"remoteIdentityKey":"BVQfTV+VHVCif3+HEg5twQ7L7YNgnEheL0rHhVh8kdE/"},"_chains":{"Be8F/oxhtVT7dZt8GZdrzffogbWaFuRkilhuE/vGtZFD":{"chainKey":{"counter":3,"key":"F2MFg0F9rflQQHcPf8juDIFWgNjOH05TSTJMvEmLBs4="},"chainType":1,"messageKeys":{}}},"pendingPreKey":{"signedKeyId":7,"baseKey":"BXzjc5z5Fo7Ezkkj9WY/glpQf331SvhAlgwG1xk3RHIX","preKeyId":2051140}}},"version":"v1"}