{"_sessions":{"BcmJInvOkN6/omiwswaupSXW9pjbM0/y8RHEDVDEkGVa":{"registrationId":1341305357,"currentRatchet":{"ephemeralKeyPair":{"pubKey":"BdUz8ZQ+KXxS1eqKjvzPFk0qnld13aEh7Mp/RAQHVahU","privKey":"mNv9krHP0yptjEMbg6rVOjR+nacxyQncpak/3bkYAXY="},"lastRemoteEphemeralKey":"BYdAWFG3oQt/7Qon1JY3g+9RCPimm87VNuDbGCksF6da","previousCounter":0,"rootKey":"lLFzYflpB5gnfLlONZEwtDYBxVRBJvk9llGxDKtoB+w="},"indexInfo":{"baseKey":"BcmJInvOkN6/omiwswaupSXW9pjbM0/y8RHEDVDEkGVa","baseKeyType":1,"closed":-1,"used":1689292177223,"created":1689292177223,"remoteIdentityKey":"BddieXQ3XmeBnGu4RATNMLPcsWoVm+XxyeYwBdbRYok2"},"_chains":{"BdUz8ZQ+KXxS1eqKjvzPFk0qnld13aEh7Mp/RAQHVahU":{"chainKey":{"counter":11,"key":"oifwU/UfF3heldKt58PW4IxpCwgqDcXuzvBnL5avCUI="},"chainType":1,"messageKeys":{}}},"pendingPreKey":{"signedKeyId":1,"baseKey":"BcmJInvOkN6/omiwswaupSXW9pjbM0/y8RHEDVDEkGVa"}}},"version":"v1"}