{"_sessions":{"BUuD29JK3rLqtPjCec5aYMYBlfpD9VnYPOQ5jelUs1tf":{"registrationId":225232440,"currentRatchet":{"ephemeralKeyPair":{"pubKey":"BS4/qMK/GMS4XHi3tRnAAnr3UjPCtjVlpHwIt9pKDj5e","privKey":"gE6FJclCNOSQyc0CQStANwrcPJSZRcC7R0YFz/5J0n0="},"lastRemoteEphemeralKey":"BdTIZM057N/jfpYM9YUvWCJ7694pq0r1vRf4i6gjcSFH","previousCounter":0,"rootKey":"UFzgtOCvNvMf9KlKGoPKZZKdBSoZJ9esVG9G3mNtWig="},"indexInfo":{"baseKey":"BUuD29JK3rLqtPjCec5aYMYBlfpD9VnYPOQ5jelUs1tf","baseKeyType":1,"closed":-1,"used":1689292177116,"created":1689292177116,"remoteIdentityKey":"BWc+6RIwb5pqlxKq2Skd7xjgbyeuur2AvhC+OhrbojM/"},"_chains":{"BS4/qMK/GMS4XHi3tRnAAnr3UjPCtjVlpHwIt9pKDj5e":{"chainKey":{"counter":0,"key":"BZf8lD4kumbq5yDwXl+L1S3eL8dXMULgvZA8wDARRYM="},"chainType":1,"messageKeys":{}}},"pendingPreKey":{"signedKeyId":4,"baseKey":"BUuD29JK3rLqtPjCec5aYMYBlfpD9VnYPOQ5jelUs1tf"}}},"version":"v1"}