{"_sessions":{"BeMTtAiQqhfUSJU5VjcMAbg5fTffPkM9K4wVFDG0Rn0O":{"registrationId":929585,"currentRatchet":{"ephemeralKeyPair":{"pubKey":"BQytKI+DQ/sDZT7YduQSf7iTm/v0pizAUUKlEShHy8cc","privKey":"iCekcfEoJVb6pnnlcJutL6AlE6qjmzpqj81lWYv0V1E="},"lastRemoteEphemeralKey":"Bbkz5f0fn8DkrZ1DCN0CUYg0UolcDFDYkC1L9lEW2OBj","previousCounter":0,"rootKey":"aKOc1HFh/3BP76gBuHRpkG8c7gkzUSFQi0wSaarmhXA="},"indexInfo":{"baseKey":"BeMTtAiQqhfUSJU5VjcMAbg5fTffPkM9K4wVFDG0Rn0O","baseKeyType":1,"closed":-1,"used":1689292177315,"created":1689292177315,"remoteIdentityKey":"BVjb806zg8Uf0O1MDauDn4om/PM/sXK51mOXPQiBGY5D"},"_chains":{"BQytKI+DQ/sDZT7YduQSf7iTm/v0pizAUUKlEShHy8cc":{"chainKey":{"counter":0,"key":"j8tuhcH4NuRMmcQ+OJmTVO2h+yGl7w8sIydAAb7E7QI="},"chainType":1,"messageKeys":{}}},"pendingPreKey":{"signedKeyId":2793363,"baseKey":"BeMTtAiQqhfUSJU5VjcMAbg5fTffPkM9K4wVFDG0Rn0O"}}},"version":"v1"}