{"_sessions":{"BZ5qyT9efbAPvybAeoNjM7I+R4UXXvR3f8QTemW2KGIg":{"registrationId":2073066618,"currentRatchet":{"ephemeralKeyPair":{"pubKey":"BU40Too9Zaf+7YpzmZgRSDI1pgT5ixI3Ejzuy2nzcP4k","privKey":"sBtkKCQD7kHfnG/FqZGC0HuRVIwjVsLmOEbWTp3RW3w="},"lastRemoteEphemeralKey":"BVXoh/ThsNSen24L/XgHC219r4ooM9x8vuVVZPnXxwgd","previousCounter":0,"rootKey":"Vmn5sqc5JL+vb0lQnqMPQ23dUg/q6V/e4aOG4/mEfk4="},"indexInfo":{"baseKey":"BZ5qyT9efbAPvybAeoNjM7I+R4UXXvR3f8QTemW2KGIg","baseKeyType":1,"closed":-1,"used":1689292177317,"created":1689292177317,"remoteIdentityKey":"BW+JmPEDSaHZLw3CClnkzKjYzTvEPwNL7CGvPNiF425B"},"_chains":{"BU40Too9Zaf+7YpzmZgRSDI1pgT5ixI3Ejzuy2nzcP4k":{"chainKey":{"counter":0,"key":"K9j5q+PJ2vgn4eCqNamntxE/bY610KEIACE9u6mjepQ="},"chainType":1,"messageKeys":{}}},"pendingPreKey":{"signedKeyId":0,"baseKey":"BZ5qyT9efbAPvybAeoNjM7I+R4UXXvR3f8QTemW2KGIg"}}},"version":"v1"}