{"_sessions":{"BRCwP70rOLDIg8C1/Jr7Q/gOXtMGRPo9u8mjBBfA4atp":{"registrationId":1525538671,"currentRatchet":{"ephemeralKeyPair":{"pubKey":"BYVoLT/Qn8dIGNEgTbP14ug7QSaQE2PEDJ/j3h1U+sN1","privKey":"MI+3Yf57IA0v8dNev8HmwSzQgtLjB28CD5x3zNTurkA="},"lastRemoteEphemeralKey":"BX4uhmowQGd2fg6LGnk1QCVS4uJw06X4FGI9g0oVBJoO","previousCounter":0,"rootKey":"CIm3Ybw010cTa2CuukwlwBxhhuQysXCzMGPUIgNJizA="},"indexInfo":{"baseKey":"BRCwP70rOLDIg8C1/Jr7Q/gOXtMGRPo9u8mjBBfA4atp","baseKeyType":1,"closed":-1,"used":1689292176903,"created":1689292176903,"remoteIdentityKey":"BbozdzSJvGLdRzyo9rAAddtn5Jwtx3IGg9hVYFEbLbw7"},"_chains":{"BYVoLT/Qn8dIGNEgTbP14ug7QSaQE2PEDJ/j3h1U+sN1":{"chainKey":{"counter":0,"key":"1Wz7Z+o04Y6NjWNdm1+mTnbDfxNH5u9RxnRyF0dGll8="},"chainType":1,"messageKeys":{}}},"pendingPreKey":{"signedKeyId":1,"baseKey":"BRCwP70rOLDIg8C1/Jr7Q/gOXtMGRPo9u8mjBBfA4atp","preKeyId":15527673}}},"version":"v1"}