{"_sessions":{"BfvhX6OxKAfi+hMSOOhA50YMrxwltkocG+wDGlZQGJd1":{"registrationId":982929170,"currentRatchet":{"ephemeralKeyPair":{"pubKey":"BYuJim3KxrwisveYOgiJFHP387+QXyrd1m3WHz3/QQBa","privKey":"YD3nGCPFkXuoGgGsLy9PBKo0PyyDnFI0LhweTC8fUk8="},"lastRemoteEphemeralKey":"BVIN6Is3aFszi4SX9gvv6bCzw0Xw/3Kl576xg5Fkk1FM","previousCounter":0,"rootKey":"IIGLna2JReemSyO+7hY2hAd9ZrMXc1ipUY2jI4QJRkA="},"indexInfo":{"baseKey":"BfvhX6OxKAfi+hMSOOhA50YMrxwltkocG+wDGlZQGJd1","baseKeyType":1,"closed":-1,"used":1689294889323,"created":1689294889323,"remoteIdentityKey":"BRmICPupfRVOpHyP5GR9lr/R+eFR6g6DnemtyY1nkAgn"},"_chains":{"BYuJim3KxrwisveYOgiJFHP387+QXyrd1m3WHz3/QQBa":{"chainKey":{"counter":3,"key":"EC5gcPNlvGVpAKcUVjHAeLOgo6SShEmvGZoQjNhZDRU="},"chainType":1,"messageKeys":{}}},"pendingPreKey":{"signedKeyId":2835804,"baseKey":"BfvhX6OxKAfi+hMSOOhA50YMrxwltkocG+wDGlZQGJd1","preKeyId":34077}}},"version":"v1"}