{"_sessions":{"Baj8Goa9NBZkRXis6yC35eMLY8bUzrPcMXIblLrsymF6":{"registrationId":279535620,"currentRatchet":{"ephemeralKeyPair":{"pubKey":"BR8ykMGbdoPMB3QByDssDr4LC5kMOIkKOYuKZt9W4WN4","privKey":"QAaSZy+agvAJ35Qmx4nEfvvJI6e1bvMfURIK8bS3dEQ="},"lastRemoteEphemeralKey":"BYGumJEnT8GoKhKemS3otDwyBK40KugYJyMPRfvn+uI7","previousCounter":0,"rootKey":"Adb/hcmHiF9Gk1MXSrdL8ss6Nj4jgCuxt2L0F/vCbDM="},"indexInfo":{"baseKey":"Baj8Goa9NBZkRXis6yC35eMLY8bUzrPcMXIblLrsymF6","baseKeyType":1,"closed":-1,"used":1689292176829,"created":1689292176829,"remoteIdentityKey":"BaeWJnPBivjsFNtdNVcAtDD1XI5pj4iu6WH6TukDanVl"},"_chains":{"BR8ykMGbdoPMB3QByDssDr4LC5kMOIkKOYuKZt9W4WN4":{"chainKey":{"counter":0,"key":"4c0t9u568OB13o0dU8o7Zl+7yJsmOufBpI9OvqT332w="},"chainType":1,"messageKeys":{}}},"pendingPreKey":{"signedKeyId":3,"baseKey":"Baj8Goa9NBZkRXis6yC35eMLY8bUzrPcMXIblLrsymF6"}}},"version":"v1"}