{"_sessions":{"Bew5+RzeRH3JsAAvq6wpxoyekYhKdksCt+Vy8l8WusQ5":{"registrationId":1845342931,"currentRatchet":{"ephemeralKeyPair":{"pubKey":"Bb+3NgGtz/umGg7tUWLUD6kPcCbrSu43+Pr4vI8XUZ8c","privKey":"GEC4g1mMMnWPF/WiHILqdoeHbDtXtuf9d8ZtUEoOh20="},"lastRemoteEphemeralKey":"BYYW6adCAdvtz3OJxQ9HNJaWjhDoFSJbhei7AdOrxUlI","previousCounter":0,"rootKey":"yq9ZXTPYmb/ZNJAGvzMxCOYQcCnji3bqy7OPzJeFPHc="},"indexInfo":{"baseKey":"Bew5+RzeRH3JsAAvq6wpxoyekYhKdksCt+Vy8l8WusQ5","baseKeyType":1,"closed":1689329532643,"used":1689327337812,"created":1689327337812,"remoteIdentityKey":"Bf8T7Z58cXp3VxIXcsL3qGXc87i8vPzSGXmWYqSoCLUf"},"_chains":{"Bb+3NgGtz/umGg7tUWLUD6kPcCbrSu43+Pr4vI8XUZ8c":{"chainKey":{"counter":1,"key":"V+w4F62LEhVv5Si5YHBU0Sk/EbdQ0BIA44849RI+ef8="},"chainType":1,"messageKeys":{}}},"pendingPreKey":{"signedKeyId":3,"baseKey":"Bew5+RzeRH3JsAAvq6wpxoyekYhKdksCt+Vy8l8WusQ5","preKeyId":15580843}},"BTTASoLqljJ9QbziVXTPAdUgFYL6+/nKScEEniXPfbk1":{"registrationId":1845342931,"currentRatchet":{"ephemeralKeyPair":{"pubKey":"BTgN1Ey33Zsi56Yl/FJ+tHQqnZG+qdOBoa4tKAOp63JK","privKey":"UBZZcX5/MPU5gDVVmDuw3xUm+dYEzTHTbsv4L6VniEI="},"lastRemoteEphemeralKey":"BYYW6adCAdvtz3OJxQ9HNJaWjhDoFSJbhei7AdOrxUlI","previousCounter":0,"rootKey":"Z1VgWY0vihebvAXvH4cOU9YWpHe4edy/XZZ2CVCTK5s="},"indexInfo":{"baseKey":"BTTASoLqljJ9QbziVXTPAdUgFYL6+/nKScEEniXPfbk1","baseKeyType":1,"closed":-1,"used":1689329532639,"created":1689329532639,"remoteIdentityKey":"Bf8T7Z58cXp3VxIXcsL3qGXc87i8vPzSGXmWYqSoCLUf"},"_chains":{"BTgN1Ey33Zsi56Yl/FJ+tHQqnZG+qdOBoa4tKAOp63JK":{"chainKey":{"counter":-1,"key":"NTrlDtOZkauCCRSQo2U8YhPa/jMtpjddQ2qr7J8o4Dc="},"chainType":1,"messageKeys":{}}},"pendingPreKey":{"signedKeyId":3,"baseKey":"BTTASoLqljJ9QbziVXTPAdUgFYL6+/nKScEEniXPfbk1","preKeyId":15580798}}},"version":"v1"}