{"_sessions":{"BUAN8f/SGVtoBRMG/Pt/lTmspnAIdlwNUAv9JlfIJcJV":{"registrationId":1566456529,"currentRatchet":{"ephemeralKeyPair":{"pubKey":"BQo6JgJa5aoZVhHQ7FqcE8IOnj4U26eQeaH/HVAfqI4b","privKey":"oFrn5HC2G5awtVz/x55Njq7xbP9C2qGil+WPNm1llWM="},"lastRemoteEphemeralKey":"BbyeIisLR25rFy4PpXDHonj7hpqPKLdgoetdZJvxvrga","previousCounter":0,"rootKey":"cc0oD6SONBzPNaOyonh1hz3fuEhyK2cC8OiufPJs770="},"indexInfo":{"baseKey":"BUAN8f/SGVtoBRMG/Pt/lTmspnAIdlwNUAv9JlfIJcJV","baseKeyType":1,"closed":-1,"used":1689292176611,"created":1689292176611,"remoteIdentityKey":"BfZ8O4vnK8+33vHPQELuHimRJoklMU9N4cXJRtiTJnRr"},"_chains":{"BQo6JgJa5aoZVhHQ7FqcE8IOnj4U26eQeaH/HVAfqI4b":{"chainKey":{"counter":2,"key":"WImVH544bsjQ9SfEmoQKpEKBeNJu7kIks8J8RnoS8ns="},"chainType":1,"messageKeys":{}}},"pendingPreKey":{"signedKeyId":4214405,"baseKey":"BUAN8f/SGVtoBRMG/Pt/lTmspnAIdlwNUAv9JlfIJcJV"}}},"version":"v1"}