{"_sessions":{"BfaMxzhIHT2kLjr3mAjONr/K78p+YZxUjWdXrXFcNvVD":{"registrationId":916485945,"currentRatchet":{"ephemeralKeyPair":{"pubKey":"BV2qQnJBIJbqJKZDucuhtar9hQ45jQWxrI7loDLuhQ8x","privKey":"iLudtOlKd2XLRg9Byg846n0Om5RBtzVEMcRslppjO20="},"lastRemoteEphemeralKey":"BZmSkHhHPrxNQiMmvaKxtGxKIfiwNt0d6PfmqUumQkBu","previousCounter":0,"rootKey":"cC8f5UjG2FTBxDpn04tcovcMuIGpVXGE73+FeFz5woc="},"indexInfo":{"baseKey":"BfaMxzhIHT2kLjr3mAjONr/K78p+YZxUjWdXrXFcNvVD","baseKeyType":1,"closed":-1,"used":1689292177320,"created":1689292177320,"remoteIdentityKey":"BZeAbeCkMgc5ee5T65MzhuXR8vKp4tz1/A8tgGZtiP9N"},"_chains":{"BV2qQnJBIJbqJKZDucuhtar9hQ45jQWxrI7loDLuhQ8x":{"chainKey":{"counter":0,"key":"/FXR+B6iiNmgX3VQrDsXW0ZzVX2xZ4SRSditPirBSnE="},"chainType":1,"messageKeys":{}}},"pendingPreKey":{"signedKeyId":3,"baseKey":"BfaMxzhIHT2kLjr3mAjONr/K78p+YZxUjWdXrXFcNvVD","preKeyId":13410353}}},"version":"v1"}