{"_sessions":{"BaEgbnMVhE4314bvauUPSwMeqJUKYGJJKgJbvT0Mg/cW":{"registrationId":653577033,"currentRatchet":{"ephemeralKeyPair":{"pubKey":"BbeZKrZ4CdryiXGF4CDmTmZd7SMXYefjzfbVuCGJUXdE","privKey":"aC3V3AIVm0Ni7EjPulPXVwbw4PqE8GYiepTM/hPcEmY="},"lastRemoteEphemeralKey":"BbaZ2snoPLep4xP8uTd2jMxg0/VKwz2TzZZIHOgcZmB0","previousCounter":0,"rootKey":"/DLsMQcZyW07j1acLLC+GYQvDN03Yqxf7IWWgqBz5UI="},"indexInfo":{"baseKey":"BaEgbnMVhE4314bvauUPSwMeqJUKYGJJKgJbvT0Mg/cW","baseKeyType":1,"closed":-1,"used":1689292177340,"created":1689292177340,"remoteIdentityKey":"BcBdXbQurtWcMXkjo/Nt+nabNdSPHNA1q1A8BmDoz1km"},"_chains":{"BbeZKrZ4CdryiXGF4CDmTmZd7SMXYefjzfbVuCGJUXdE":{"chainKey":{"counter":0,"key":"PLk5Duo9LFjvWoMetZ44g+7VxIEZKc/yCbQlrs9guvw="},"chainType":1,"messageKeys":{}}},"pendingPreKey":{"signedKeyId":12702463,"baseKey":"BaEgbnMVhE4314bvauUPSwMeqJUKYGJJKgJbvT0Mg/cW","preKeyId":69265}}},"version":"v1"}