{"_sessions":{"BYXhyoKx9imv8KGyvx2WyH3EaZgDzJm5s8cCTPZf+tcB":{"registrationId":608144838,"currentRatchet":{"ephemeralKeyPair":{"pubKey":"Ba8qv1p2xsVuQHh1GWQLiuOUiBTpean+0UTTP/lKvWEV","privKey":"SHLcbaV6W9c5L7rmyG4uEum6VIIr3CekQk/aNvWqJ1U="},"lastRemoteEphemeralKey":"Bae/NJfmPEi81NFJZ8c26wrKq+IgYKOHpEISNSV7Sd0V","previousCounter":0,"rootKey":"BhdEDufxvmUDJrxmr76+9CsojtjCDPL5V8g37vPcuRM="},"indexInfo":{"baseKey":"BYXhyoKx9imv8KGyvx2WyH3EaZgDzJm5s8cCTPZf+tcB","baseKeyType":1,"closed":-1,"used":1689292177214,"created":1689292177214,"remoteIdentityKey":"BQDo74eC1uTclzo8aMMWMIXKX6MrPWbwBTjvcwFioksq"},"_chains":{"Ba8qv1p2xsVuQHh1GWQLiuOUiBTpean+0UTTP/lKvWEV":{"chainKey":{"counter":0,"key":"4eBLs3oltJ5E1z3pBJX0RsjFcFagT+MALj8GWWviSEc="},"chainType":1,"messageKeys":{}}},"pendingPreKey":{"signedKeyId":19,"baseKey":"BYXhyoKx9imv8KGyvx2WyH3EaZgDzJm5s8cCTPZf+tcB"}}},"version":"v1"}