{"_sessions":{"BVyKVfL9f4NLXZwwi8cDxX6v5sHiszQfHnQBHIi933sz":{"registrationId":1583540425,"currentRatchet":{"ephemeralKeyPair":{"pubKey":"BXP5kmX+zz2KG2yqH2PS4E1asdWJ7kP95uVlv80JFLxU","privKey":"sHefkh/HbIYmJG7lG2tlkshl41vPnMlBVzzPZp9Eb0A="},"lastRemoteEphemeralKey":"BXhhytbtAtKDi5croyxkAXVvFQwEFl7pvPQTPuCmHYM6","previousCounter":0,"rootKey":"iDgZnZPJrR871mh9UIo2hJ0qQ1+fIWpLYXqZFekDgko="},"indexInfo":{"baseKey":"BVyKVfL9f4NLXZwwi8cDxX6v5sHiszQfHnQBHIi933sz","baseKeyType":1,"closed":-1,"used":1689292018699,"created":1689292018699,"remoteIdentityKey":"BROTgFc6Y6gs2YnDTdglYmgELj2ytAIhBlSGiJATe75V"},"_chains":{"BXP5kmX+zz2KG2yqH2PS4E1asdWJ7kP95uVlv80JFLxU":{"chainKey":{"counter":4,"key":"5bEVZO/mADjfxzh3kzrLi9kndq6yyzjGDNTI7qHgvLk="},"chainType":1,"messageKeys":{}}},"pendingPreKey":{"signedKeyId":6,"baseKey":"BVyKVfL9f4NLXZwwi8cDxX6v5sHiszQfHnQBHIi933sz","preKeyId":15063098}}},"version":"v1"}