{"_sessions":{"BQpkekYUh60a5x5WzZ40movmdNlPjv2oAoYWJx0Bpl4P":{"registrationId":1997612576,"currentRatchet":{"ephemeralKeyPair":{"pubKey":"BTo59iPVzfRJz00cKGNZ+De6Ss3KyP4vqvgbc3WyGyMc","privKey":"iApBizWnnflYOvO0AYE9pUZxci31ml8HU9eJ4wp4UlY="},"lastRemoteEphemeralKey":"BdpzYye7oYZyn+spjPFcehGfKXKpbB8u69mXJv4FvrYz","previousCounter":0,"rootKey":"6uCM9Nj8baiucl4BOFBTZWVyW6AUwc3HhAoMZ59AEgU="},"indexInfo":{"baseKey":"BQpkekYUh60a5x5WzZ40movmdNlPjv2oAoYWJx0Bpl4P","baseKeyType":1,"closed":-1,"used":1689292176539,"created":1689292176539,"remoteIdentityKey":"BSjMHnlm+/6fQexG0ypT3Rpm7dY24iKqQ+ZXX4ePLUZC"},"_chains":{"BTo59iPVzfRJz00cKGNZ+De6Ss3KyP4vqvgbc3WyGyMc":{"chainKey":{"counter":0,"key":"7CMdgykKbk86dmso4g6VBM7wUM6m9OCOeQTRac5FZlw="},"chainType":1,"messageKeys":{}}},"pendingPreKey":{"signedKeyId":968358,"baseKey":"BQpkekYUh60a5x5WzZ40movmdNlPjv2oAoYWJx0Bpl4P","preKeyId":5108}}},"version":"v1"}