{"_sessions":{"BVo79OtGnfOeTrxNyvfErUKEo1HPQOi8YVbdrIu5htQI":{"registrationId":1528408197,"currentRatchet":{"ephemeralKeyPair":{"pubKey":"BSaRn2t+WVe+dvzRoNXlDAClbGaz51NqJxJtIbnOR10Z","privKey":"iDkEkPLZlCdwjEaPFyHa6Re1jl0ezbdk300BS6idrHg="},"lastRemoteEphemeralKey":"Bes8m5wNswokdZn2AFgkYyV4Sd3MnL3p3VOE1JWZasgQ","previousCounter":0,"rootKey":"gQNduvr1USFO4zCznOWpaoQHM6GK5CjKG4mi/pHU9no="},"indexInfo":{"baseKey":"BVo79OtGnfOeTrxNyvfErUKEo1HPQOi8YVbdrIu5htQI","baseKeyType":1,"closed":-1,"used":1689292176832,"created":1689292176832,"remoteIdentityKey":"BV0URuY4e1v8ghjW96OF+jvsULtEY90NynhebMx7aCEL"},"_chains":{"BSaRn2t+WVe+dvzRoNXlDAClbGaz51NqJxJtIbnOR10Z":{"chainKey":{"counter":0,"key":"xDNja3moSuWGvIaZDmO+7zVcItER3TH9JUJblc19+98="},"chainType":1,"messageKeys":{}}},"pendingPreKey":{"signedKeyId":18,"baseKey":"BVo79OtGnfOeTrxNyvfErUKEo1HPQOi8YVbdrIu5htQI","preKeyId":15998152}}},"version":"v1"}