{"_sessions":{"BTcH0lA2qmvXyzVT2naw1bnhl354c4c2oXxL9xrRU8Nw":{"registrationId":1229858476,"currentRatchet":{"ephemeralKeyPair":{"pubKey":"BYOgYVspUMmZYciL1XZutv7Hs55uRCOzgt8Ecrtgbupe","privKey":"mO+JWAhhwMKWOvOlLSaFo0wMWeVJy5G+fCSbG1T+bGc="},"lastRemoteEphemeralKey":"BfIQPy0EFcqNqi1Wf4hmsarwYeuYFFMFAI/H02EvpjkC","previousCounter":0,"rootKey":"V2L/tbz2X+LhqrP1ABDgVfRy+ZsuBzSe/uksu5c2Cac="},"indexInfo":{"baseKey":"BTcH0lA2qmvXyzVT2naw1bnhl354c4c2oXxL9xrRU8Nw","baseKeyType":1,"closed":-1,"used":1689292177201,"created":1689292177201,"remoteIdentityKey":"BRWFof3D3lUl6bF4+NXBUBi7nWRz11pcutteJKoolUIO"},"_chains":{"BYOgYVspUMmZYciL1XZutv7Hs55uRCOzgt8Ecrtgbupe":{"chainKey":{"counter":0,"key":"SYSmrIvqMpZ7dtsf65Xwfmgn/+JxY6r7vicVAMVzWrc="},"chainType":1,"messageKeys":{}}},"pendingPreKey":{"signedKeyId":5,"baseKey":"BTcH0lA2qmvXyzVT2naw1bnhl354c4c2oXxL9xrRU8Nw"}}},"version":"v1"}