{"_sessions":{"BYFGHfYGCOrjUbs8Mz6vOX6OAt1HfV6dx12NVNi9f2ER":{"registrationId":186872370,"currentRatchet":{"ephemeralKeyPair":{"pubKey":"BX1pDDavzTz9vwIUxtOvoJnq9JRGNRtuCw4MlgnAHFBq","privKey":"EL5nWC1nAswJ1+V76ScnUdSVnJY4grAexrP5qwFtwkA="},"lastRemoteEphemeralKey":"Bc4pzYcppwGGKGgYP766Na90nyu8jkWaTks6sKvNqjN+","previousCounter":0,"rootKey":"1BsMrdPPPsJ85efvf7sxl1o3F+NVbcsyGdwiwEIOnUM="},"indexInfo":{"baseKey":"BYFGHfYGCOrjUbs8Mz6vOX6OAt1HfV6dx12NVNi9f2ER","baseKeyType":1,"closed":-1,"used":1689292176544,"created":1689292176544,"remoteIdentityKey":"BW3naGKuHOKZL9nMyVDLM4wOjSSNxKfHvSMKgesQvNhw"},"_chains":{"BX1pDDavzTz9vwIUxtOvoJnq9JRGNRtuCw4MlgnAHFBq":{"chainKey":{"counter":10,"key":"jr5bC8rdL6QmCZsF5rnMihKQwrEOnSyNillejVztcVw="},"chainType":1,"messageKeys":{}}},"pendingPreKey":{"signedKeyId":4,"baseKey":"BYFGHfYGCOrjUbs8Mz6vOX6OAt1HfV6dx12NVNi9f2ER"}}},"version":"v1"}