{"_sessions":{"BQZsgKqJnoAIAPVnU4zah6bBSYFs8ngJzxEpGswWTN0D":{"registrationId":722339688,"currentRatchet":{"ephemeralKeyPair":{"pubKey":"BfE67w8kEXoqqk010ciu+NSkPtdKjv+wnloZvHz8ORFt","privKey":"iBHrjIUVx6QW9jZP5b+D9x0Pc54C/2/BWYAG3w67Gn4="},"lastRemoteEphemeralKey":"BcTlK2b/iX1LjsTcjrfUfZgc8o9k4h1onDjlE0nZ5cd8","previousCounter":0,"rootKey":"tOKlIkWz0Z0G93W003lhwgopbI8xk6pU/pFF/0/NN+Q="},"indexInfo":{"baseKey":"BQZsgKqJnoAIAPVnU4zah6bBSYFs8ngJzxEpGswWTN0D","baseKeyType":1,"closed":-1,"used":1689292176916,"created":1689292176916,"remoteIdentityKey":"BS4DK9/oK3ZRLxpib2EPiioBimD5hORHC/hv0OO67mQC"},"_chains":{"BfE67w8kEXoqqk010ciu+NSkPtdKjv+wnloZvHz8ORFt":{"chainKey":{"counter":0,"key":"M/1bvlHI5Yf5hlFnG0TnxO/w3+auwo21HuX5dGYSlb4="},"chainType":1,"messageKeys":{}}},"pendingPreKey":{"signedKeyId":8,"baseKey":"BQZsgKqJnoAIAPVnU4zah6bBSYFs8ngJzxEpGswWTN0D","preKeyId":15269523}}},"version":"v1"}