{"_sessions":{"BVXzt62vggn4DIEOD5cfoVo5T41A84L5uqGTnUcPTQ1V":{"registrationId":1096745764,"currentRatchet":{"ephemeralKeyPair":{"pubKey":"BQc28K9EZ+4hPBTWjGW/k1CHDBmJK1p8nO7Hqrl0VLlc","privKey":"EJAbXUpVJ/ftSVbsepa98RSxF+Jc4H2zDdDVBfND2ms="},"lastRemoteEphemeralKey":"BeHZDs5253V9Jfc57Nc0xCyjhEfmIXeStvZn3Lstu+BV","previousCounter":0,"rootKey":"ef0SyniIIfOtSJFGk1ATPa/r9JVwvA+mkJXM7A93nEM="},"indexInfo":{"baseKey":"BVXzt62vggn4DIEOD5cfoVo5T41A84L5uqGTnUcPTQ1V","baseKeyType":1,"closed":-1,"used":1689292177307,"created":1689292177307,"remoteIdentityKey":"BTcRzkUA9m1zyUB3GrwnnXpE/sCjFGC5vUrJByhjBsch"},"_chains":{"BQc28K9EZ+4hPBTWjGW/k1CHDBmJK1p8nO7Hqrl0VLlc":{"chainKey":{"counter":0,"key":"w6x1GNWwbaabzhOjqLdizhEz7ySASOPRtFiFJRX7DzY="},"chainType":1,"messageKeys":{}}},"pendingPreKey":{"signedKeyId":23,"baseKey":"BVXzt62vggn4DIEOD5cfoVo5T41A84L5uqGTnUcPTQ1V","preKeyId":8686353}}},"version":"v1"}