{"_sessions":{"BSpK2ASqpCOAQfWKtMlDsCevkMvDEUMCe3I3+X4q9z5J":{"registrationId":662492310,"currentRatchet":{"ephemeralKeyPair":{"pubKey":"BTk1NUwhZvBzC7o4Pwn9jYQ871ARhjPgcjWbwwiVJiIi","privKey":"qHWVf9gRBoHXKcGSl8xGNIpWDjiNJbXCCLnV9MJAF2A="},"lastRemoteEphemeralKey":"BYAHMWjQFNaTTahRtC4Bdvznu5PSbBOQQChxMywMXOZY","previousCounter":0,"rootKey":"gUT1GfVPivQeyn7/XFRiz5y4W8C6Fbr95OINbw8tsEY="},"indexInfo":{"baseKey":"BSpK2ASqpCOAQfWKtMlDsCevkMvDEUMCe3I3+X4q9z5J","baseKeyType":1,"closed":-1,"used":1689292176512,"created":1689292176512,"remoteIdentityKey":"BaVD1FuaoOGocfrv7VItEu5JbUy5jRN62U1Jh6TEP3FU"},"_chains":{"BTk1NUwhZvBzC7o4Pwn9jYQ871ARhjPgcjWbwwiVJiIi":{"chainKey":{"counter":2,"key":"xTzj4puPTlWlYHKTfTn2l0xBpGKSi9eHUQMT7BcgrX0="},"chainType":1,"messageKeys":{}}},"pendingPreKey":{"signedKeyId":6,"baseKey":"BSpK2ASqpCOAQfWKtMlDsCevkMvDEUMCe3I3+X4q9z5J"}}},"version":"v1"}