{"_sessions":{"BZFzIHciiWcoRpVk7LmRxx3pB4jP/wjIiHApdYC2AAZ6":{"registrationId":190525844,"currentRatchet":{"ephemeralKeyPair":{"pubKey":"BbTYUs/D9xeRdEIgSl/227PZ5YXB683b50sH5ayzFdBU","privKey":"wJE+O3uNjmGy60NZKGRkCBt5Hu/wc6vcJ+EbytvC4XM="},"lastRemoteEphemeralKey":"Bby4jGHjdPOLwf4uc7Sxu4x1Mt9EPALRnKyFFGrAbad1","previousCounter":0,"rootKey":"tsDhTSKEU2BOdRv15JZpjqNuywK48RAlt6M2GJ9t1vM="},"indexInfo":{"baseKey":"BZFzIHciiWcoRpVk7LmRxx3pB4jP/wjIiHApdYC2AAZ6","baseKeyType":1,"closed":-1,"used":1689292176526,"created":1689292176526,"remoteIdentityKey":"BcJofuxwFIkdp7tlZ4Kywf6gpcLNZPOub5SORkOe7LFk"},"_chains":{"BbTYUs/D9xeRdEIgSl/227PZ5YXB683b50sH5ayzFdBU":{"chainKey":{"counter":0,"key":"DWx+6j6YYUT2a4RMh0+NVMqJd7LQPQANF0IOdWExH08="},"chainType":1,"messageKeys":{}}},"pendingPreKey":{"signedKeyId":3429185,"baseKey":"BZFzIHciiWcoRpVk7LmRxx3pB4jP/wjIiHApdYC2AAZ6"}}},"version":"v1"}