{"_sessions":{"BdN2yNpUDPtp3eaUlrhqsqO5TFnoWwTdoCUfYq+IOZdl":{"registrationId":1841913349,"currentRatchet":{"ephemeralKeyPair":{"pubKey":"BWY+z6SZXTVv/JxUqCyJpCMl14HrPNK4brhBC9009glR","privKey":"cMAdMuBqnuwD/kr0sR2cwjrd7YXS5z6UXEJaI0oCplI="},"lastRemoteEphemeralKey":"BcuVh+P8e6zzRw9ZDnZrQlLyY3Vt2oLCDlKJ4XpE48oS","previousCounter":0,"rootKey":"cEU5tXUWUY5BOLjFb5ruk4ISbd8EUWVGRmYDNGYY3K4="},"indexInfo":{"baseKey":"BdN2yNpUDPtp3eaUlrhqsqO5TFnoWwTdoCUfYq+IOZdl","baseKeyType":1,"closed":-1,"used":1689292176599,"created":1689292176599,"remoteIdentityKey":"BfXxyGXjnqTA7Bm5oM+Bbt/VPqte6Bt7Z7skoFZGlY9P"},"_chains":{"BWY+z6SZXTVv/JxUqCyJpCMl14HrPNK4brhBC9009glR":{"chainKey":{"counter":2,"key":"Z6o5gP327rRDhZKBQj7xNmb3c76y4tIDZ+eMTe5V8ck="},"chainType":1,"messageKeys":{}}},"pendingPreKey":{"signedKeyId":0,"baseKey":"BdN2yNpUDPtp3eaUlrhqsqO5TFnoWwTdoCUfYq+IOZdl"}}},"version":"v1"}