{"_sessions":{"Bfcc7WsyL5HnsK5zwPqUu/hhT5zNu/zMxXCk3U8nL2gY":{"registrationId":1669722359,"currentRatchet":{"ephemeralKeyPair":{"pubKey":"BWrctPwCvZPwmfy6KORRCB+df94cCWNETpZQM8tgfsY2","privKey":"KF+ZXBU7WEk31K4ioykLtX0Aa0H3KD1tIIvDcrF0el0="},"lastRemoteEphemeralKey":"BStIHAxlvJcx17z+LQLBLoRU6jxtVmA7BT7X33xJjLVy","previousCounter":0,"rootKey":"jTX2q20G25Ftktoy/yt9R7IvTRYmsWjUT2DlBPbtkRA="},"indexInfo":{"baseKey":"Bfcc7WsyL5HnsK5zwPqUu/hhT5zNu/zMxXCk3U8nL2gY","baseKeyType":1,"closed":1689327357714,"used":1689327337802,"created":1689327337802,"remoteIdentityKey":"BY7pY2xi5Z2X9PcIht0fQElyMlNxomjbyZpW0kCc//pK"},"_chains":{"BWrctPwCvZPwmfy6KORRCB+df94cCWNETpZQM8tgfsY2":{"chainKey":{"counter":0,"key":"rDbZHuy0ELkTmArS1W2NH534tHyEZyTTV15yKytWqcw="},"chainType":1,"messageKeys":{}}},"pendingPreKey":{"signedKeyId":3,"baseKey":"Bfcc7WsyL5HnsK5zwPqUu/hhT5zNu/zMxXCk3U8nL2gY","preKeyId":5660817}},"BeRqHxeP775qMoxs7VrnDgPtd5RfYJh6jbfyealmUHYN":{"registrationId":1669722359,"currentRatchet":{"ephemeralKeyPair":{"pubKey":"BSn5tBGTGTZ5bROrBBhkTTN5+RNI2Te7MiLTN4HW3sgb","privKey":"AFLRWMUBMEKn+OWziUEXCTI/FT/W8JepdE8vZOY/wV8="},"lastRemoteEphemeralKey":"BStIHAxlvJcx17z+LQLBLoRU6jxtVmA7BT7X33xJjLVy","previousCounter":0,"rootKey":"K2obqcY11/4cfE8d7TOQSZgeMDjspROa7IeBxtyt+A0="},"indexInfo":{"baseKey":"BeRqHxeP775qMoxs7VrnDgPtd5RfYJh6jbfyealmUHYN","baseKeyType":1,"closed":-1,"used":1689327357712,"created":1689327357712,"remoteIdentityKey":"BY7pY2xi5Z2X9PcIht0fQElyMlNxomjbyZpW0kCc//pK"},"_chains":{"BSn5tBGTGTZ5bROrBBhkTTN5+RNI2Te7MiLTN4HW3sgb":{"chainKey":{"counter":0,"key":"Wmf11NH0a5HPS2y9+00d0Uv7HjEVIvowqoSQON46mLg="},"chainType":1,"messageKeys":{}}},"pendingPreKey":{"signedKeyId":3,"baseKey":"BeRqHxeP775qMoxs7VrnDgPtd5RfYJh6jbfyealmUHYN","preKeyId":5661453}}},"version":"v1"}