{"_sessions":{"BfP+VcGS8lM/4tLoz5BOShUtG4O1E//icoYYCJHRF8xA":{"registrationId":278586333,"currentRatchet":{"ephemeralKeyPair":{"pubKey":"BSpqZxZXYR/kCJ4MXbblTg7xV5W8CmuwtCIg5tgQ36tD","privKey":"SHezAv4cCcSBee/jvtSt+CHbXZwMc3C/Er/ezNvTY0w="},"lastRemoteEphemeralKey":"BTD+rXkQkozy4dcs9Z4Uv64DgP2n+dXhA2X1tLh0fzVB","previousCounter":0,"rootKey":"jwEt0AwhXKTizwfMmaY59MDAngTM0Oxu4dCnW+CC7FE="},"indexInfo":{"baseKey":"BfP+VcGS8lM/4tLoz5BOShUtG4O1E//icoYYCJHRF8xA","baseKeyType":1,"closed":1689296286069,"used":1689290641716,"created":1689290641716,"remoteIdentityKey":"Bc93XsFeRhCZomwghrlTzAFmtwx/KtH9YH5m0AlXEq8I"},"_chains":{"BSpqZxZXYR/kCJ4MXbblTg7xV5W8CmuwtCIg5tgQ36tD":{"chainKey":{"counter":0,"key":"Kjkg7P5nBAeLyexHGT1nbcDa6wsPpn6o/LPfymHfCkI="},"chainType":1,"messageKeys":{}}},"pendingPreKey":{"signedKeyId":11,"baseKey":"BfP+VcGS8lM/4tLoz5BOShUtG4O1E//icoYYCJHRF8xA","preKeyId":9071848}},"BY4KICwfVyXBHPRIkarQV4W9U82iWUICyfi1iCqbAT5H":{"registrationId":278586333,"currentRatchet":{"ephemeralKeyPair":{"pubKey":"BctYtdSiiK3CofA7xswHKUoGwAffEotohSWrQVB2+8tJ","privKey":"0NcgQKA+kE2pV7ytHh4gpAlqcsRGAV33h9U9F9vJcEc="},"lastRemoteEphemeralKey":"BTD+rXkQkozy4dcs9Z4Uv64DgP2n+dXhA2X1tLh0fzVB","previousCounter":0,"rootKey":"hNwxFCkcH2yRRrCFrYg9gInBq0swVsb1Rr0BJdjyyQs="},"indexInfo":{"baseKey":"BY4KICwfVyXBHPRIkarQV4W9U82iWUICyfi1iCqbAT5H","baseKeyType":1,"closed":-1,"used":1689296286066,"created":1689296286066,"remoteIdentityKey":"Bc93XsFeRhCZomwghrlTzAFmtwx/KtH9YH5m0AlXEq8I"},"_chains":{"BctYtdSiiK3CofA7xswHKUoGwAffEotohSWrQVB2+8tJ":{"chainKey":{"counter":11,"key":"ojzBNCbW0iyRcmSJ0qAW++oOMe9Okcf/+9dydx/QXpU="},"chainType":1,"messageKeys":{}}},"pendingPreKey":{"signedKeyId":11,"baseKey":"BY4KICwfVyXBHPRIkarQV4W9U82iWUICyfi1iCqbAT5H","preKeyId":9071431}}},"version":"v1"}