{"_sessions":{"BQkWGvAFGtGvsrzp/vdHvkrHdShbgjwIULvJ5ckUoKIh":{"registrationId":124092483,"currentRatchet":{"ephemeralKeyPair":{"pubKey":"BR2Di7crhQLpCbXGTM8TWfWvITwoKAw+4/wu/w5+3y1T","privKey":"mM6OyjSz8v8Bj6ub8zZ5rF6DFMKHwA0jXgHyVVj0NWA="},"lastRemoteEphemeralKey":"BQSYQ1nkxc5b8M/fcX8mh2i3H/S1eTlwNS1HNldHdpwF","previousCounter":0,"rootKey":"VR0FI+JaLxeywxUjy+MmHDTkx/aeygTGFZYepjPfx64="},"indexInfo":{"baseKey":"BQkWGvAFGtGvsrzp/vdHvkrHdShbgjwIULvJ5ckUoKIh","baseKeyType":1,"closed":-1,"used":1689292177420,"created":1689292177420,"remoteIdentityKey":"BddPy+OojKAY8nQ3h6yNC8XwB7awNyCJQFyiTaAsr6kd"},"_chains":{"BR2Di7crhQLpCbXGTM8TWfWvITwoKAw+4/wu/w5+3y1T":{"chainKey":{"counter":0,"key":"CKyXM9HouAD6Q16vIOEqkly4GxwC7NHVq0FJBuuIJc8="},"chainType":1,"messageKeys":{}}},"pendingPreKey":{"signedKeyId":0,"baseKey":"BQkWGvAFGtGvsrzp/vdHvkrHdShbgjwIULvJ5ckUoKIh","preKeyId":2837021}}},"version":"v1"}