{"_sessions":{"BYDiq5XqusKjBYleXFsxHRgNSc4o1OKqtXSaoYUoU0Nz":{"registrationId":1653831329,"currentRatchet":{"ephemeralKeyPair":{"pubKey":"BSxE6Gm87/hUkg9Jr6ZyUNtHqrwsaBc4oc+f274AYfwj","privKey":"SAdbhnGkf2nY2AhiAFepPJRzOMXGHMClbPAZo4YjJGk="},"lastRemoteEphemeralKey":"BSj+bqcO3ESSNkfedrpPW4RvTyTM4sxfAaYRZbuFmCQB","previousCounter":0,"rootKey":"tL9fSkaDV5qA/MxrSAKhagobjISqIqRwtbHAfydERcE="},"indexInfo":{"baseKey":"BYDiq5XqusKjBYleXFsxHRgNSc4o1OKqtXSaoYUoU0Nz","baseKeyType":1,"closed":-1,"used":1689292176717,"created":1689292176717,"remoteIdentityKey":"BWllDrUrxQn+WpeN2rwp++W0Q4R+44lkrMCKKaG+e60r"},"_chains":{"BSxE6Gm87/hUkg9Jr6ZyUNtHqrwsaBc4oc+f274AYfwj":{"chainKey":{"counter":2,"key":"GMXXdbuWC8BGZkSLZciJfrrmygETJO0ZoNcrK6BEgmM="},"chainType":1,"messageKeys":{}}},"pendingPreKey":{"signedKeyId":3,"baseKey":"BYDiq5XqusKjBYleXFsxHRgNSc4o1OKqtXSaoYUoU0Nz","preKeyId":7954775}}},"version":"v1"}