{"_sessions":{"BU0lJWxHQKudmBeBaTseW1dyAV09e82tGJGO6trxZB8N":{"registrationId":803632628,"currentRatchet":{"ephemeralKeyPair":{"pubKey":"BXoop71D7GoJmF8leUz2qc6I2Htyzyo9VwW+mB0nEax4","privKey":"QLXpT1cjOSyRBEwHwpK4+yTeTibixhZnidFx3JCuo2Y="},"lastRemoteEphemeralKey":"BaxKM/869LrJpgwcgKNSuWo/LzfOo96rylNdAbKIXC8X","previousCounter":0,"rootKey":"DnmKYcQrwEg2n09yazRYUYHkjtP+/k06k5la8avTshg="},"indexInfo":{"baseKey":"BU0lJWxHQKudmBeBaTseW1dyAV09e82tGJGO6trxZB8N","baseKeyType":1,"closed":-1,"used":1689292177505,"created":1689292177505,"remoteIdentityKey":"BUwtuSuoFv7IyCIqUcpJ7TP0NznjIo90LnzeOStiLe4x"},"_chains":{"BXoop71D7GoJmF8leUz2qc6I2Htyzyo9VwW+mB0nEax4":{"chainKey":{"counter":3,"key":"T2GdUvenbtRCH2ZYZQdSDLEW3KfYIgqllighEQFSE/U="},"chainType":1,"messageKeys":{}}},"pendingPreKey":{"signedKeyId":26,"baseKey":"BU0lJWxHQKudmBeBaTseW1dyAV09e82tGJGO6trxZB8N"}}},"version":"v1"}