{"_sessions":{"BRoBTNNyFWGx0OEIOodXBwOnnkm+/O1+bod2sZthRnlX":{"registrationId":966165748,"currentRatchet":{"ephemeralKeyPair":{"pubKey":"Bazdewq46GoNC+tu03mJcX5Vsmnc+p+3sTziMaQ8iEwC","privKey":"uENwLkoFn3SCyzpe+TQ/IrDG3YbRs3Pl6dJloSOuUWw="},"lastRemoteEphemeralKey":"BZbxL5qV84JXQZwcTpFFF6fcva9r1uFDHhSC1l7hU11g","previousCounter":0,"rootKey":"tmzd/F4zVJiHgsyoAww183bUszwJAvIjbghV5NrnRjM="},"indexInfo":{"baseKey":"BRoBTNNyFWGx0OEIOodXBwOnnkm+/O1+bod2sZthRnlX","baseKeyType":1,"closed":-1,"used":1689299555606,"created":1689299555606,"remoteIdentityKey":"BR9c2FDYHgHIGQ8MdyJtJEWgicGcdHLxvnBAduaHjAkH"},"_chains":{"Bazdewq46GoNC+tu03mJcX5Vsmnc+p+3sTziMaQ8iEwC":{"chainKey":{"counter":0,"key":"UjKam62BICRC7oET5VGHgurUzvMtlZKxlfp/Z5ivNZQ="},"chainType":1,"messageKeys":{}}},"pendingPreKey":{"signedKeyId":10,"baseKey":"BRoBTNNyFWGx0OEIOodXBwOnnkm+/O1+bod2sZthRnlX","preKeyId":4474544}}},"version":"v1"}