{"_sessions":{"BchvgzkvE1ntg4mDg7/4TZLJ4dtuK9NPizkQgmIixw4Q":{"registrationId":59147119,"currentRatchet":{"ephemeralKeyPair":{"pubKey":"BXcDIAMl41UM8ge565kwfPJxRFREP/AF4L3AHrE9NNti","privKey":"qLkRnRDD+3JUA4IxHvfeGu4iiavFey7jcyHUtX2DKlM="},"lastRemoteEphemeralKey":"BfsxxFGgDLeZu+dt15RsGdxek/EOFz+aa74ie4A1Z4c6","previousCounter":0,"rootKey":"QiyISjnikhjp7wLUln7jHEXUPt87Sryn8q1n2fIW+9I="},"indexInfo":{"baseKey":"BchvgzkvE1ntg4mDg7/4TZLJ4dtuK9NPizkQgmIixw4Q","baseKeyType":1,"closed":-1,"used":1689292176605,"created":1689292176605,"remoteIdentityKey":"BYV60nlsgijJiyu9G9hcPrq/B8X4cEu0zBrPvWJyF9YR"},"_chains":{"BXcDIAMl41UM8ge565kwfPJxRFREP/AF4L3AHrE9NNti":{"chainKey":{"counter":2,"key":"jhED5XAPjx6GXOCsKFBKlc6DmMJ8kqmPdicgjXNh19k="},"chainType":1,"messageKeys":{}}},"pendingPreKey":{"signedKeyId":9573016,"baseKey":"BchvgzkvE1ntg4mDg7/4TZLJ4dtuK9NPizkQgmIixw4Q"}}},"version":"v1"}