{"_sessions":{"Bf31ZFGkP4Ihc8Dy7TEKhyBxgRaHy94a6ksxpq5qas0x":{"registrationId":1207758546,"currentRatchet":{"ephemeralKeyPair":{"pubKey":"BS70pqXnTY0atfsjEFYZH/tlJB+1+Y2Z7jKoCAdB/RVY","privKey":"uISGwYd1Lt5WQlVZc3DeCJgesNeMn0HMr1S7DXj993s="},"lastRemoteEphemeralKey":"BWVAeaIvTdO3Mrnqpe0GSUNEd7cY0w8QsPdzmcFcX+Rv","previousCounter":0,"rootKey":"xB8TTfYCpV3E58C5//4kMhgDjvuSjmidhDvTiAW+t4Q="},"indexInfo":{"baseKey":"Bf31ZFGkP4Ihc8Dy7TEKhyBxgRaHy94a6ksxpq5qas0x","baseKeyType":1,"closed":-1,"used":1689292177427,"created":1689292177427,"remoteIdentityKey":"BRKHjyGb7ObMVlS0gGahEMDsEiaJ3y8kedwKnWF5bbc8"},"_chains":{"BS70pqXnTY0atfsjEFYZH/tlJB+1+Y2Z7jKoCAdB/RVY":{"chainKey":{"counter":0,"key":"vHdEjKLNAIGvdUfzCG9TdZiplkox7aokrUqADFqpPNs="},"chainType":1,"messageKeys":{}}},"pendingPreKey":{"signedKeyId":3,"baseKey":"Bf31ZFGkP4Ihc8Dy7TEKhyBxgRaHy94a6ksxpq5qas0x"}}},"version":"v1"}