{"_sessions":{"BeNg3OVLI+DwUbZwwcctCCeUOKEW6OKOYqCZK4CudrV8":{"registrationId":1101285431,"currentRatchet":{"ephemeralKeyPair":{"pubKey":"Bbdw8c4G2pFi6lZFPZX+I+h++UgJwYEsG8RtyGBCp683","privKey":"sJ1s3Lp8QZ/90ETdCvCY+3JB2wDNJbOol6OGEIaNJm0="},"lastRemoteEphemeralKey":"BVoBpKtrdyycWN9ysEbZszB1PSZglHYSojQDZidPRMUT","previousCounter":0,"rootKey":"WIBK1wju1mclB5BxEKHbntA53vvqu1AMP5e8/W0DrJg="},"indexInfo":{"baseKey":"BeNg3OVLI+DwUbZwwcctCCeUOKEW6OKOYqCZK4CudrV8","baseKeyType":1,"closed":-1,"used":1689292176726,"created":1689292176726,"remoteIdentityKey":"BTT6b7fjL0QiegNCZfhrCrNWxrQEVuwgEloUzot1nJ4k"},"_chains":{"Bbdw8c4G2pFi6lZFPZX+I+h++UgJwYEsG8RtyGBCp683":{"chainKey":{"counter":0,"key":"gJzPDzxPAOaqmnXns+oBWI0yXxQDpc3EqOI7srKqa0A="},"chainType":1,"messageKeys":{}}},"pendingPreKey":{"signedKeyId":7,"baseKey":"BeNg3OVLI+DwUbZwwcctCCeUOKEW6OKOYqCZK4CudrV8"}}},"version":"v1"}