{"_sessions":{"BdAOWVdb16yu7UFo7xP03JpvxUPYPK4XLtXsTX96cQY1":{"registrationId":1413544486,"currentRatchet":{"ephemeralKeyPair":{"pubKey":"BUmYH7XiV4njOudOrbbB+Cbw06s1RS/7OREmk9OXj687","privKey":"wMCcji3r9dYKzEQkUiQAW2PGH0wCA1dBo7ydStRVQ3E="},"lastRemoteEphemeralKey":"BY+d32FupRP2yj7o+TGZdl4dBq9ULI0oeMaHWoq8LxQA","previousCounter":0,"rootKey":"XnfbZhyzo7sVPhJWrPHr0LLliEiLD0h1hbUyoj2bXqQ="},"indexInfo":{"baseKey":"BdAOWVdb16yu7UFo7xP03JpvxUPYPK4XLtXsTX96cQY1","baseKeyType":1,"closed":-1,"used":1689292176797,"created":1689292176797,"remoteIdentityKey":"Bf/Jjaq97YRNZoc6B7zj6OkxWxPOZROBFgD8L0kAwgl4"},"_chains":{"BUmYH7XiV4njOudOrbbB+Cbw06s1RS/7OREmk9OXj687":{"chainKey":{"counter":0,"key":"UV5WPwUDIZCk1673VPecqaKEIAg+97YC4hBVQs7fU1c="},"chainType":1,"messageKeys":{}}},"pendingPreKey":{"signedKeyId":2,"baseKey":"BdAOWVdb16yu7UFo7xP03JpvxUPYPK4XLtXsTX96cQY1","preKeyId":9141539}}},"version":"v1"}