{"_sessions":{"BWUx4KGulsJHBPZvlsIRVzPCCkl+l4wkOVsRSIfBLA8Y":{"registrationId":1862096477,"currentRatchet":{"ephemeralKeyPair":{"pubKey":"BbnYjzH9sXc4vnL+tTCHIo5QQKeqP4pWOxvGE0tBfnYS","privKey":"qH4w+vSVAKYCw4u/naCjahYgCq6AK5JAvCF0hyl0aEk="},"lastRemoteEphemeralKey":"BQw0oGEYeaHK+luvtSYHTPvMi6bNTDqoMC7yUDm43gYO","previousCounter":0,"rootKey":"l5Yf1yssvP3PPFeVY+u+mI15+AU3JR23ShVz3WYlxgo="},"indexInfo":{"baseKey":"BWUx4KGulsJHBPZvlsIRVzPCCkl+l4wkOVsRSIfBLA8Y","baseKeyType":1,"closed":-1,"used":1689308189518,"created":1689308189518,"remoteIdentityKey":"Bae04WQtGnGd03v4B4IDp5gJ/3Pcw0w+K8c50Zv3hhNb"},"_chains":{"BbnYjzH9sXc4vnL+tTCHIo5QQKeqP4pWOxvGE0tBfnYS":{"chainKey":{"counter":2,"key":"4U21iH6lC1z4INSvHXK6WlUKnC3NllmLzHbAu9/qMaw="},"chainType":1,"messageKeys":{}}},"pendingPreKey":{"signedKeyId":1149072,"baseKey":"BWUx4KGulsJHBPZvlsIRVzPCCkl+l4wkOVsRSIfBLA8Y","preKeyId":7}}},"version":"v1"}