{"_sessions":{"BX59rPFfbFUlfJLL9kJXS0zUnsXRCe5gA/HN3DRvZw5o":{"registrationId":442576500,"currentRatchet":{"ephemeralKeyPair":{"pubKey":"BSdZFtjOHih0ngmyTi8jW2i4ckSvZCQ0B6VYmfjOT70d","privKey":"sB0jS+R71ncD4yh6oNo+so/u/YmKeHcno7kooj+CM2s="},"lastRemoteEphemeralKey":"BZvjjnVNWW+uGZALW8eU22q/JMl4hlXpeTiV3yYwnlZr","previousCounter":0,"rootKey":"nrZ4HgAzGHmOfkfTc7euS2x7tJEPojpg9BAiD3tz7GM="},"indexInfo":{"baseKey":"BX59rPFfbFUlfJLL9kJXS0zUnsXRCe5gA/HN3DRvZw5o","baseKeyType":1,"closed":1689327424921,"used":1689292176923,"created":1689292176923,"remoteIdentityKey":"BX393MXUNVTvAYHrIDLq+wBHQp2uH84J1tXiZX+L+g0g"},"_chains":{"BSdZFtjOHih0ngmyTi8jW2i4ckSvZCQ0B6VYmfjOT70d":{"chainKey":{"counter":2,"key":"NQgDaSe7qpbCdF8MycHcG2KEx4GiPJCGITcfpWWknRs="},"chainType":1,"messageKeys":{}}},"pendingPreKey":{"signedKeyId":36,"baseKey":"BX59rPFfbFUlfJLL9kJXS0zUnsXRCe5gA/HN3DRvZw5o","preKeyId":5848867}},"BUtqO/MH5d1FL8PFWLaZaUaVCchOoo0hAFTUBO3fuXB7":{"registrationId":442576500,"currentRatchet":{"ephemeralKeyPair":{"pubKey":"BTVtDrPXZFcJ28SG97sfRv3NM7mZvcsni6UScsAuavZr","privKey":"sAhMcNLn7WygJ3TLKHaBN6R4gJ4gYXVfpm/3wVt1T1c="},"lastRemoteEphemeralKey":"BZvjjnVNWW+uGZALW8eU22q/JMl4hlXpeTiV3yYwnlZr","previousCounter":0,"rootKey":"T25VucdwVRUrHe3AnnilaNa6mSzS8g4nxmNsV7mEbCo="},"indexInfo":{"baseKey":"BUtqO/MH5d1FL8PFWLaZaUaVCchOoo0hAFTUBO3fuXB7","baseKeyType":1,"closed":-1,"used":1689327424919,"created":1689327424919,"remoteIdentityKey":"BX393MXUNVTvAYHrIDLq+wBHQp2uH84J1tXiZX+L+g0g"},"_chains":{"BTVtDrPXZFcJ28SG97sfRv3NM7mZvcsni6UScsAuavZr":{"chainKey":{"counter":-1,"key":"vrOIPNrWoULsXVNEtnD+Ct5KmjbDABioIZZn1qo6Kh4="},"chainType":1,"messageKeys":{}}},"pendingPreKey":{"signedKeyId":36,"baseKey":"BUtqO/MH5d1FL8PFWLaZaUaVCchOoo0hAFTUBO3fuXB7","preKeyId":5849146}}},"version":"v1"}