{"_sessions":{"BQkiXHTFJ9DyfBFjq3HzD93g+lOgont51Z3MBoSxMGtK":{"registrationId":9232091,"currentRatchet":{"ephemeralKeyPair":{"pubKey":"BWWF+AgD2X9gXX2uCN6Oakp1P5eSVS14MFG62Pd0xz5E","privKey":"QOu4O+JPO0QT2WyAorrIe53VIF6x72B/lKrumuEBjno="},"lastRemoteEphemeralKey":"BV7uwYJSEQ7NYJR+DMqdb+J5VqMFI0p9Vj3mt0JCETRQ","previousCounter":0,"rootKey":"qdyZtp5xfp87dbdYOyo2R9fNfuMeO6pPtK8CFBViybI="},"indexInfo":{"baseKey":"BQkiXHTFJ9DyfBFjq3HzD93g+lOgont51Z3MBoSxMGtK","baseKeyType":1,"closed":-1,"used":1689292176523,"created":1689292176523,"remoteIdentityKey":"BWybwr60coLHJ+LIKCxybfxwUZBjAIbTiuquVVQ9Ajlw"},"_chains":{"BWWF+AgD2X9gXX2uCN6Oakp1P5eSVS14MFG62Pd0xz5E":{"chainKey":{"counter":5,"key":"viwNETnHUCu2kb67jCWmKtuvjCo5Tx8u3yfc5u8tJU0="},"chainType":1,"messageKeys":{}}},"pendingPreKey":{"signedKeyId":3,"baseKey":"BQkiXHTFJ9DyfBFjq3HzD93g+lOgont51Z3MBoSxMGtK"}}},"version":"v1"}