{"_sessions":{"BdVAQFh1v9+Q30uSKb95XlwzalqnSr8PEdBduZ4Zqulp":{"registrationId":1243654097,"currentRatchet":{"ephemeralKeyPair":{"pubKey":"BevpVpwHheXUxqYNyhgJe3e1LEL9MPTtPnT1adv4EcEl","privKey":"sHAcShpvSdn0VYBXy3aNB2BfoJH9n96nANaV/o/7ol4="},"lastRemoteEphemeralKey":"BVFsgVzLRlAPKrEeHDqJ9cavAxPxJ4SwiOxtKRrXaAV+","previousCounter":0,"rootKey":"Y89f4XtvAdos0rouPcP7DtQTPpRJzag+2qQpAzuguCM="},"indexInfo":{"baseKey":"BdVAQFh1v9+Q30uSKb95XlwzalqnSr8PEdBduZ4Zqulp","baseKeyType":1,"closed":-1,"used":1689292176807,"created":1689292176807,"remoteIdentityKey":"Bdq/5qn8OuGrc/jPfoYeKcy+8RmzqpWxtSpvITHE3E1u"},"_chains":{"BevpVpwHheXUxqYNyhgJe3e1LEL9MPTtPnT1adv4EcEl":{"chainKey":{"counter":0,"key":"erhBA1Aw/JNdqcZCCBUzwj3GBEGyp+7TOpzNMGxvoOc="},"chainType":1,"messageKeys":{}}},"pendingPreKey":{"signedKeyId":0,"baseKey":"BdVAQFh1v9+Q30uSKb95XlwzalqnSr8PEdBduZ4Zqulp"}}},"version":"v1"}