{"_sessions":{"BV4F/q528h11BDWtUlnbHveCpsI+HD12E8pPjUtWNNV8":{"registrationId":79498577,"currentRatchet":{"ephemeralKeyPair":{"pubKey":"BWMyDKmcwYE3G1inVDq+VOoWAhrYNqhFgAGu4qtREIg+","privKey":"yKadx1b/neW70GzMJrJ+8kvAwdImZLE761NuutNiOFU="},"lastRemoteEphemeralKey":"Bc/4hyAvHrXntmJfLQT3XhhI9O2mLKMrjz6K5wQ2QUAa","previousCounter":0,"rootKey":"MfHRaO8Bs4xAV77CeAu6vXV6l9jkaKTJNSk85zTE4tI="},"indexInfo":{"baseKey":"BV4F/q528h11BDWtUlnbHveCpsI+HD12E8pPjUtWNNV8","baseKeyType":1,"closed":-1,"used":1689294325320,"created":1689294325320,"remoteIdentityKey":"Bap1YCoxF/gkrifQZP3bCd/7o5Y1jPudXTWcB3br3Tgk"},"_chains":{"BWMyDKmcwYE3G1inVDq+VOoWAhrYNqhFgAGu4qtREIg+":{"chainKey":{"counter":7,"key":"p8WNP+6V5CyjwAwESZF3azXwnOMBcQU0wchSLY3YMHw="},"chainType":1,"messageKeys":{}}},"pendingPreKey":{"signedKeyId":0,"baseKey":"BV4F/q528h11BDWtUlnbHveCpsI+HD12E8pPjUtWNNV8","preKeyId":3996167}}},"version":"v1"}