{"_sessions":{"BfR5p/zvUNPObRxNuyMbegEFBwybJuSikMcpn+zztzpJ":{"registrationId":102107296,"currentRatchet":{"ephemeralKeyPair":{"pubKey":"BXa8wqPwT9zJZBRw3kf/2dFW7WAxX+nNXkC+xTUgz10+","privKey":"OIFIDoonMkRf+V+ui7BeELksIFVnaTAUKhqaQgLO9Vc="},"lastRemoteEphemeralKey":"BVkdGnTBZWHE/vblNt7uMt1vm/EhSC0nPzXCxS+4ijta","previousCounter":0,"rootKey":"esG2B9iyJ36Yk/9aIYYF18p8wPS9PaJFkFXjrOPmH9E="},"indexInfo":{"baseKey":"BfR5p/zvUNPObRxNuyMbegEFBwybJuSikMcpn+zztzpJ","baseKeyType":1,"closed":-1,"used":1689292177025,"created":1689292177025,"remoteIdentityKey":"BclM8jVc7qD/OvCtgYoiF/TU+AL9LpiaJ90qFGINIXsl"},"_chains":{"BXa8wqPwT9zJZBRw3kf/2dFW7WAxX+nNXkC+xTUgz10+":{"chainKey":{"counter":0,"key":"hJhGXNi14fjBlGjnssXxMUInKVHdr+EvyZhbndOY35E="},"chainType":1,"messageKeys":{}}},"pendingPreKey":{"signedKeyId":7,"baseKey":"BfR5p/zvUNPObRxNuyMbegEFBwybJuSikMcpn+zztzpJ","preKeyId":10059985}}},"version":"v1"}