{"_sessions":{"BbfYrQw3/xDcWOmJ2wKFMljUqnwfRpopOdYvO8OZYVdQ":{"registrationId":1795535668,"currentRatchet":{"ephemeralKeyPair":{"pubKey":"BRVUx8hr0X0VuAeXYsUnmWeOtMva5ffdI8tEPchF1usp","privKey":"oHFmHyniYSIR4S3kFShvPd1nrvA+BN/Lcauu65yg+E4="},"lastRemoteEphemeralKey":"BRZtYq1lTg3AT+Nuyx5cHzss7+6TzBvW9eURY8yzS7EN","previousCounter":0,"rootKey":"neXH87v1n+yPWhrUvobmKqG8xhPfXq4JHhip0u6+F9Q="},"indexInfo":{"baseKey":"BbfYrQw3/xDcWOmJ2wKFMljUqnwfRpopOdYvO8OZYVdQ","baseKeyType":1,"closed":-1,"used":1689308189528,"created":1689308189528,"remoteIdentityKey":"BZD84ug4wcQI/ny1qhpcSNDlGkQZ50g38bAhedYrVdZf"},"_chains":{"BRVUx8hr0X0VuAeXYsUnmWeOtMva5ffdI8tEPchF1usp":{"chainKey":{"counter":2,"key":"1dG2xfrBCPTOPvEMdtmZsYegph7J85xz9x8MiXfwcKs="},"chainType":1,"messageKeys":{}}},"pendingPreKey":{"signedKeyId":3,"baseKey":"BbfYrQw3/xDcWOmJ2wKFMljUqnwfRpopOdYvO8OZYVdQ","preKeyId":951527}}},"version":"v1"}