{"_sessions":{"BSFVyTXiyLAzKBiUDH7aXkW7852J/i4NjlucaTBVVrMn":{"registrationId":1703089513,"currentRatchet":{"ephemeralKeyPair":{"pubKey":"BRfB3h4t2uJpOd8wStsQ5AtnnKzdNxCPRpP56OdOE983","privKey":"4PS9PAaVIMyHXCqXM5EFEXqcMrvJDkz77NiZC+2pNEg="},"lastRemoteEphemeralKey":"BSCw42rNlalKWlfR6bYAVnFo8NPpSO8UkTLMKlsRF35A","previousCounter":0,"rootKey":"6iY7jerbqpVYWnIO9ZGfQAt9WaCTowMK4vaIjmN9ofk="},"indexInfo":{"baseKey":"BSFVyTXiyLAzKBiUDH7aXkW7852J/i4NjlucaTBVVrMn","baseKeyType":1,"closed":-1,"used":1689292177135,"created":1689292177135,"remoteIdentityKey":"BULHMHPqtX4m69/VEhWOQ/VAgJ2j3DVhp1MqhUQkzDp6"},"_chains":{"BRfB3h4t2uJpOd8wStsQ5AtnnKzdNxCPRpP56OdOE983":{"chainKey":{"counter":0,"key":"YK4V9KZQr4NyWN91ihlQpAPPRvR9xRH4b5bOzppA1pk="},"chainType":1,"messageKeys":{}}},"pendingPreKey":{"signedKeyId":1,"baseKey":"BSFVyTXiyLAzKBiUDH7aXkW7852J/i4NjlucaTBVVrMn","preKeyId":12797419}}},"version":"v1"}