{"_sessions":{"BSPNR/o+oXBmXYsFrqmtOUoAPF7eog8amZiPk+/h3m8N":{"registrationId":30686587,"currentRatchet":{"ephemeralKeyPair":{"pubKey":"BXWrDDGabcNGxHSqQ2hC5LNIf42nRZzxLqG5IR7V/3ha","privKey":"yFyaRr5c+6vSEqA+Z6E1zH/lnlD5ocJ90SXXD8KjRmo="},"lastRemoteEphemeralKey":"Bc9ZgdCAXF8yVtb2OfKpZlopJbx7VLuw5NN3S2Hn6Q0B","previousCounter":0,"rootKey":"l93HTzcUv9wryRISqFcr8Q5yqojNULqcXSVVOjkMC6c="},"indexInfo":{"baseKey":"BSPNR/o+oXBmXYsFrqmtOUoAPF7eog8amZiPk+/h3m8N","baseKeyType":1,"closed":-1,"used":1689302098009,"created":1689302098009,"remoteIdentityKey":"BaJ6m8UfoD+yRJFwPcwPIIkI5S9cgnsYBcmZyZj/MatN"},"_chains":{"BXWrDDGabcNGxHSqQ2hC5LNIf42nRZzxLqG5IR7V/3ha":{"chainKey":{"counter":3,"key":"1vbWVIBikwFAXHWdShoyWVxVx4U1Fx6lpZfRAoPnr3E="},"chainType":1,"messageKeys":{}}},"pendingPreKey":{"signedKeyId":1,"baseKey":"BSPNR/o+oXBmXYsFrqmtOUoAPF7eog8amZiPk+/h3m8N","preKeyId":7907255}}},"version":"v1"}