{"_sessions":{"BZIPmg4OUasW36Vn3jjE+7vNTfoaXlbCyE12AwTe4xl7":{"registrationId":242057510,"currentRatchet":{"ephemeralKeyPair":{"pubKey":"BSUAKrRG9S+Fq/x5B4Y04TEukkcoX2Z4hfDGVsHdt2hB","privKey":"yBp3TCw2dGy46N4KXuZCJiHidv3EWbkePAPr+FSYtlY="},"lastRemoteEphemeralKey":"BXpGmDp46BH5NTZKG5DrdcoiJIj06Oa16qC5UFWv+cka","previousCounter":0,"rootKey":"c/ONRdvesFmSX+eKtun6+McLWNDfqfJv3XyQFytanQ4="},"indexInfo":{"baseKey":"BZIPmg4OUasW36Vn3jjE+7vNTfoaXlbCyE12AwTe4xl7","baseKeyType":1,"closed":-1,"used":1689292176926,"created":1689292176926,"remoteIdentityKey":"BXePh8+ODrjWieckt6s0ztTyzbAdyHXy6BMLF13H5R1G"},"_chains":{"BSUAKrRG9S+Fq/x5B4Y04TEukkcoX2Z4hfDGVsHdt2hB":{"chainKey":{"counter":0,"key":"FBslFpS8uKQ/R/VQBMnTtR/G4x5sDedbDk8vzJQQ4KI="},"chainType":1,"messageKeys":{}}},"pendingPreKey":{"signedKeyId":1,"baseKey":"BZIPmg4OUasW36Vn3jjE+7vNTfoaXlbCyE12AwTe4xl7","preKeyId":3614191}}},"version":"v1"}