{"_sessions":{"BVrT6Y0/EBfJlyVig7GgNUI3JtCrJ4bUB3sCpaZHamp5":{"registrationId":302190202,"currentRatchet":{"ephemeralKeyPair":{"pubKey":"BR60j4R1uWIKWAGZyfgNCBTl/Kn8l9SF0JbZFx2oinIl","privKey":"gMggwOcLKJOYoMkhdTcOlgt49NxIcenu8YlyayoQYU4="},"lastRemoteEphemeralKey":"BX6Mctc5TzkPNgoFuS6OKWkSltRGh7aiAD5YBHUIy6Mr","previousCounter":0,"rootKey":"dYgDgY904ehzSKq4WLILwNcP9+lqup4mxh/wQvFpG88="},"indexInfo":{"baseKey":"BVrT6Y0/EBfJlyVig7GgNUI3JtCrJ4bUB3sCpaZHamp5","baseKeyType":1,"closed":-1,"used":1689292177502,"created":1689292177502,"remoteIdentityKey":"BduORxgGfirhGVBm45Yk6IU47sy0k5rCxyhoFkermEg8"},"_chains":{"BR60j4R1uWIKWAGZyfgNCBTl/Kn8l9SF0JbZFx2oinIl":{"chainKey":{"counter":0,"key":"QSLGNXWjOTE35EDn8IDJvo6QPKppf61dJ5IoInKNVIg="},"chainType":1,"messageKeys":{}}},"pendingPreKey":{"signedKeyId":8,"baseKey":"BVrT6Y0/EBfJlyVig7GgNUI3JtCrJ4bUB3sCpaZHamp5","preKeyId":2532379}}},"version":"v1"}