{"_sessions":{"BbI/N3zPiHY02PN+5W61HAsyrgryzWVTSIgpwHo+Zok8":{"registrationId":713989885,"currentRatchet":{"ephemeralKeyPair":{"pubKey":"BX8IWwAicInahyXtqSdsVxe10nhLLYdb1JGpnNqIhhMa","privKey":"IA802+3TKtNWxXkzb9O2xQiCl6SYfH5W+XQ9pwTyJFM="},"lastRemoteEphemeralKey":"BQzOasbwmgpruSuB4NPvvnTAiusWkODytEjVQO7cEfE3","previousCounter":0,"rootKey":"CVyBIPDi4D+v8pE7A3VOVNfbJhwHvJslbHpJanmtpc0="},"indexInfo":{"baseKey":"BbI/N3zPiHY02PN+5W61HAsyrgryzWVTSIgpwHo+Zok8","baseKeyType":1,"closed":-1,"used":1689292177113,"created":1689292177113,"remoteIdentityKey":"BTCE3LdG+KtzpKraUxWpIQMcFnAzFvAx1o8ecCJEPPwl"},"_chains":{"BX8IWwAicInahyXtqSdsVxe10nhLLYdb1JGpnNqIhhMa":{"chainKey":{"counter":0,"key":"dWkykWALrEJdytmL8Rtk/KNpWgSBK7JBdJ7zcTPrz34="},"chainType":1,"messageKeys":{}}},"pendingPreKey":{"signedKeyId":5,"baseKey":"BbI/N3zPiHY02PN+5W61HAsyrgryzWVTSIgpwHo+Zok8"}}},"version":"v1"}