{"_sessions":{"BWisJ9Ee8bHa6ZF+xhkRAROnRCZXwE22YCQvwKRvqmNg":{"registrationId":811523902,"currentRatchet":{"ephemeralKeyPair":{"pubKey":"BVuxpmGxCi85rA03GZX+luvq0Wkyxvrw+K2izaQk4Zkt","privKey":"sCRQ9wzYt69NjJiVgyIok6U2cKdnhtfkfm6j/HI6rnM="},"lastRemoteEphemeralKey":"Bdb3P4mav9x0GyNhr9cy4pLOziXh2p04Sit6lotU4twE","previousCounter":0,"rootKey":"20tnTb2pgh9rqdpbuMcNBCncXP4GYwBQHDAx1nQxjAo="},"indexInfo":{"baseKey":"BWisJ9Ee8bHa6ZF+xhkRAROnRCZXwE22YCQvwKRvqmNg","baseKeyType":1,"closed":-1,"used":1689292176608,"created":1689292176608,"remoteIdentityKey":"Bddjn/MYbAwpR6TATvtvVmIMdzPtS+RpbCgVzDZBQXlW"},"_chains":{"BVuxpmGxCi85rA03GZX+luvq0Wkyxvrw+K2izaQk4Zkt":{"chainKey":{"counter":0,"key":"IpYX73RmI7jVj6zn3f6QHkG9hxZpnnkOinhMYyLWdq0="},"chainType":1,"messageKeys":{}}},"pendingPreKey":{"signedKeyId":421158,"baseKey":"BWisJ9Ee8bHa6ZF+xhkRAROnRCZXwE22YCQvwKRvqmNg","preKeyId":3980}}},"version":"v1"}