{"_sessions":{"BdJne0jQlTbxSAjObR85vAtUILkOHVqYXwRvbZ75wEYD":{"registrationId":1211140023,"currentRatchet":{"ephemeralKeyPair":{"pubKey":"BVQ58FOSWpYHyE5TkFJpVfeOHqM7gc/yWddhB+wS5Flf","privKey":"0JBPpYf6ZrURjbmjDjFNKAGfpsx0Dn4HbUVuaXwZ3V4="},"lastRemoteEphemeralKey":"BZEanj/aKMb0YL76pNUU7UoVe3RvVgKLc+5xnQ1N1EgM","previousCounter":0,"rootKey":"Uh1uW2RcR3U5Rdaa4Fzjm+BNVTH8nP23W0mBg6UEkIg="},"indexInfo":{"baseKey":"BdJne0jQlTbxSAjObR85vAtUILkOHVqYXwRvbZ75wEYD","baseKeyType":1,"closed":-1,"used":1689292177517,"created":1689292177517,"remoteIdentityKey":"BVCMM/X3AHhbAAn8OdxZrGJ0/TNr3kmbPhYGglJ9xcZy"},"_chains":{"BVQ58FOSWpYHyE5TkFJpVfeOHqM7gc/yWddhB+wS5Flf":{"chainKey":{"counter":0,"key":"dUCWuCHITq0267o3q45UI5in+xNUM20Axkzif0mFi7k="},"chainType":1,"messageKeys":{}}},"pendingPreKey":{"signedKeyId":12,"baseKey":"BdJne0jQlTbxSAjObR85vAtUILkOHVqYXwRvbZ75wEYD","preKeyId":14962135}}},"version":"v1"}