{"_sessions":{"BXaDmq1x4qw6TeZe9mWfsqzqyAFU6B3heE89jnH+g5Bq":{"registrationId":1703802820,"currentRatchet":{"ephemeralKeyPair":{"pubKey":"BZHiwr1XAA1+rcYMrN9E1sy+oqNEbFHfwOsBHl5zj8cp","privKey":"uAiNq/Po/EKuaCHZn05WyZxiNAQIJqU22mxb3Zd0G3A="},"lastRemoteEphemeralKey":"BfOwBN0c2U9vq6bAnJkEQKQcMe2D83IaLU4egMEejv99","previousCounter":0,"rootKey":"sXDMXJVdowux+2hoHQgnUUts26uOVsF02Yqi4ceF5jg="},"indexInfo":{"baseKey":"BXaDmq1x4qw6TeZe9mWfsqzqyAFU6B3heE89jnH+g5Bq","baseKeyType":1,"closed":-1,"used":1689292177507,"created":1689292177507,"remoteIdentityKey":"BVzIKrJWDNgpjq2jM4j4aDpITaYodz0I06viKxSRUXcB"},"_chains":{"BZHiwr1XAA1+rcYMrN9E1sy+oqNEbFHfwOsBHl5zj8cp":{"chainKey":{"counter":2,"key":"IOEMhFs5ovIl8T1OleuOC9MAX/2SGAyswI64pIGXSSw="},"chainType":1,"messageKeys":{}}},"pendingPreKey":{"signedKeyId":0,"baseKey":"BXaDmq1x4qw6TeZe9mWfsqzqyAFU6B3heE89jnH+g5Bq"}}},"version":"v1"}