{"_sessions":{"BdaiqhQyvhR4gKf5PNxQawXSTOCUX2kJhTL7DdnXJvl8":{"registrationId":2030051689,"currentRatchet":{"ephemeralKeyPair":{"pubKey":"BYPbCv72lW2ETqTdj17UHF/dFOpDXExZOoqKCky2Y0cV","privKey":"SN/gmKBF5ysfT6P2tw41QjTQvEwlZftKBsWe1PuR8Fo="},"lastRemoteEphemeralKey":"BXqjXGgXHgVREJ5/s8VVjK7ZBdqhaxHgDEa2ntX0xuJ7","previousCounter":0,"rootKey":"NjmfrwsYbRtSWv4Wy2F/f5zYZjfc1Ormm44wSmZoMVs="},"indexInfo":{"baseKey":"BdaiqhQyvhR4gKf5PNxQawXSTOCUX2kJhTL7DdnXJvl8","baseKeyType":1,"closed":-1,"used":1689292177343,"created":1689292177343,"remoteIdentityKey":"Be85QrdC9OF7CBENQYNSwfsZam7+dK7g2EKRL6s7kHY4"},"_chains":{"BYPbCv72lW2ETqTdj17UHF/dFOpDXExZOoqKCky2Y0cV":{"chainKey":{"counter":0,"key":"lly5a+MWa8F7o3mcfTSUPX9qM+7rYfUiE/yaikM//i8="},"chainType":1,"messageKeys":{}}},"pendingPreKey":{"signedKeyId":1,"baseKey":"BdaiqhQyvhR4gKf5PNxQawXSTOCUX2kJhTL7DdnXJvl8","preKeyId":7779987}}},"version":"v1"}