{"_sessions":{"BcHDw+s1hspuNTlk91gi8UAHIeTmLvvo7GFD7/YHUytk":{"registrationId":1550377214,"currentRatchet":{"ephemeralKeyPair":{"pubKey":"BWCID27Jp1OEsiAg0Gwblni1e7PsExHzsma5R2nhbk8q","privKey":"4L65xLM8qpdW/dzhQ6U/lHeaRXE54flPVzGVXGpm62U="},"lastRemoteEphemeralKey":"BYZ1Hv1rtW+rDnDbMQQ+FLGuPuwPP81ZQxA51fnMWqFK","previousCounter":0,"rootKey":"fqnnadfpb87Fr4b1GqWhlSxEXrCYNrTXK7ZIAim/JDA="},"indexInfo":{"baseKey":"BcHDw+s1hspuNTlk91gi8UAHIeTmLvvo7GFD7/YHUytk","baseKeyType":1,"closed":-1,"used":1689308189522,"created":1689308189522,"remoteIdentityKey":"BZzPvoDsdPm+bosMs9uU3xk3VjjqfvgVwiXl5IoWeg9c"},"_chains":{"BWCID27Jp1OEsiAg0Gwblni1e7PsExHzsma5R2nhbk8q":{"chainKey":{"counter":2,"key":"ysRVFzN39Vz6414ixo6d2L3zQnAD6IIGyGynbxWOxn4="},"chainType":1,"messageKeys":{}}},"pendingPreKey":{"signedKeyId":5,"baseKey":"BcHDw+s1hspuNTlk91gi8UAHIeTmLvvo7GFD7/YHUytk"}}},"version":"v1"}