{"_sessions":{"BVSCKDj9oLC5rjWN4DM/wgklq/DQFTTuJd6ZeFyyzR9z":{"registrationId":955642635,"currentRatchet":{"ephemeralKeyPair":{"pubKey":"Bdp4VHZTGplrN12fbuYrhQnlT2OQlTzTeiYw7d50SL92","privKey":"+DN3eCRXupDWPfmYR5jBATq5l/nq/3/RY/DsDe5f3m4="},"lastRemoteEphemeralKey":"BVUl7j7YAVnWH6khUB+4NLBF1WzruprnUNEyTSIZF+I+","previousCounter":0,"rootKey":"2kEfS1t05BrBPfrS3GqQfQPmbfPiJj+KniDSF25g7N8="},"indexInfo":{"baseKey":"BVSCKDj9oLC5rjWN4DM/wgklq/DQFTTuJd6ZeFyyzR9z","baseKeyType":1,"closed":-1,"used":1689292176928,"created":1689292176928,"remoteIdentityKey":"BQnUgbp5Sq1LXJ2InXf7uVNa9roeVZzhI1hywEpMo/d/"},"_chains":{"Bdp4VHZTGplrN12fbuYrhQnlT2OQlTzTeiYw7d50SL92":{"chainKey":{"counter":2,"key":"iaTNMcwrz3pby2rs4QIxZSxk/m4MdE9ih/HXx//wfC4="},"chainType":1,"messageKeys":{}}},"pendingPreKey":{"signedKeyId":31,"baseKey":"BVSCKDj9oLC5rjWN4DM/wgklq/DQFTTuJd6ZeFyyzR9z"}}},"version":"v1"}