{"_sessions":{"BbnOPlQIG8M9CkO7pmQvnQvM0cJQtFVVPFMwk4gZ6+A/":{"registrationId":1843275390,"currentRatchet":{"ephemeralKeyPair":{"pubKey":"BSJ//T0T7DsWYBaNwSbSJNnoH8rSxWrH45ln2AA1b+tx","privKey":"cCN5OzVlvRmZjunldcQPlAmZAq4Lx/Ji/LgP7aaAn3A="},"lastRemoteEphemeralKey":"BUOeUbJROH8ewwjTWL2lUHnkWcRUN7hO2mMzZUQUBAgU","previousCounter":0,"rootKey":"fByT93lqZEykVttQ9rMy595GVyWyRnrjmJljbaPtK4g="},"indexInfo":{"baseKey":"BbnOPlQIG8M9CkO7pmQvnQvM0cJQtFVVPFMwk4gZ6+A/","baseKeyType":1,"closed":-1,"used":1689292176934,"created":1689292176934,"remoteIdentityKey":"BSSUhbQYE+u2pJolcD4X/OMqS9AMJ17Xsl7i2mlDa2Nj"},"_chains":{"BSJ//T0T7DsWYBaNwSbSJNnoH8rSxWrH45ln2AA1b+tx":{"chainKey":{"counter":2,"key":"ky9KRcMsJJSasgJnoZmadKjf0IdnifjBrcz9pJ919ec="},"chainType":1,"messageKeys":{}}},"pendingPreKey":{"signedKeyId":4,"baseKey":"BbnOPlQIG8M9CkO7pmQvnQvM0cJQtFVVPFMwk4gZ6+A/"}}},"version":"v1"}