{"_sessions":{"BZHz6uDRGzlX+L1E5rNhRbLI2JtWrxi9/EdHB0T7inR8":{"registrationId":1145718164,"currentRatchet":{"ephemeralKeyPair":{"pubKey":"BZdQcJorHYlwXc9FdTJeGmgeCKkCeSt+NbC3Kx9qjhMm","privKey":"CNVUPY6ph/u8f2FGHyMZFjTbaHJm8q2YGoB3hu2TJVA="},"lastRemoteEphemeralKey":"Bfr9kf8UnfO47NuWbUZHnP3jaV7Tio4Vi2BQdYSLW61K","previousCounter":0,"rootKey":"nsB/0pangZPj8TCFCoGwv/nMSsfGwX916aU1B7SFq3s="},"indexInfo":{"baseKey":"BZHz6uDRGzlX+L1E5rNhRbLI2JtWrxi9/EdHB0T7inR8","baseKeyType":1,"closed":-1,"used":1689294172498,"created":1689294172498,"remoteIdentityKey":"BcFaFwo7ct9fS9NMXzTMoRYMa7hOZZM/y46lavh7tBMx"},"_chains":{"BZdQcJorHYlwXc9FdTJeGmgeCKkCeSt+NbC3Kx9qjhMm":{"chainKey":{"counter":0,"key":"+5XIIkaljmf3EUs46wnJHK3YP63ePzf2T1WmEAHXQv8="},"chainType":1,"messageKeys":{}}},"pendingPreKey":{"signedKeyId":8077362,"baseKey":"BZHz6uDRGzlX+L1E5rNhRbLI2JtWrxi9/EdHB0T7inR8","preKeyId":400}}},"version":"v1"}