{"_sessions":{"BfcdW3ZVGyvoBTD1xF4XsQYCa7XRYYOz4orzQkC7kFRE":{"registrationId":2048659871,"currentRatchet":{"ephemeralKeyPair":{"pubKey":"BagAfywaIDJf2YmtGp/FBUp+kv6zlrl/YKNxnFgkNM0w","privKey":"mHqBW8IjygsvwPCk0JHsOEpFIkcNvlXFwyK+mTBQoHw="},"lastRemoteEphemeralKey":"BaokZItxntc0EZCY5rJCsaDpBta0gd6HhpFH1WZkQU0w","previousCounter":0,"rootKey":"gr9nT9ky0fm5JGcaSTpiewan9h0wcMfTeN8CRyVJWZA="},"indexInfo":{"baseKey":"BfcdW3ZVGyvoBTD1xF4XsQYCa7XRYYOz4orzQkC7kFRE","baseKeyType":1,"closed":-1,"used":1689292177412,"created":1689292177412,"remoteIdentityKey":"BYXmUczunoGmf9KMdX2C41yvf8EJAv7TnL9v4UcMG5pn"},"_chains":{"BagAfywaIDJf2YmtGp/FBUp+kv6zlrl/YKNxnFgkNM0w":{"chainKey":{"counter":0,"key":"W4VtuzIjga4OyTKh0rrZswzjuTbrQjvo7DjslbxdWYc="},"chainType":1,"messageKeys":{}}},"pendingPreKey":{"signedKeyId":2,"baseKey":"BfcdW3ZVGyvoBTD1xF4XsQYCa7XRYYOz4orzQkC7kFRE","preKeyId":6202111}}},"version":"v1"}