[
   {
      "id": "120363141489032617@g.us",
      "key": "kode bahasa",
      "response": "Afrikaans\taf\nAlbanian\tsq\nAmharic\tam\nArabic\tar\nArmenian\thy\nAssamese\tas\nAymara\tay\nAzerbaijani\taz\nBambara\tbm\nBasque\teu\nBelarusian\tbe\nBengali\tbn\nBhojpuri\tbho\nBosnian\tbs\nBulgarian\tbg\nCatalan\tca\nCebuano\tceb\nChinese (Simplified)\tzh-CN or zh (BCP-47)\nChinese (Traditional)\tzh-TW (BCP-47)\nCorsican\tco\nCroatian\thr\nCzech\tcs\nDanish\tda\nDhivehi\tdv\nDogri\tdoi\nDutch\tnl\nEnglish\ten\nEsperanto\teo\nEstonian\tet\nEwe\tee\nFilipino (Tagalog)\tfil\nFinnish\tfi\nFrench\tfr\nFrisian\tfy\nGalician\tgl\nGeorgian\tka\nGerman\tde\nGreek\tel\nGuarani\tgn\nGujarati\tgu\nHaitian Creole\tht\nHausa\tha\nHawaiian\thaw\nHebrew\the or iw\nHindi\thi\nHmong\thmn\nHungarian\thu\nIcelandic\tis\nIgbo\tig\nIlocano\tilo\nIndonesian\tid\nIrish\tga\nItalian\tit\nJapanese\tja\nJavanese\tjv or jw\nKannada\tkn\nKazakh\tkk\nKhmer\tkm\nKinyarwanda\trw\nKonkani\tgom\nKorean\tko\nKrio\tkri\nKurdish\tku\nKurdish (Sorani)\tckb\nKyrgyz\tky\nLao\tlo\nLatin\tla\nLatvian\tlv\nLingala\tln\nLithuanian\tlt\nLuganda\tlg\nLuxembourgish\tlb\nMacedonian\tmk\nMaithili\tmai\nMalagasy\tmg\nMalay\tms\nMalayalam\tml\nMaltese\tmt\nMaori\tmi\nMarathi\tmr\nMeiteilon (Manipuri)\tmni-Mtei\nMizo\tlus\nMongolian\tmn\nMyanmar (Burmese)\tmy\nNepali\tne\nNorwegian\tno\nNyanja (Chichewa)\tny\nOdia (Oriya)\tor\nOromo\tom\nPashto\tps\nPersian\tfa\nPolish\tpl\nPortuguese (Portugal, Brazil)\tpt\nPunjabi\tpa\nQuechua\tqu\nRomanian\tro\nRussian\tru\nSamoan\tsm\nSanskrit\tsa\nScots Gaelic\tgd\nSepedi\tnso\nSerbian\tsr\nSesotho\tst\nShona\tsn\nSindhi\tsd\nSinhala (Sinhalese)\tsi\nSlovak\tsk\nSlovenian\tsl\nSomali\tso\nSpanish\tes\nSundanese\tsu\nSwahili\tsw\nSwedish\tsv\nTagalog (Filipino)\ttl\nTajik\ttg\nTamil\tta\nTatar\ttt\nTelugu\tte\nThai\tth\nTigrinya\tti\nTsonga\tts\nTurkish\ttr\nTurkmen\ttk\nTwi (Akan)\tak\nUkrainian\tuk\nUrdu\tur\nUyghur\tug\nUzbek\tuz\nVietnamese\tvi\nWelsh\tcy\nXhosa\txh\nYiddish\tyi\nYoruba\tyo\nZulu\tzu",
      "isImage": false,
      "image_url": "-"
   },
   {
      "id": "120363046966001802@g.us",
      "key": "jpm",
      "response": "٬٬ 🎀 ۟ ׅ 𖠗 Ꮮꮖꮪꭲ ꭻꭺꮪꭺ ꮲꮜꮪꮋ ꮇꭼꮇᏼꭼꭱ ᏼꭹ Xìé2 Store 𖠵࣬𝅄݁݀.\n\n ๋֢ˑ🧸˖‌𓏔ׂׂ *gᥴ αᥣᥣ s𝗍᥆re*\n࣬🍩𝅄݁݀. 5 ოeო𝖻 : 700𝗽\n࣬🍩𝅄݁݀. 10 ოeო𝖻 : 1,6𝗸\n࣬🍩𝅄݁݀. 15 ოeო𝖻 : 2,1𝗸\n࣬🍩𝅄݁݀. 20 ოeო𝖻 : 2,9𝗸\n\n\n𖧗─┄⃟⚠️ 𝚰𝐍𝐅𝐎 𝐉𝐏𝐌 \n𖠵 › ᥆ṉ𝗹ү ġс ɑ𝗹𝗹 ϳɑ𝘀ɑ\n𖠵 › 𝗉𝗿᥆𝘀𝖾𝘀 1-2 ẖɑ𝗿𝗶/𝗹𝖾ᖯ𝗶ẖ\n𖠵 › ɑ𝗹𝗹 t𝗿х ṉ᥆ 𝗿𝖾𝗳𝗳!!\n𖠵 › 𝗹𝗶𝘀t ᥕɑϳ𝗶ᖯ 𝗺𝖾ṉɑ𝗿𝗶ḵ, ġɑ 𝗺𝖾ṉɑ𝗿𝗶ḵ? 𝘀ḵ𝗶𝗉 ɑϳɑ ɗ𝖾сẖ!!\n𖠵 › 𝗺ɑх 20 𝗺𝖾𝗺ᖯ\n𖠵 › ᥆𝗿ɗ𝖾𝗿 ᥕɑϳ𝗶ᖯ 𝘀ɑᖯɑ𝗿\n𖠵 › ġс 𝗺𝗶ṉ𝗶𝗺 70 𝗺𝖾𝗺ᖯ\n𖠵 › ṉġ𝖾𝗿ɑ𝘀ɑ ġɑṉϳɑ? 𝘀ẖɑ𝗿𝖾 𝘀𝖾ṉɗ𝗶𝗿𝗶!!",
      "isImage": false,
      "image_url": "-"
   },
   {
      "id": "120363046966001802@g.us",
      "key": "jasher",
      "response": "🧚🏻‍♀️˖་ 𖦆 Lіst Jɑsһе𝗋 By Χìе² Ѕtо𝗋е\n\n›𓂃🌽𖥧¡! Ѕһɑ𝗋е 50 𝗀𝗋𝗎p\n3x sһɑ𝗋е 130p\n5x sһɑ𝗋е 200p\n7x sһɑ𝗋е 250p\n\n›𓂃🌽𖥧¡! Ѕһɑ𝗋е kе 100 grup\n3x sһɑ𝗋е 200p\n5x sһɑ𝗋е 300p\n7x sһɑ𝗋е 350p\n8x sһɑ𝗋е 410p\n\n›𓂃🌽𖥧¡! Ѕһɑ𝗋е kе 150 𝗀𝗋𝗎p\n3x sһɑ𝗋е 270p\n5x sһɑ𝗋е 370p\n7x sһɑ𝗋е 480p\n8x sһɑ𝗋е 560p\n\n›𓂃🌽𖥧¡! Ѕһɑ𝗋е kе 200 𝗀𝗋𝗎p\n3x sһɑ𝗋е 370p\n5x sһɑ𝗋е 500p\n7x sһɑ𝗋е 580p\n8x sһɑ𝗋е 660p\n\n›𓂃🌽𖥧¡! Ѕһɑ𝗋е kе 230 𝗀𝗋𝗎p\n3x sһɑ𝗋е 450p\n5x sһɑ𝗋е 560p\n7x sһɑ𝗋е 680p\n8x sһɑ𝗋е 780p\n\n👹Nоtе!!\n⚡Dіsһɑ𝗋е kе Gc 𝖥t,Bеp𝗋оო,ⅾɑი Jb.\n⚡Μɑ𝗎 𝗋еq Gc?? Cоbɑ tიyɑ.\n⚡О𝗋ⅾе𝗋 ⍵ɑϳіb sɑbɑ𝗋!\n⚡Jеⅾɑ 3/4 ოიt.",
      "isImage": false,
      "image_url": "-"
   },
   {
      "id": "120363046966001802@g.us",
      "key": "nokos",
      "response": "𝐏𝗋𝗂𝖼𝖾ᥣ𝗂𝗌𝗍 αᥣᥣ 𐓣ⱺ𝗄ⱺ𝗌 ᑲ𝗒 𝐗ì𝖾²\n\n ❅ ˑ ִ ֗ 🍯𝐍ⱺ𝗄ωα 𝗏 𝗌ꭑ𝗌 𝗏𝖾𝗋υᥣ : 2.800\n ❅ ˑ ִ ֗ 🍯𝐍ⱺ𝗄ωα 𝗏 𝗌ꭑ𝗌 𐓣ⱺ 𝗏𝖾𝗋υᥣ : 2.600\n ❅ ˑ ִ ֗ 🍯𝐍ⱺ𝗄ωα 𝗏 𝗍𝖾ᥣρ 𝗏𝖾𝗋υᥣ : 1.500\n ❅ ˑ ִ ֗ 🍯𝐍ⱺ𝗄ωα 𝗏 𝗍𝖾ᥣρ 𐓣ⱺ 𝗏𝖾𝗋υᥣ : 1.200\n ❅ ˑ ִ ֗ 🍯𝐍ⱺ𝗄𝗍𝖾ᥣ : 1.750\n ❅ ˑ ִ ֗ 🍯𝐍ⱺ𝗄ⱺ𝗌 𝗀ⱺ𝗃𝖾𝗄 : 500ρ\n ❅ ˑ ִ ֗ 🍯𝐍ⱺ𝗄ⱺ𝗌 ᑯα𐓣α : 500ρ\n ❅ ˑ ִ ֗ 🍯𝐍ⱺ𝗄ⱺ𝗌 ⱺ𝗏ⱺ : 450ρ\n ❅ ˑ ִ ֗ 🍯𝐍ⱺ𝗄ⱺ𝗌 𝗌ɦⱺρ𝖾𝖾 : 500ρ\n ❅ ˑ ִ ֗ 🍯𝐍ⱺ𝗄ⱺ𝗌 𝗀ꭑα𝗂ᥣ : 550ρ\n ❅ ˑ ִ ֗ 🍯𝐍ⱺ𝗄ⱺ𝗌 αρ𝗄 ᥣα𝗂𐓣 : 400ρ-500ρ\n\n𝐀𝗍𝗍𝖾𐓣𝗍𝗂ⱺ𐓣 :\n- ⱺ𝗋ᑯ𝖾𝗋 ωα𝗃𝗂ᑲ 𝗌αᑲα𝗋\n- αᥣᥣ 𝗍𝗋𝗑 𐓣ⱺ 𝗋𝖾𝖿𝖿\n- 𝗏𝖾𝗋υᥣ 400ρ\n- ꭑα𝗌υ𝗄 𝗄𝖾 α𝗄υ𐓣𐓣𝗒α υ𝗌αɦα𝗄α𐓣 𝗌𝗌\n- 𝗌𝖾𝗍𝖾ᥣαɦ ᑯⱺ𐓣𝖾 𝗌𝗌, 𝗌α𝗒α 𝗀αᑯα 𝗍α𐓣𝗀𝗀υ𐓣𝗀 𝗃αωαᑲ ᥣ𝗀 𝗌ꭑ 𐓣ⱺ𝗄ⱺ𝗌𐓣𝗒α",
      "isImage": false,
      "image_url": "-"
   },
   {
      "id": "120363046966001802@g.us",
      "key": "jaspin",
      "response": "› ִ🌾۫ ◍⃘ִ ׄ Jɑspіი By Χìе² Ѕtо𝗋е\n\n𓈒🦚୭1k-5k : fее (50p)\n𓈒🦚୭6k-10k : fее (100p)\n𓈒🦚୭11k-20k : fее (150p)\n𓈒🦚୭21k-30k : fее (300p)\n𓈒🦚୭31k-40k : fее (400p)\n𓈒🦚୭41k-50k : fее (700p)\n\n🌸 ʾ ִ ⃘◌NОTΕ :\nɑII t𝗋еx იо 𝗋еff!\nIеbіһ ⅾɑ𝗋і іt𝗎? bіsɑ\n𝗀ɑიϳɑ?? Jɑspіი ⅾі Iɑіი ɑϳ!",
      "isImage": false,
      "image_url": "-"
   },
   {
      "id": "120363046966001802@g.us",
      "key": "kebsos",
      "response": "•*´¨*•.¸¸.•*´¨*•.¸¸.•*´¨`*•.¸¸.•*\n 𝐊𝖾ᑲυ𝗍 𝚰𐓣𝗌𝗍 𝐁𝗒 𝐗ì𝖾² 𝐒𝗍ⱺ𝗋𝖾 \n└⊰✫⊱─⊰✫⊱─⊰✫⊱┘\n🌸 ʾ ִ ⃘◌𝐅ⱺᥣᥣⱺω𝖾𝗋 𝗂𝗀 𐓣ⱺ𐓣 𝗋𝖾𝖿𝗂ᥣᥣ\n100 𝖿ⱺᥣᥣ : 200ρ\n200 𝖿ⱺᥣᥣ : 400ρ\n300 𝖿ⱺᥣᥣ : 600ρ\n400 𝖿ⱺᥣᥣ : 800ρ\n500 𝖿ⱺᥣᥣ : 1𝗄\n1000 𝖿ⱺᥣᥣ : 2𝗄\n[ ᑲ𝗂𝗌α 𝗄𝖾ᥣ𝗂ρα𝗍α𐓣,𐓣ⱺ𐓣 𝗋𝖾𝖿𝗂ᥣᥣ ]\n└⊰✫⊱─⊰✫⊱─⊰✫⊱┘\n🌸 ʾ ִ ⃘◌𝐅ⱺᥣᥣⱺω𝖾𝗋 𝚰𝗀 𝐑𝖾𝖿𝗂ᥣᥣ (30)\n100 𝖿ⱺᥣᥣ : 400ρ\n200 𝖿ⱺᥣᥣ : 800ρ\n300 𝖿ⱺᥣᥣ : 1,2𝗄\n400 𝖿ⱺᥣᥣ : 1,6𝗄\n500 𝖿ⱺᥣᥣ : 2𝗄\n1000 𝖿ⱺᥣᥣ : 4𝗄\n[ ᑲ𝗂𝗌α 𝗄𝖾ᥣ𝗂ρα𝗍α𐓣, 𝐑𝖾𝖿𝗂ᥣᥣ ]\n└⊰✫⊱─⊰✫⊱─⊰✫⊱┘\n🌸 ʾ ִ ⃘◌𝐋𝗂𝗄𝖾 𝗂𝗀 (𐓣ⱺ ᑯ𝗋ⱺρ)\n100 ᥣ𝗂𝗄𝖾 : 170ρ\n200 ᥣ𝗂𝗄𝖾 : 340ρ\n300 ᥣ𝗂𝗄𝖾 : 510ρ\n400 ᥣ𝗂𝗄𝖾 : 680ρ\n500 ᥣ𝗂𝗄𝖾 : 850ρ\n1000 ᥣ𝗂𝗄𝖾 : 1.5k\n[ ᑲ𝗂𝗌α 𝗄𝖾ᥣ𝗂ρα𝗍α𐓣,ꭑα𝗑 3𝗄 ᥣ𝗂𝗄𝖾 ]\n└⊰✫⊱─⊰✫⊱─⊰✫⊱┘\n🌸 ʾ ִ ⃘◌𝐕𝗂𝖾ω 𝚰𝗀 𝐕𝗂ᑯ𝖾ⱺ \n100 𝗏𝗂𝖾ω : 130ρ\n200 𝗏𝗂𝖾ω : 260ρ\n300 𝗏𝗂𝖾ω : 390ρ\n400 𝗏𝗂𝖾ω : 520ρ\n500 𝗏𝗂𝖾ω : 650ρ\n1000 𝗏𝗂𝖾ω : 1.2k\n\n🤡𝐍ⱺ𝗍𝖾\n\n~𝐖α𝗃𝗂ᑲ 𝗌αᑲα𝗋\n~𝐏𝗋ⱺ𝗌𝖾𝗌 ᑲ𝗂𝗌α 𝖿α𝗌𝗍 ,α𐓣ᑯ ᑲ𝗂𝗌α 𝗌ᥣⱺω\n~𝐍ⱺ 𝗀α𐓣𝗍𝗂 υ𝗌𐓣 / ρ𝗋і𝗏ɑ𝗍 ɑ𝗄𝗎𐓣 𝗌αα𝗍 ρ𝗋о𝗌е𝗌\n~𝐔𐓣𝗍υ𝗄 𝖿ⱺᥣᥣ α𐓣ᑯ ᥣ𝗂𝗄𝖾 𝗋ⱺ𐓣ᑯⱺꭑ𝖾 𝗒α",
      "isImage": false,
      "image_url": "-"
   },
   {
      "id": "120363161674102777@g.us",
      "key": ".pay",
      "response": "‎‎‎‎‎‎‎‎‎‎ ‎‎‎‎‎‎‎‎‎‎‎‎‎ ‎‎‎‎‎‎‎‎‎‎‎ ‎‎ ‎‎‎‎‎‎‎ *𝘀𝗰𝗮ׄ𝗻 𝗽𝗮ׄ𝘆𝗺𝗲𝗻𝘁͠ 𝗯𝘆 𝘃͢𝗿𝗶͜͡𝗲*\n‎‎‎‎‎‎‎ ‎‎‎‎‎‎‎‎‎‎‎ ‎‎‎‎‎‎‎‎‎‎‎ ‎‎‎‎‎‎‎‎ ‎✎﹏﹏﹏﹏﹏﹏﹏﹏﹏﹏﹏﹏\n\n‎‎‎‎‎‎‎ ‎‎‎‎‎‎‎‎‎‎‎‎‎‎‎‎ ‎‎‎‎‎ ‎‎‎‎‎‎‎‎‎‎ ‎‎‎‎‎‎‎‎‎‎ 𝘁𝝰𝗽 𝗹𝗶𝗻𝗸 𝘁𝗼 𝘁𝗿𝝰𝗻𝘀𝗳𝗲𝗿\n˖𖥔 ࣪ ‌◡‌࣪࣪◡‌  ࣪˖𖥔 ࣪ ‌◡‌࣪࣪◡‌  ࣪˖𖥔 ࣪ ‌◡‌࣪࣪◡‌  ࣪˖𖥔 ࣪\n☁ ۪۪ ˖⃗ ‣ *𝗱࣭֟፝֯𝝰⃪𝗻⃯֟𝝰 +𝟭𝟬𝟬 :*\n*https://wa.me/p/6015365118561389/62857836207965*\n۫ ִֶָ ᮫ ׂ ۪ ִֶָ ׁ ּ ֗ ִ ۫ ִֶָ ִ ۪ ࣪ ִֶָ ִ ۫ ᮫ ׂ ۪ ִֶָ ׁ ּ ֗ ִ ۫\n☁ ۪۪ ˖⃗ ‣ *𝗴ׁ͜𝗼̷𝗽⃕𝝰⃪𝘆 :*\n*𝗼𝗻 𝗽𝗿𝗼𝗰𝗲𝘀𝘀*\n۫ ִֶָ ᮫ ׂ ۪ ִֶָ ׁ ּ ֗ ִ ۫ ִֶָ ִ ۪ ࣪ ִֶָ ִ ۫ ᮫ ׂ ۪ ִֶָ ׁ ּ ֗ ִ ۫\n☁ ۪۪ ˖⃗ ‣ *𝝞𝗶𝗻⃯֟𝕜 𝗱࣭֟፝֯𝝰⃪𝗻⃯֟𝝰 +𝟭𝟬𝟬* : \n*https://link.dana.id/qr/3lq8p67x*\n۫ ִֶָ ᮫ ׂ ۪ ִֶָ ׁ ּ ֗ ִ ۫ ִֶָ ִ ۪ ࣪ ִֶָ ִ ۫ ᮫ ׂ ۪ ִֶָ ׁ ּ ֗ ִ ۫\n☁ ۪۪ ˖⃗ ‣ *𝗾𝗿᳞𝗶𝘀̸̈ +𝟭𝟬𝟬* :\n*https://wa.me/p/23945224738410344/62857836207965*\n۫ ִֶָ ᮫ ׂ ۪ ִֶָ ׁ ּ ֗ ִ ۫ ִֶָ ִ ۪ ࣪ ִֶָ ִ ۫ ᮫ ׂ ۪ ִֶָ ׁ ּ ֗ ִ ۫\n\n˖་ ⚠️ ࣪ ɑtt𝖾ṉt𝗶᥆ṉ\n❕ ࣪˒ ›› 𝗍ƒ 𝗊rіs *+𝟭𝟬𝟬*\n❕ ࣪˒ ›› ⍺𝗹𝗹 𝗍rх ηо reƒƒ\n❕ ࣪˒ ›› ժоη'𝗍 ᴄо𝗉у ოу 𝗹іs𝗍\n❕ ࣪˒ ›› ց⍺ժ⍺ 𝖻𝞄𝗸𝗉eო ց⍺𝖻⍺𝗸⍺𝗹 ժі𝗉rоses",
      "isImage": false,
      "image_url": "-"
   },
   {
      "id": "120363161674102777@g.us",
      "key": ".listmlc",
      "response": "*MLBB PAKET C*\n\n86 💎 Rp19.000\n172 💎 Rp37.600\n257 💎 Rp56.500\n344 💎 Rp75.000\n429 💎 Rp93.600\n514 💎 Rp112.750\n600 💎 Rp131.350\n706 💎 Rp150.000\n878 💎 Rp187.460\n963 💎 Rp206.300\n1050 💎 Rp224.900\n1220 💎 Rp262.600\n1412 💎 Rp299.900\n1669 💎 Rp356.400\n1926 💎 Rp412.400\n2195 💎 Rp450.660\n2539 💎 Rp525.405\n2901 💎 Rp600.630\n3073 💎 Rp637.870\n3688 💎 Rp751.640\n4032 💎 Rp826.300\n4394 💎 Rp901.780\n5100 💎 Rp1.051.610\n5532 💎 Rp1.127.960\n6238 💎 Rp1.278.000\n7727 💎 Rp1.579.000\n9288 💎 Rp1.876.000",
      "isImage": false,
      "image_url": "-"
   },
   {
      "id": "120363161674102777@g.us",
      "key": ".listmla",
      "response": "*MLBB PAKET A*\n86 💎 : Rp18.880\n172 💎 : Rp37.460\n257 💎 : Rp56.340\n344 💎 : Rp74.930\n429 💎 : Rp93.810\n514 💎 : Rp112.690\n600 💎 : Rp131.570\n706 💎 : Rp150.450\n792 💎 : Rp169.330\n878 💎 : Rp187.915\n963 💎 : Rp206.795\n1050 💎 : Rp225.380\n1220 💎 : Rp263.140\n1412 💎 : Rp300.900\n2195 💎 : Rp451.940\n2901 💎 : Rp602.390\n3073 💎 : Rp639.860\n3688 💎 : Rp754.020\n4394 💎 : Rp904.470\n5532 💎 : Rp1.131.620\n7727 💎 : Rp1.583.560\n9288 💎 : Rp1.882.100\n\n*WEEKLY PASS : Rp24.550*",
      "isImage": false,
      "image_url": "-"
   },
   {
      "id": "120363143230734951@g.us",
      "key": ".listff",
      "response": "*FREE FIRE VIA ID*\n5 💎 : Rp770\n10 💎 : Rp1.550\n20 💎 : Rp3.090\n50 💎 : Rp6.190\n70 💎 : Rp8.515\n100 💎 : Rp12.385\n140 💎 : Rp17.030\n210 💎 : Rp25.540\n280 💎 : Rp34.050\n355 💎 : Rp42.570\n425 💎 : Rp51.070\n500 💎 : Rp60.300\n720 💎 : Rp85.100\n1000 💎 : Rp119.100\n1050 💎 : Rp125.300\n1075 💎 : Rp127.700\n1440 💎 : Rp170.200\n1795 💎 : Rp212.800\n2000 💎 : Rp238.300\n2180 💎 : Rp258.500\n7290 💎 : Rp851.300\n\n💌 Member mingguan : Rp25.700\n💌 Member Bulanan : Rp77.300\n💌 Level Up : Rp12.800",
      "isImage": false,
      "image_url": "-"
   },
   {
      "id": "120363161674102777@g.us",
      "key": ".listff",
      "response": "*FREE FIRE VIA ID*\n5 💎 : Rp770\n10 💎 : Rp1.550\n20 💎 : Rp3.090\n50 💎 : Rp6.190\n70 💎 : Rp8.515\n100 💎 : Rp12.385\n140 💎 : Rp17.000\n210 💎 : Rp25.540\n280 💎 : Rp34.050\n355 💎 : Rp42.570\n425 💎 : Rp51.070\n500 💎 : Rp60.300\n720 💎 : Rp85.100\n1000 💎 : Rp119.100\n1050 💎 : Rp125.300\n1075 💎 : Rp127.700\n1440 💎 : Rp170.200\n1795 💎 : Rp212.800\n2000 💎 : Rp238.300\n2180 💎 : Rp258.500\n7290 💎 : Rp851.300\n\n💌 Member mingguan : Rp25.700\n💌 Member Bulanan : Rp77.000\n💌 Level Up : Rp12.800",
      "isImage": false,
      "image_url": "-"
   }
]