[
   {
      "id": "120363044862059695@g.us",
      "text": "*“=⌕ Selamat Datang*\n\n ⁞ֱ⃟ٞ🍒ֱؓٞ  Silakan Baca Desk Grup. \n ⁞ֱ⃟ٞ🍒ֱؓٞ  Dimohon untuk mengikuti aturan yang ada. \n\n*𖤝-𖤝-𖤝-𖤝-𖤝-𖤝-𖤝-𖤝-𖤝-𖤝-𖤝-𖤝-𖤝-𖤝-𖤝-𖤝-𖤝*"
   },
   {
      "id": "120363141489032617@g.us",
      "text": "hai"
   },
   {
      "id": "120363038861225398@g.us",
      "text": "୨୧ . . .⭒ ۫ 🗯️🎀💒 ≼ 𝝰ִ𝗹𝗹𝗼̸ׄ𝗼 𝘄ׄ͟𝝴𝗹ִ𝗰̸, 𝗹𝝴ִ𝘁'𝘀 ᦢׄ𝗿𝗱ִ𝝴𝗿 𝝰𝘁̸ ׄ𝗽ִ𝝴𝗯ׄ𝘆'𝘀 ִ𝘀ִ𝘁ׄᦅ𝗿ִ͠𝝴 !! ≽ \n𖦹݂ 𝆬 ˒˒ 🍥🍴 *𝗻ׄ𝝴ִ𝝴𝗱 𝗯ׄ𝘂𝘆ִ𝝴𝗿ׄ 𝗻ִ𝗼̸ 𝗺ׄ𝝴ִ𝗺/𝗸ׄ𝝰ִ𝗻𝗴 ׄ𝗻𝘆ׄ𝗶𝗺ִ𝝰𝗸 𝘆𝝴ׄ𝝰𝗵ִ𝗵* ॱׅ 𝅄ֺ 🚨‼️꒰ᐢ • ˕ • ᐢ꒱ ⌕ ⋆ ࣪ ."
   },
   {
      "id": "120363142745550429@g.us",
      "text": "Haii @user jangan buta desk yaa, biar ga kuhangusin sewamu!!! Wkwk"
   },
   {
      "id": "6281292503642-1632106098@g.us",
      "text": "𝓗ello @user, 𝓦elcome to @group mohon untuk membaca desc dan TnC\nㅤㅤㅤㅤㅤ 𝘁𝗲𝗿𝗺𝘀 𝗮𝗻𝗱 𝗰𝗼𝗻𝗱𝗶𝘁𝗶𝗼𝗻𝘀 !\n\n⊱ 🏩 ⊹ ֹ ꒰ 𝘁𝗲𝗿𝗺𝘀 𝗼𝗻𝗲 ⵓ please join https://chat.whatsapp.com/EdLCUxEKTe3Lvmmtyvs4gt store before ordering ! \n\n⊱ 🗯 ⊹ ֹ ꒰ 𝘁𝗲𝗿𝗺𝘀 𝘁𝘄𝗼 ⵓ don't get the format wrong, sending a format it means you're fixing to order.\n\n⊱ 🏩 ⊹ ֹ ꒰ 𝘁𝗲𝗿𝗺𝘀 𝘁𝗵𝗿𝗲𝗲 ⵓ to avoid the fraud we declares that payment is made at the beginning.\n\n⊱ 🗯 ⊹ ֹ ꒰ 𝗰𝗼𝗻𝗱𝗶𝘁𝗶𝗼𝗻 𝗼𝗻𝗲 ⵓ the shop is only open at certain hours. the shop is open every 07.00-22.00\n\n⊱ 🏩 ⊹ ֹ ꒰ 𝗰𝗼𝗻𝗱𝗶𝘁𝗶𝗼𝗻 𝘁𝘄𝗼 ⵓ please be patient, we'll process all the incoming orders immediately.\n\n⊱ 🗯 ⊹ ֹ ꒰ 𝗰𝗼𝗻𝗱𝗶𝘁𝗶𝗼𝗻 𝘁𝗵𝗿𝗲𝗲 ⵓ ꪱf the order hasn't been completed at 2x24 hours, free refund to us."
   },
   {
      "id": "120363043716421709@g.us",
      "text": "/\\__/\\.\n (=•ㅅ•=)\n (つ💗⊂)ҩࣲ🙋🏻‍♀️۪‌𝇅໋݈𝇅 Hα𝘆𝘆ꪱᧉᧉᧉ @user\nWᧉ𝗹𝗰𝝾𝗺ᧉ 𝘁𝝾 𝘃⃕𝗿̷𝗶͜𝗲 𝗦𝘁︪︩︩𝗼̶֟፝𝗿𝗲˟ 🧸\n♡: ₊ ˚ 🎀 Bᧉ𝗳𝝾𝗿ᧉ 𝝾𝗿𝗱ᧉ𝗿 𝗽𝗹ᧉα𝘀ᧉ 𝗿ᧉα𝗱 𝘁𝗵ᧉ 𝗱ᧉ𝘀𝗰𝗿ꪱ𝗽𝘁ꪱ𝝾𝗻❕\n𖥔 ۫ ، ˖˙ 𖥦。▢̸̷᮫۪𖥔 ۫ ، ˖˙ 𖥦。▢̸̷᮫۪𖥔 ۫ ، ˖˙ 𖥦𖥔 ۫\nʚ🧖🏻‍♀️‌ ۫˖⭒O𝘄𝗻 α𝗻𝗱 α𝗱𝗺ꪱ𝗻 𝘃𝗿ꪱᧉ🫰🏻\nᯬᰮᰮ🪀᪶▸ wa.me/6285783620796 *( 𝗏𝗋𝗂𝖾 )*\nᯬᰮᰮ🪀᪶▸ wa.me/6285837121400 *( 𐓣𝗂𝗃υ𐓣𝗀 )*\n▭ ׂ֢ ▬ ۪݊ ▭ ׂ֢ ▬ ۪݊ ▭ ׂ֢ ▬ ۪݊ ▭ ׂ֢ ▬ ۪݊ ▭ ׂ֢ ▬ ۪݊ ▭\n*⑅𝆭 𝆺𝅥ꤦꤦֹ⚠️̷ׅ ํɞ N𝝾𝘁ᧉ 𝗳𝝾𝗿 𝘆𝝾𝘂*\n- N𝝾 𝗰𝝾𝗽𝘆 𝗹ꪱ𝘀𝘁 α𝗽α𝗽𝘂𝗻 𝘆α𝗻𝗴 α𝗱α 𝗱ꪱ 𝗴𝗰\n- Pα𝘆𝗺ᧉ𝗻𝘁 α𝗱𝗺ꪱ𝗻 𝗯ᧉ𝗱α 𝗯ᧉ𝗱α\n- N𝝾 𝗰𝘂𝗹ꪱ𝗸 𝗯𝘂𝘆𝘆ᧉ𝗿\n- A𝗹𝗹 𝘁𝗿𝘅 𝗻𝝾 𝗿ᧉ𝗳𝗳"
   },
   {
      "id": "120363041608621221@g.us",
      "text": "*ઇઉ  𝅄 ˚  ⊱ 🫧 W𝝴ׁ︪︩𝝞𝝞𝗰𝗼̷𝗺𝝴ׁ︪︩ 𝗻⃯֟𝝴ׁ︪︩𝘄︩︪⃛ 𝗺𝝴ׁ︪︩𝗺𝗯࣭֟፝֯𝝴ׁ︪︩𝗿᳞ 𝘁𝗼̷ @group*\n*⌯ ۫┄─̷┄ׁ ▹ ִ┄۫─̷┄ ִ⌯ ۫┄─̷┄ׁ ▹ ִ┄۫─̷┄ ִ⌯ ۫┄─̷┄ׁ ▹*\n*𝅄 ۫ ׅ  𓈒𝆬  🧬 ֹ ׅ ୨ 𝗼̷𝘄︩︪⃛𝗻⃯֟𝝴ׁ︪︩𝗿᳞ ⵓ wa.me/6287864798977*\n*⌯ ۫┄─̷┄ׁ ▹ ִ┄۫─̷┄ ִ⌯ ۫┄─̷┄ׁ ▹ ִ┄۫─̷┄ ִ⌯ ۫┄─̷┄ׁ ▹*\n*𝅄 ۫ ׅ  𓈒𝆬  🍬 ֹ ׅ ୨ jan lupa cek deskripsi grup*\n*⌯ ۫┄─̷┄ׁ ▹ ִ┄۫─̷┄ ִ⌯ ۫┄─̷┄ׁ ▹ ִ┄۫─̷┄ ִ⌯ ۫┄─̷┄ׁ ▹*\n*𝅄 ۫ ׅ  𓈒𝆬  🪁 ֹ ׅ ୨ 𝗪𝗲 𝗣𝗿𝗼𝘃𝗶𝗱𝗲:*\nαᥣᥣ 𐓣ⱺ𝗄ⱺ𝗌, ρυᥣ𝗌α, 𝗄υⱺ𝗍α, 𝗍ⱺρ υρ αᥣᥣ 𝗀αꭑ𝖾, αᥣᥣ ρᥣρ, 𝖾ᑯ𝗂𝗍 ρᥣρ, 𝖼ɦ𝗂ρ ᑯⱺꭑ𝗂𐓣ⱺ, 𝗃α𝗌α ɦ𝗂𝗍υ𐓣𝗀 ρⱺ𝗂𐓣𝗍 𝗍ᑲᥣ𝖾, 𝗃α𝗌ρ𝗂𐓣, 𝖼𝗏, αᥣᥣ 𝗄𝖾ᑲ𝗌ⱺ𝗌, 𝗃ρꭑ, αᥣᥣ 𝗍υ𝗍ⱺ𝗋 ᑯᥣᥣ\n*⌯ ۫┄─̷┄ׁ ▹ ִ┄۫─̷┄ ִ⌯ ۫┄─̷┄ׁ ▹ ִ┄۫─̷┄ ִ⌯ ۫┄─̷┄ׁ ▹*\n*ʚ 🎡 ˳˚𝅄 𝕬tׅtׅꫀׄnׅtׅι๋ᦒ๋ׅnׅ*\n𝖓𝖔 𝖈𝖔𝖕𝖞 𝖆𝖕𝖆𝖕𝖚𝖓 𝖞𝖆𝖓𝖌 𝖆𝖉𝖆 𝖉𝖎 𝖌𝖈 𝖎𝖓𝖎, 𝖓𝖔 𝖈𝖚𝖑𝖎𝖐 𝖇𝖚𝖞𝖞𝖊𝖗, 𝖑𝖆𝖓𝖌𝖆𝖗? 𝖉𝖊𝖓𝖉𝖆‼️ *𝕬𝖑𝖑 𝖙𝖗𝖝 𝖓𝖔 𝖗𝖊𝖋𝖋.*"
   },
   {
      "id": "120363151063020949@g.us",
      "text": "݂ ᘏ  ⑅  ᘏ ഒ ֢ ׁ ก ✦\n ૮꒰๑ • ༝ • ꒱ა ⋆ *𝗛α𝘆𝘆𝗶𝝴𝝴 @user 𝘄𝝴𝗹𝗰ⱺ𝗺𝝴𝝴 𝘁𝗼 𝗡α𝗻α𝗱 𝗦𝘁ⱺ𝗿𝝴 , 𝗷α𝗻𝗴α𝗻 𝗹𝘂𝗽αα 𝗷α𝗷α𝗻 𝘆αα𝘄𝘄 💭🎀*\n*𖠌࣪ ˖࣪ · . ࣪ 𖠌࣪ ˖ ࣪ · . 𖠌࣪ ˖࣪ · ࣭ ࣪ 𖠌࣪*\n◌⃘ ׄ 🎡𝅒 ִ *𝗪α𝗻𝘁 𝘁ⱺ 𝗼𝗿𝗱𝝴𝗿?*\n⤿ ۫ ࣭💥ִ ۫ *𝗖ⱺ𝗻𝘁α𝗰𝘁 𝗢𝘄𝗻𝝴𝗿¹* : wa.me/628988522767 *𝗡α𝗻α𝗱𝗱* .\n⤿ ۫ ࣭💥ִ ۫ *𝗖ⱺ𝗻𝘁α𝗰𝘁 𝗢𝘄𝗻𝝴𝗿²* : wa.me/6285643348009 *𝗖𝗶𝗯𝝴𝗹𝗹*\n *𝗢𝘄𝗻 𝗵α𝗻𝘆αα 𝟮 ! 𝘀𝝴𝗹α𝗶𝗻 𝗶𝘁𝘂? 𝗯ⱺ𝘁 !!*\n*𖠌࣪ ˖࣪ · . ࣪ 𖠌࣪ ˖ ࣪ · . 𖠌࣪ ˖࣪ · ࣭ ࣪ 𖠌࣪*\n₊˚ 🎀⌯ *𝗟𝗶𝘁𝘁𝗹𝗲 𝗡𝗼𝘁𝗲 𝗳𝗼𝗿 𝗨 :*\n*𝗢𝗿𝗱𝝴𝗿 𝗹α𝗻𝗴𝘀𝘂𝗻𝗴 𝘁𝘂𝗱𝝴𝗽 𝘆𝗴 𝗱𝗶𝗯𝘂𝘁𝘂𝗵𝗶𝗻 α𝗽α - ⱺ𝗿𝗱𝝴𝗿? 𝘀α𝗯α𝗿𝗿 𝗸α𝗿𝗻α 𝗼𝘄𝗻 𝗷𝗴 𝗽𝗻𝘆 𝗸𝝴𝘀𝗶𝗯𝘂𝗸α𝗻𝗻 !! - 𝗻𝗼 𝘀𝗽𝗮𝗺 𝘁𝝴𝗹𝗽/𝗰𝗵α𝘁 𝗽𝘀𝘁𝗶 𝗱𝗶𝗯𝗹𝘀𝘀 𝗰𝗵𝘁𝗻𝘆α 𝗸𝗼𝗸 - 𝗔𝗹𝗹 𝘁𝗿𝘅 𝗡𝗼 𝗿𝝴𝗳𝗳𝘂𝗻𝗱 𝘆 - 𝗷α𝗻𝗹𝘂𝗽 ⱺ𝗿𝗱𝝴𝗿𝗿 𝘆𝗮𝗮𝘄 - 𝗶𝗻𝗶 𝗴𝗰 𝗻𝝴𝝴𝗱 𝗕𝘂𝘆𝘆𝝴𝗿 𝗻𝗼𝘁 𝗠𝝴𝗺𝗯𝝴𝗿 ! - 𝗯𝝴𝘁α𝗵² 𝘆αα 𝗯𝘂𝘆𝝴𝗿𝗿.*"
   }
]