[
   {
      "id": "120363141489032617@g.us",
      "text": "hai"
   },
   {
      "id": "120363038861225398@g.us",
      "text": "ઇ۪ ݊ ᮫ 🔔̸̷֢ ּ ๋ 𝘆ׄ𐓟ִ𝗵𝗵̸ 𝗯ׄ𝝴ִ𝗯𝝰ׄ͟𝗻 𝗴𝗿ִ͠𝘂𝗯ׄ 𝗯ִ𝝴𝗿𝗸ׄ𝘂𝗿ִ𐓟𝗻ׄ𝗴 (˃̣̣̣̣̣̣︿˂̣̣̣̣̣̣ )"
   },
   {
      "id": "6281292503642-1632106098@g.us",
      "text": "𝙎𝙚𝙩𝙞𝙖𝙥 𝙥𝙚𝙧𝙩𝙚𝙢𝙪𝙖𝙣 𝙥𝙖𝙨𝙩𝙞 𝙖𝙙𝙖 𝙥𝙚𝙧𝙥𝙞𝙨𝙖𝙝𝙖𝙣. . \n𝙎𝙚𝙚 𝙮𝙤𝙪 𝙣𝙚𝙭𝙩 𝙩𝙞𝙢𝙚 @user -! \n🎀"
   },
   {
      "id": "120363142745550429@g.us",
      "text": "Keluar? Berarti hangus sewamu, no reff no drama!!!"
   },
   {
      "id": "120363043716421709@g.us",
      "text": "Ҩ֗🪷໋჻ Sᧉ𝗹α𝗺α𝘁 𝘁ꪱ𝗻𝗴𝗴α𝗹 @user 👋🏻\nSᧉ𝘁ꪱα𝗽 𝗽ᧉ𝗿𝘁ᧉ𝗺𝘂α𝗻 𝗽α𝘀𝘁ꪱ α𝗸α𝗻 α𝗱α 𝗽ᧉ𝗿𝗽ꪱ𝘀α𝗵α𝗻 ֶָ֢ ‌݁🫂‌݈ʾʾ․\nT𝗵α𝗻𝗸𝘀 𝘁ᧉ𝗹α𝗵 𝗷𝝾ꪱ𝗻, 𝘀ᧉᧉ 𝘂🫰🏻💗‌݈ʾʾ․"
   }
]